Номер счёта;Тип операции (пополнение/списание);Категория операции;Статус;Дата проведения;Дата транзакции;Номер платежа;Код ВО;Валюта операции;Сумма в валюте счёта;Валюта счёта;Описание операции;Назначение платежа;Счет плательщика;ИНН плательщика;КПП плательщика;Наименование плательщика;БИК банка плательщика;Корр. счет плательщика;Счет получателя;Договор получателя;ИНН получателя;КПП получателя;Наименование получателя;БИК банка получателя;Корр. счет получателя;Счет контрагента;ИНН контрагента;Наименование контрагента;БИК банка контрагента;MCC;Банк;КБК-код бюджетной классификации;Основание налогового платежа;Налоговый период;Код (УИН)
40802810999900000001;Кредит;Входящие платежи;Транзакция;01.08.2024;01.08.2024;100828;01;643;125000;643;Стартовая оплата по договору DEMO-START;Аванс покупателя по договору DEMO-START. НДС не облагается.;40702810999910000001;9901000001;990101001;ООО АЛЬФА-ДЕМО;044500901;30101810999990000901;40802810999900000001;DEMO-START;990000000001;0;ИП ДЕМОНОВ АЛЕКСЕЙ ТЕСТОВИЧ;044500999;30101810999990000999;40702810999910000001;9901000001;ООО АЛЬФА-ДЕМО;044500901;;АО ДЕМО БАНК;;;;
40802810999900000001;Дебет;Исходящие платежи;Транзакция;02.08.2024;02.08.2024;100023;01;643;85000;643;Аренда помещения за 08.2024;Арендная плата по договору RENT-DEMO-001 за 08.2024.;40802810999900000001;990000000001;0;ИП ДЕМОНОВ АЛЕКСЕЙ ТЕСТОВИЧ;044500999;30101810999990000999;40702810999930000003;RENT-DEMO-001;9903000003;990301003;ООО БИЗНЕС-ЦЕНТР ДЕМО;044500923;30101810999990000923;40702810999930000003;9903000003;ООО БИЗНЕС-ЦЕНТР ДЕМО;044500923;;АО ДЕМО БАНК;;;;
40802810999900000001;Кредит;Входящие платежи;Транзакция;03.08.2024;03.08.2024;100031;01;643;400000;643;Взнос собственника на развитие бизнеса;Внесение собственных средств предпринимателя. НДС не облагается.;40817810999900000002;990000000001;0;ДЕМОНОВ АЛЕКСЕЙ ТЕСТОВИЧ;044500998;30101810999990000998;40802810999900000001;OWNER-DEMO;990000000001;0;ИП ДЕМОНОВ АЛЕКСЕЙ ТЕСТОВИЧ;044500999;30101810999990000999;40817810999900000002;990000000001;ДЕМОНОВ АЛЕКСЕЙ ТЕСТОВИЧ;044500998;;АО ДЕМО БАНК;;;;
40802810999900000001;Кредит;Входящие платежи;Транзакция;05.08.2024;04.08.2024;100006;17;643;46400,36;643;Зачисление выручки ИНТЕРНЕТ-ЭКВАЙРИНГ по реестру 202408001;Перевод средств по реестру операций 202408001. Канал: ИНТЕРНЕТ-ЭКВАЙРИНГ. НДС не облагается.;30232810999900000001;9900000030;990001003;АО ДЕМО ЭКВАЙРИНГ;044500996;30101810999990000996;40802810999900000001;DEMO-ACQ-001;990000000001;0;ИП ДЕМОНОВ АЛЕКСЕЙ ТЕСТОВИЧ;044500999;30101810999990000999;30232810999900000001;9900000030;АО ДЕМО ЭКВАЙРИНГ;044500996;;АО ДЕМО ЭКВАЙРИНГ;;;;
40802810999900000001;Кредит;Входящие платежи;Транзакция;05.08.2024;05.08.2024;100003;01;643;76685,75;643;Оплата от покупателя по счету DEMO-202408-003;Оплата товаров по счету DEMO-202408-003. НДС не облагается.;40702810999910000004;9901000004;990101004;ООО ДЕЛЬТА-ШОП;044500904;30101810999990000904;40802810999900000001;Договор DEMO-0004;990000000001;0;ИП ДЕМОНОВ АЛЕКСЕЙ ТЕСТОВИЧ;044500999;30101810999990000999;40702810999910000004;9901000004;ООО ДЕЛЬТА-ШОП;044500904;;АО ДЕМО БАНК;;;;
40802810999900000001;Дебет;Исходящие платежи;Транзакция;07.08.2024;07.08.2024;100025;01;643;12230;643;Подписка на программное обеспечение;Лицензии и облачные сервисы за 08.2024.;40802810999900000001;990000000001;0;ИП ДЕМОНОВ АЛЕКСЕЙ ТЕСТОВИЧ;044500999;30101810999990000999;40702810999930000005;SOFT-DEMO-001;9903000005;990301005;ООО СОФТ ДЕМО;044500925;30101810999990000925;40702810999930000005;9903000005;ООО СОФТ ДЕМО;044500925;;АО ДЕМО БАНК;;;;
40802810999900000001;Кредит;Входящие платежи;Транзакция;08.08.2024;08.08.2024;100001;01;643;90255,25;643;Оплата от покупателя по счету DEMO-202408-001;Оплата товаров по счету DEMO-202408-001. НДС не облагается.;40702810999910000002;9901000003;990101002;ООО БЕТА-ТЕСТ;044500902;30101810999990000902;40802810999900000001;Договор DEMO-0002;990000000001;0;ИП ДЕМОНОВ АЛЕКСЕЙ ТЕСТОВИЧ;044500999;30101810999990000999;40702810999910000002;9901000003;ООО БЕТА-ТЕСТ;044500902;;АО ДЕМО БАНК;;;;
40802810999900000001;Дебет;Исходящие платежи;Транзакция;08.08.2024;08.08.2024;100019;01;643;22452;643;Маркетинг и реклама за 08.2024;"Рекламная кампания MEDIA-202408; продвижение и аналитика.";40802810999900000001;990000000001;0;ИП ДЕМОНОВ АЛЕКСЕЙ ТЕСТОВИЧ;044500999;30101810999990000999;40702810999930000002;DEMO-MEDIA-001;9903000002;990301002;ООО МЕДИА ТЕСТ;044500922;30101810999990000922;40702810999930000002;9903000002;ООО МЕДИА ТЕСТ;044500922;;АО ДЕМО БАНК;;;;
40802810999900000001;Дебет;Исходящие платежи;Транзакция;11.08.2024;11.08.2024;100014;01;643;133119,26;643;Оплата поставщику за партию сырья 2024-08-1;Оплата материалов и производства по счету SUP-202408-1. В том числе НДС 20%.;40802810999900000001;990000000001;0;ИП ДЕМОНОВ АЛЕКСЕЙ ТЕСТОВИЧ;044500999;30101810999990000999;40702810999920000002;DEMO-SUPPLY-001;9902000001;990201001;ООО ДЕМО СЫРЬЁ;044500911;30101810999990000912;40702810999920000002;9902000001;ООО ДЕМО СЫРЬЁ;044500911;;АО ДЕМО БАНК;;;;
40802810999900000001;Дебет;Исходящие платежи;Транзакция;11.08.2024;11.08.2024;100017;01;643;18608;643;Разработка продукта и тестовые образцы за 08.2024;Изготовление прототипов и тестовой партии по этапу DEV-202408.;40802810999900000001;990000000001;0;ИП ДЕМОНОВ АЛЕКСЕЙ ТЕСТОВИЧ;044500999;30101810999990000999;40702810999920000003;DEMO-RND-001;9902000003;990201003;ООО МАКЕТ-ЛАБ;044500913;30101810999990000913;40702810999920000003;9902000003;ООО МАКЕТ-ЛАБ;044500913;;АО ДЕМО БАНК;;;;
40802810999900000001;Кредит;Входящие платежи;Транзакция;12.08.2024;10.08.2024;100008;17;643;24019,3;643;Зачисление выручки СБП по реестру 202408003;Перевод средств по реестру операций 202408003. Канал: СБП. НДС не облагается.;30232810999900000001;9900000030;990001003;АО ДЕМО ЭКВАЙРИНГ;044500996;30101810999990000996;40802810999900000001;DEMO-ACQ-001;990000000001;0;ИП ДЕМОНОВ АЛЕКСЕЙ ТЕСТОВИЧ;044500999;30101810999990000999;30232810999900000001;9900000030;АО ДЕМО ЭКВАЙРИНГ;044500996;;АО ДЕМО ЭКВАЙРИНГ;;;;
40802810999900000001;Дебет;Оплата картой;Транзакция;14.08.2024;14.08.2024;;17;643;4288,97;643;Канцелярские и хозяйственные товары;Оплата по корпоративной карте: офисные и хозяйственные расходы.;40802810999900000001;990000000001;0;ИП ДЕМОНОВ АЛЕКСЕЙ ТЕСТОВИЧ;044500999;30101810999990000999;40702810999930000006;;9903000006;990301006;ООО ОФИС ДЕМО;044500926;30101810999990000926;40702810999930000006;9903000006;ООО ОФИС ДЕМО;044500926;5943;АО ДЕМО БАНК;;;;
40802810999900000001;Дебет;Исходящие платежи;Транзакция;14.08.2024;14.08.2024;100018;01;643;18158;643;Логистика и доставка заказов за 08.2024;Транспортные услуги по реестру LOG-202408.;40802810999900000001;990000000001;0;ИП ДЕМОНОВ АЛЕКСЕЙ ТЕСТОВИЧ;044500999;30101810999990000999;40702810999930000001;DEMO-LOG-001;9903000001;990301001;ООО ДЕМО ЛОГИСТИКА;044500921;30101810999990000921;40702810999930000001;9903000001;ООО ДЕМО ЛОГИСТИКА;044500921;;АО ДЕМО БАНК;;;;
40802810999900000001;Кредит;Входящие платежи;Транзакция;16.08.2024;16.08.2024;100012;17;643;49290,33;643;Зачисление выручки ИНТЕРНЕТ-ЭКВАЙРИНГ по реестру 202408007;Перевод средств по реестру операций 202408007. Канал: ИНТЕРНЕТ-ЭКВАЙРИНГ. НДС не облагается.;30232810999900000001;9900000030;990001003;АО ДЕМО ЭКВАЙРИНГ;044500996;30101810999990000996;40802810999900000001;DEMO-ACQ-001;990000000001;0;ИП ДЕМОНОВ АЛЕКСЕЙ ТЕСТОВИЧ;044500999;30101810999990000999;30232810999900000001;9900000030;АО ДЕМО ЭКВАЙРИНГ;044500996;;АО ДЕМО ЭКВАЙРИНГ;;;;
40802810999900000001;Дебет;Исходящие платежи;Транзакция;16.08.2024;16.08.2024;100024;01;643;21013;643;Коммунальные расходы за 08.2024;Электроэнергия, связь и коммунальные услуги за 08.2024.;40802810999900000001;990000000001;0;ИП ДЕМОНОВ АЛЕКСЕЙ ТЕСТОВИЧ;044500999;30101810999990000999;40702810999930000005;UTIL-DEMO-001;9903000004;990301004;ООО ОБЛАКО ДЕМО;044500924;30101810999990000925;40702810999930000005;9903000004;ООО ОБЛАКО ДЕМО;044500924;;АО ДЕМО БАНК;;;;
40802810999900000001;Дебет;Исходящие платежи;Транзакция;17.08.2024;17.08.2024;100015;01;643;93466,72;643;Оплата поставщику за партию сырья 2024-08-2;Оплата материалов и производства по счету SUP-202408-2. В том числе НДС 20%.;40802810999900000001;990000000001;0;ИП ДЕМОНОВ АЛЕКСЕЙ ТЕСТОВИЧ;044500999;30101810999990000999;40702810999920000002;DEMO-SUPPLY-001;9902000002;990201002;ООО ТЕСТ ПРОИЗВОДСТВО;044500912;30101810999990000912;40702810999920000002;9902000002;ООО ТЕСТ ПРОИЗВОДСТВО;044500912;;АО ДЕМО БАНК;;;;
40802810999900000001;Дебет;Переводы между счетами;Транзакция;17.08.2024;17.08.2024;100032;01;643;45551;643;Внутренний перевод между собственными счетами;Перевод между собственными счетами. Не является доходом или расходом.;40802810999900000001;990000000001;0;ИП ДЕМОНОВ АЛЕКСЕЙ ТЕСТОВИЧ;044500999;30101810999990000999;40817810999900000002;INTERNAL-DEMO;990000000001;0;ДЕМОНОВ АЛЕКСЕЙ ТЕСТОВИЧ;044500998;30101810999990000998;40817810999900000002;990000000001;ДЕМОНОВ АЛЕКСЕЙ ТЕСТОВИЧ;044500998;;АО ДЕМО БАНК;;;;
40802810999900000001;Дебет;Оплата картой;Транзакция;19.08.2024;;;17;643;2775,02;643;Оплата корпоративной подписки DEMO CLOUD;Оплата по корпоративной карте: облачное программное обеспечение.;40802810999900000001;990000000001;0;ИП ДЕМОНОВ АЛЕКСЕЙ ТЕСТОВИЧ;044500999;30101810999990000999;40702810999930000005;;9903000005;990301005;ООО СОФТ ДЕМО;044500925;30101810999990000925;40702810999930000005;9903000005;ООО СОФТ ДЕМО;044500925;5734;АО ДЕМО БАНК;;;;
40802810999900000001;Кредит;Входящие платежи;Транзакция;19.08.2024;17.08.2024;100005;01;643;85015,11;643;Оплата от покупателя по счету DEMO-202408-005;Оплата товаров по счету DEMO-202408-005. НДС не облагается.;40702810999910000002;9901000003;990101002;ООО БЕТА-ТЕСТ;044500902;30101810999990000902;40802810999900000001;Договор DEMO-0002;990000000001;0;ИП ДЕМОНОВ АЛЕКСЕЙ ТЕСТОВИЧ;044500999;30101810999990000999;40702810999910000002;9901000003;ООО БЕТА-ТЕСТ;044500902;;АО ДЕМО БАНК;;;;
40802810999900000001;Кредит;Входящие платежи;Транзакция;19.08.2024;19.08.2024;100011;17;643;35095,68;643;Зачисление выручки СБП по реестру 202408006;Перевод средств по реестру операций 202408006. Канал: СБП. НДС не облагается.;30232810999900000001;9900000030;990001003;АО ДЕМО ЭКВАЙРИНГ;044500996;30101810999990000996;40802810999900000001;DEMO-ACQ-001;990000000001;0;ИП ДЕМОНОВ АЛЕКСЕЙ ТЕСТОВИЧ;044500999;30101810999990000999;30232810999900000001;9900000030;АО ДЕМО ЭКВАЙРИНГ;044500996;;АО ДЕМО ЭКВАЙРИНГ;;;;
40802810999900000001;Дебет;Исходящие платежи;Транзакция;19.08.2024;19.08.2024;100020;01;643;60263;643;Вознаграждение подрядчику за 08.2024;Оплата услуг подрядчика по акту HR-202408-1. НДС не облагается.;40802810999900000001;990000000001;0;ИП ДЕМОНОВ АЛЕКСЕЙ ТЕСТОВИЧ;044500999;30101810999990000999;40817810999940000001;DEMO-HR-001;990400000001;0;САМОЗАНЯТЫЙ ДЕМО СПЕЦИАЛИСТ 01;044500931;30101810999990000931;40817810999940000001;990400000001;САМОЗАНЯТЫЙ ДЕМО СПЕЦИАЛИСТ 01;044500931;;АО ДЕМО БАНК;;;;
40802810999900000001;Кредит;Входящие платежи;Транзакция;20.08.2024;;100013;17;643;42083,01;643;Зачисление выручки ИНТЕРНЕТ-ЭКВАЙРИНГ по реестру 202408008;Перевод средств по реестру операций 202408008. Канал: ИНТЕРНЕТ-ЭКВАЙРИНГ. НДС не облагается.;30232810999900000001;9900000030;990001003;АО ДЕМО ЭКВАЙРИНГ;044500996;30101810999990000996;40802810999900000001;DEMO-ACQ-001;990000000001;0;ИП ДЕМОНОВ АЛЕКСЕЙ ТЕСТОВИЧ;044500999;30101810999990000999;30232810999900000001;9900000030;АО ДЕМО ЭКВАЙРИНГ;044500996;;АО ДЕМО ЭКВАЙРИНГ;;;;
40802810999900000001;Кредит;Входящие платежи;Транзакция;20.08.2024;20.08.2024;100010;17;643;35847,86;643;Зачисление выручки ИНТЕРНЕТ-ЭКВАЙРИНГ по реестру 202408005;Перевод средств по реестру операций 202408005. Канал: ИНТЕРНЕТ-ЭКВАЙРИНГ. НДС не облагается.;30232810999900000001;9900000030;990001003;АО ДЕМО ЭКВАЙРИНГ;044500996;30101810999990000996;40802810999900000001;DEMO-ACQ-001;990000000001;0;ИП ДЕМОНОВ АЛЕКСЕЙ ТЕСТОВИЧ;044500999;30101810999990000999;30232810999900000001;9900000030;АО ДЕМО ЭКВАЙРИНГ;044500996;;АО ДЕМО ЭКВАЙРИНГ;;;;
40802810999900000001;Дебет;Исходящие платежи;Транзакция;20.08.2024;20.08.2024;100021;01;643;56868;643;Вознаграждение подрядчику за 08.2024;Оплата услуг подрядчика по акту HR-202408-2. НДС не облагается.;40802810999900000001;990000000001;0;ИП ДЕМОНОВ АЛЕКСЕЙ ТЕСТОВИЧ;044500999;30101810999990000999;40817810999940000002;DEMO-HR-002;990400000002;0;САМОЗАНЯТЫЙ ДЕМО СПЕЦИАЛИСТ 02;044500932;30101810999990000932;40817810999940000002;990400000002;САМОЗАНЯТЫЙ ДЕМО СПЕЦИАЛИСТ 02;044500932;;АО ДЕМО БАНК;;;;
40802810999900000001;Дебет;Услуги банка;Транзакция;20.08.2024;20.08.2024;100026;17;643;490;643;Плата за обслуживание счета;Плата за обслуживание расчетного счета за 08.2024. Договор DEMO-BANK-001.;40802810999900000001;990000000001;0;ИП ДЕМОНОВ АЛЕКСЕЙ ТЕСТОВИЧ;044500999;30101810999990000999;47423810999900000001;DEMO-BANK-001;9900000002;990001001;АО ДЕМО БАНК;044500999;30101810999990000999;47423810999900000001;9900000002;АО ДЕМО БАНК;044500999;;АО ДЕМО БАНК;;;;
40802810999900000001;Дебет;Услуги банка;Транзакция;20.08.2024;20.08.2024;100027;17;643;199;643;Плата за услугу оповещения об операциях;Плата за уведомления и SMS-банк за 08.2024.;40802810999900000001;990000000001;0;ИП ДЕМОНОВ АЛЕКСЕЙ ТЕСТОВИЧ;044500999;30101810999990000999;47423810999900000001;DEMO-BANK-001;9900000002;990001001;АО ДЕМО БАНК;044500999;30101810999990000999;47423810999900000001;9900000002;АО ДЕМО БАНК;044500999;;АО ДЕМО БАНК;;;;
40802810999900000001;Кредит;Входящие платежи;Транзакция;21.08.2024;21.08.2024;100004;01;643;87307,1;643;Оплата от покупателя по счету DEMO-202408-004;Оплата товаров по счету DEMO-202408-004. НДС не облагается.;40702810999910000001;9901000001;990101001;ООО АЛЬФА-ДЕМО;044500901;30101810999990000901;40802810999900000001;Договор DEMO-0001;990000000001;0;ИП ДЕМОНОВ АЛЕКСЕЙ ТЕСТОВИЧ;044500999;30101810999990000999;40702810999910000001;9901000001;ООО АЛЬФА-ДЕМО;044500901;;АО ДЕМО БАНК;;;;
40802810999900000001;Дебет;Исходящие платежи;Транзакция;21.08.2024;21.08.2024;100022;01;643;72537;643;Вознаграждение подрядчику за 08.2024;Оплата услуг подрядчика по акту HR-202408-3. НДС не облагается.;40802810999900000001;990000000001;0;ИП ДЕМОНОВ АЛЕКСЕЙ ТЕСТОВИЧ;044500999;30101810999990000999;40802810999940000003;DEMO-HR-003;990400000003;0;ИП ТЕСТОВА МАРИЯ ДЕМО;044500933;30101810999990000933;40802810999940000003;990400000003;ИП ТЕСТОВА МАРИЯ ДЕМО;044500933;;АО ДЕМО БАНК;;;;
40802810999900000001;Кредит;Входящие платежи;Транзакция;23.08.2024;23.08.2024;100007;17;643;38306,25;643;Зачисление выручки ИНТЕРНЕТ-ЭКВАЙРИНГ по реестру 202408002;Перевод средств по реестру операций 202408002. Канал: ИНТЕРНЕТ-ЭКВАЙРИНГ. НДС не облагается.;30232810999900000001;9900000030;990001003;АО ДЕМО ЭКВАЙРИНГ;044500996;30101810999990000996;40802810999900000001;DEMO-ACQ-001;990000000001;0;ИП ДЕМОНОВ АЛЕКСЕЙ ТЕСТОВИЧ;044500999;30101810999990000999;30232810999900000001;9900000030;АО ДЕМО ЭКВАЙРИНГ;044500996;;АО ДЕМО ЭКВАЙРИНГ;;;;
40802810999900000001;Дебет;Исходящие платежи;Транзакция;23.08.2024;23.08.2024;100016;01;643;56646,49;643;Оплата поставщику за партию сырья 2024-08-3;Оплата материалов и производства по счету SUP-202408-3. В том числе НДС 20%.;40802810999900000001;990000000001;0;ИП ДЕМОНОВ АЛЕКСЕЙ ТЕСТОВИЧ;044500999;30101810999990000999;40702810999920000002;DEMO-SUPPLY-001;9902000001;990201001;ООО ДЕМО СЫРЬЁ;044500911;30101810999990000912;40702810999920000002;9902000001;ООО ДЕМО СЫРЬЁ;044500911;;АО ДЕМО БАНК;;;;
40802810999900000001;Дебет;Платежи в налоговую;Транзакция;25.08.2024;25.08.2024;100029;01;643;45231,04;643;ЕНП. Налог по УСН;Единый налоговый платеж. УСН 6%. Период 08.2024.;40802810999900000001;990000000001;0;ИП ДЕМОНОВ АЛЕКСЕЙ ТЕСТОВИЧ;044500999;30101810999990000999;03100643999900000001;;9900000010;990001001;КАЗНАЧЕЙСТВО ДЕМО (ФНС ДЕМО);017000999;40102810999990000999;03100643999900000001;9900000010;КАЗНАЧЕЙСТВО ДЕМО (ФНС ДЕМО);017000999;;КАЗНАЧЕЙСТВО ДЕМО;18210501011011000110;ТП;МС.08.2024;0
40802810999900000001;Кредит;Входящие платежи;Транзакция;26.08.2024;25.08.2024;100002;01;643;86630,32;643;Оплата от покупателя по счету DEMO-202408-002;Оплата товаров по счету DEMO-202408-002. НДС не облагается.;40702810999910000004;9901000003;990101003;ООО ГАММА-МАРКЕТ;044500903;30101810999990000903;40802810999900000001;Договор DEMO-0003;990000000001;0;ИП ДЕМОНОВ АЛЕКСЕЙ ТЕСТОВИЧ;044500999;30101810999990000999;40702810999910000004;9901000003;ООО ГАММА-МАРКЕТ;044500903;;АО ДЕМО БАНК;;;;
40802810999900000001;Кредит;Входящие платежи;Транзакция;27.08.2024;27.08.2024;100009;17;643;56914,43;643;Зачисление выручки ИНТЕРНЕТ-ЭКВАЙРИНГ по реестру 202408004;Перевод средств по реестру операций 202408004. Канал: ИНТЕРНЕТ-ЭКВАЙРИНГ. НДС не облагается.;30232810999900000001;9900000030;990001003;АО ДЕМО ЭКВАЙРИНГ;044500996;30101810999990000996;40802810999900000001;DEMO-ACQ-001;990000000001;0;ИП ДЕМОНОВ АЛЕКСЕЙ ТЕСТОВИЧ;044500999;30101810999990000999;30232810999900000001;9900000030;АО ДЕМО ЭКВАЙРИНГ;044500996;;АО ДЕМО ЭКВАЙРИНГ;;;;
40802810999900000001;Дебет;Услуги банка;Транзакция;27.08.2024;27.08.2024;100028;17;643;6816,69;643;Комиссия за интернет-эквайринг и СБП;Комиссия за обработку платежей по реестрам 08.2024.;40802810999900000001;990000000001;0;ИП ДЕМОНОВ АЛЕКСЕЙ ТЕСТОВИЧ;044500999;30101810999990000999;30232810999900000001;DEMO-ACQ-001;9900000030;990001003;АО ДЕМО ЭКВАЙРИНГ;044500996;30101810999990000996;30232810999900000001;9900000030;АО ДЕМО ЭКВАЙРИНГ;044500996;;АО ДЕМО ЭКВАЙРИНГ;;;;
40802810999900000001;Кредит;Входящие платежи;Транзакция;28.08.2024;28.08.2024;100030;17;643;500,52;643;Проценты на остаток и бизнес-кэшбэк;Начисление процентов и кэшбэка за 08.2024.;47423810999900000001;9900000002;990001001;АО ДЕМО БАНК;044500999;30101810999990000999;40802810999900000001;DEMO-BANK-001;990000000001;0;ИП ДЕМОНОВ АЛЕКСЕЙ ТЕСТОВИЧ;044500999;30101810999990000999;47423810999900000001;9900000002;АО ДЕМО БАНК;044500999;;АО ДЕМО БАНК;;;;
40802810999900000001;Дебет;Исходящие платежи;Транзакция;02.09.2024;02.09.2024;100054;01;643;85000;643;Аренда помещения за 09.2024;Арендная плата по договору RENT-DEMO-001 за 09.2024.;40802810999900000001;990000000001;0;ИП ДЕМОНОВ АЛЕКСЕЙ ТЕСТОВИЧ;044500999;30101810999990000999;40702810999930000003;RENT-DEMO-001;9903000003;990301003;ООО БИЗНЕС-ЦЕНТР ДЕМО;044500923;30101810999990000923;40702810999930000003;9903000003;ООО БИЗНЕС-ЦЕНТР ДЕМО;044500923;;АО ДЕМО БАНК;;;;
40802810999900000001;Кредит;Входящие платежи;Транзакция;03.09.2024;03.09.2024;100034;01;643;112346,35;643;Оплата от покупателя по счету DEMO-202409-002;Оплата товаров по счету DEMO-202409-002. НДС не облагается.;40702810999910000004;9901000004;990101004;ООО ДЕЛЬТА-ШОП;044500904;30101810999990000904;40802810999900000001;Договор DEMO-0004;990000000001;0;ИП ДЕМОНОВ АЛЕКСЕЙ ТЕСТОВИЧ;044500999;30101810999990000999;40702810999910000004;9901000004;ООО ДЕЛЬТА-ШОП;044500904;;АО ДЕМО БАНК;;;;
40802810999900000001;Кредит;Входящие платежи;Транзакция;03.09.2024;03.09.2024;100064;01;643;250000;643;Взнос собственника на развитие бизнеса;Внесение собственных средств предпринимателя. НДС не облагается.;40817810999900000002;990000000001;0;ДЕМОНОВ АЛЕКСЕЙ ТЕСТОВИЧ;044500998;30101810999990000998;40802810999900000001;OWNER-DEMO;990000000001;0;ИП ДЕМОНОВ АЛЕКСЕЙ ТЕСТОВИЧ;044500999;30101810999990000999;40817810999900000002;990000000001;ДЕМОНОВ АЛЕКСЕЙ ТЕСТОВИЧ;044500998;;АО ДЕМО БАНК;;;;
40802810999900000001;Кредит;Входящие платежи;Транзакция;04.09.2024;04.09.2024;100036;01;643;106489,54;643;Оплата от покупателя по счету DEMO-202409-004;Оплата товаров по счету DEMO-202409-004. НДС не облагается.;40702810999910000002;9901000003;990101002;ООО БЕТА-ТЕСТ;044500902;30101810999990000902;40802810999900000001;Договор DEMO-0002;990000000001;0;ИП ДЕМОНОВ АЛЕКСЕЙ ТЕСТОВИЧ;044500999;30101810999990000999;40702810999910000002;9901000003;ООО БЕТА-ТЕСТ;044500902;;АО ДЕМО БАНК;;;;
40802810999900000001;Кредит;Входящие платежи;Транзакция;04.09.2024;04.09.2024;100040;17;643;44353,54;643;Зачисление выручки ИНТЕРНЕТ-ЭКВАЙРИНГ по реестру 202409004;Перевод средств по реестру операций 202409004. Канал: ИНТЕРНЕТ-ЭКВАЙРИНГ. НДС не облагается.;30232810999900000001;9900000030;990001003;АО ДЕМО ЭКВАЙРИНГ;044500996;30101810999990000996;40802810999900000001;DEMO-ACQ-001;990000000001;0;ИП ДЕМОНОВ АЛЕКСЕЙ ТЕСТОВИЧ;044500999;30101810999990000999;30232810999900000001;9900000030;АО ДЕМО ЭКВАЙРИНГ;044500996;;АО ДЕМО ЭКВАЙРИНГ;;;;
40802810999900000001;Кредит;Кредитование;Транзакция;06.09.2024;06.09.2024;100065;35;643;1500000;643;Получение инвестиционного кредита;Выдача кредита по договору LOAN-DEMO-001.;45207810999900000001;9900000020;990001002;АО ДЕМО КРЕДИТ;044500997;30101810999990000997;40802810999900000001;LOAN-DEMO-001;990000000001;0;ИП ДЕМОНОВ АЛЕКСЕЙ ТЕСТОВИЧ;044500999;30101810999990000999;45207810999900000001;9900000020;АО ДЕМО КРЕДИТ;044500997;;АО ДЕМО КРЕДИТ;;;;
40802810999900000001;Дебет;Исходящие платежи;Транзакция;07.09.2024;07.09.2024;100056;01;643;8475;643;Подписка на программное обеспечение;Лицензии и облачные сервисы за 09.2024.;40802810999900000001;990000000001;0;ИП ДЕМОНОВ АЛЕКСЕЙ ТЕСТОВИЧ;044500999;30101810999990000999;40702810999930000005;SOFT-DEMO-001;9903000005;990301005;ООО СОФТ ДЕМО;044500925;30101810999990000925;40702810999930000005;9903000005;ООО СОФТ ДЕМО;044500925;;АО ДЕМО БАНК;;;;
40802810999900000001;Дебет;Исходящие платежи;Транзакция;08.09.2024;08.09.2024;100050;01;643;32057,37;643;Маркетинг и реклама за 09.2024;"Рекламная кампания MEDIA-202409; продвижение и аналитика.";40802810999900000001;990000000001;0;ИП ДЕМОНОВ АЛЕКСЕЙ ТЕСТОВИЧ;044500999;30101810999990000999;40702810999930000002;DEMO-MEDIA-001;9903000002;990301002;ООО МЕДИА ТЕСТ;044500922;30101810999990000922;40702810999930000002;9903000002;ООО МЕДИА ТЕСТ;044500922;;АО ДЕМО БАНК;;;;
40802810999900000001;Дебет;Оплата картой;Транзакция;11.09.2024;11.09.2024;;17;643;3639,31;643;Оплата корпоративной подписки DEMO CLOUD;Оплата по корпоративной карте: облачное программное обеспечение.;40802810999900000001;990000000001;0;ИП ДЕМОНОВ АЛЕКСЕЙ ТЕСТОВИЧ;044500999;30101810999990000999;40702810999930000005;;9903000005;990301005;ООО СОФТ ДЕМО;044500925;30101810999990000925;40702810999930000005;9903000005;ООО СОФТ ДЕМО;044500925;5734;АО ДЕМО БАНК;;;;
40802810999900000001;Дебет;Исходящие платежи;Транзакция;11.09.2024;11.09.2024;100045;01;643;158383,97;643;Оплата поставщику за партию сырья 2024-09-1;Оплата материалов и производства по счету SUP-202409-1. В том числе НДС 20%.;40802810999900000001;990000000001;0;ИП ДЕМОНОВ АЛЕКСЕЙ ТЕСТОВИЧ;044500999;30101810999990000999;40702810999920000002;DEMO-SUPPLY-001;9902000001;990201001;ООО ДЕМО СЫРЬЁ;044500911;30101810999990000912;40702810999920000002;9902000001;ООО ДЕМО СЫРЬЁ;044500911;;АО ДЕМО БАНК;;;;
40802810999900000001;Дебет;Исходящие платежи;Транзакция;11.09.2024;11.09.2024;100048;01;643;74144;643;Разработка продукта и тестовые образцы за 09.2024;Изготовление прототипов и тестовой партии по этапу DEV-202409.;40802810999900000001;990000000001;0;ИП ДЕМОНОВ АЛЕКСЕЙ ТЕСТОВИЧ;044500999;30101810999990000999;40702810999920000003;DEMO-RND-001;9902000003;990201003;ООО МАКЕТ-ЛАБ;044500913;30101810999990000913;40702810999920000003;9902000003;ООО МАКЕТ-ЛАБ;044500913;;АО ДЕМО БАНК;;;;
40802810999900000001;Кредит;Входящие платежи;Транзакция;13.09.2024;13.09.2024;100037;17;643;35129,07;643;Зачисление выручки ИНТЕРНЕТ-ЭКВАЙРИНГ по реестру 202409001;Перевод средств по реестру операций 202409001. Канал: ИНТЕРНЕТ-ЭКВАЙРИНГ. НДС не облагается.;30232810999900000001;9900000030;990001003;АО ДЕМО ЭКВАЙРИНГ;044500996;30101810999990000996;40802810999900000001;DEMO-ACQ-001;990000000001;0;ИП ДЕМОНОВ АЛЕКСЕЙ ТЕСТОВИЧ;044500999;30101810999990000999;30232810999900000001;9900000030;АО ДЕМО ЭКВАЙРИНГ;044500996;;АО ДЕМО ЭКВАЙРИНГ;;;;
40802810999900000001;Дебет;Исходящие платежи;Транзакция;14.09.2024;14.09.2024;100049;01;643;13021;643;Логистика и доставка заказов за 09.2024;Транспортные услуги по реестру LOG-202409.;40802810999900000001;990000000001;0;ИП ДЕМОНОВ АЛЕКСЕЙ ТЕСТОВИЧ;044500999;30101810999990000999;40702810999930000001;DEMO-LOG-001;9903000001;990301001;ООО ДЕМО ЛОГИСТИКА;044500921;30101810999990000921;40702810999930000001;9903000001;ООО ДЕМО ЛОГИСТИКА;044500921;;АО ДЕМО БАНК;;;;
40802810999900000001;Кредит;Входящие платежи;Транзакция;16.09.2024;15.09.2024;100039;17;643;44847,48;643;Зачисление выручки СБП по реестру 202409003;Перевод средств по реестру операций 202409003. Канал: СБП. НДС не облагается.;30232810999900000001;9900000030;990001003;АО ДЕМО ЭКВАЙРИНГ;044500996;30101810999990000996;40802810999900000001;DEMO-ACQ-001;990000000001;0;ИП ДЕМОНОВ АЛЕКСЕЙ ТЕСТОВИЧ;044500999;30101810999990000999;30232810999900000001;9900000030;АО ДЕМО ЭКВАЙРИНГ;044500996;;АО ДЕМО ЭКВАЙРИНГ;;;;
40802810999900000001;Кредит;Входящие платежи;Транзакция;16.09.2024;16.09.2024;100033;01;643;84743,44;643;Оплата от покупателя по счету DEMO-202409-001;Оплата товаров по счету DEMO-202409-001. НДС не облагается.;40702810999910000004;9901000003;990101003;ООО ГАММА-МАРКЕТ;044500903;30101810999990000903;40802810999900000001;Договор DEMO-0003;990000000001;0;ИП ДЕМОНОВ АЛЕКСЕЙ ТЕСТОВИЧ;044500999;30101810999990000999;40702810999910000004;9901000003;ООО ГАММА-МАРКЕТ;044500903;;АО ДЕМО БАНК;;;;
40802810999900000001;Дебет;Исходящие платежи;Транзакция;16.09.2024;16.09.2024;100055;01;643;19817;643;Коммунальные расходы за 09.2024;Электроэнергия, связь и коммунальные услуги за 09.2024.;40802810999900000001;990000000001;0;ИП ДЕМОНОВ АЛЕКСЕЙ ТЕСТОВИЧ;044500999;30101810999990000999;40702810999930000005;UTIL-DEMO-001;9903000004;990301004;ООО ОБЛАКО ДЕМО;044500924;30101810999990000925;40702810999930000005;9903000004;ООО ОБЛАКО ДЕМО;044500924;;АО ДЕМО БАНК;;;;
40802810999900000001;Дебет;Оплата картой;Транзакция;17.09.2024;17.09.2024;;17;643;9005,66;643;Канцелярские и хозяйственные товары;Оплата по корпоративной карте: офисные и хозяйственные расходы.;40802810999900000001;990000000001;0;ИП ДЕМОНОВ АЛЕКСЕЙ ТЕСТОВИЧ;044500999;30101810999990000999;40702810999930000006;;9903000006;990301006;ООО ОФИС ДЕМО;044500926;30101810999990000926;40702810999930000006;9903000006;ООО ОФИС ДЕМО;044500926;5943;АО ДЕМО БАНК;;;;
40802810999900000001;Кредит;Входящие платежи;Транзакция;17.09.2024;17.09.2024;100042;17;643;73683;643;Зачисление выручки СБП по реестру 202409006;Перевод средств по реестру операций 202409006. Канал: СБП. НДС не облагается.;30232810999900000001;9900000030;990001003;АО ДЕМО ЭКВАЙРИНГ;044500996;30101810999990000996;40802810999900000001;DEMO-ACQ-001;990000000001;0;ИП ДЕМОНОВ АЛЕКСЕЙ ТЕСТОВИЧ;044500999;30101810999990000999;30232810999900000001;9900000030;АО ДЕМО ЭКВАЙРИНГ;044500996;;АО ДЕМО ЭКВАЙРИНГ;;;;
40802810999900000001;Дебет;Исходящие платежи;Транзакция;17.09.2024;17.09.2024;100046;01;643;111205,77;643;Оплата поставщику за партию сырья 2024-09-2;Оплата материалов и производства по счету SUP-202409-2. В том числе НДС 20%.;40802810999900000001;990000000001;0;ИП ДЕМОНОВ АЛЕКСЕЙ ТЕСТОВИЧ;044500999;30101810999990000999;40702810999920000002;DEMO-SUPPLY-001;9902000002;990201002;ООО ТЕСТ ПРОИЗВОДСТВО;044500912;30101810999990000912;40702810999920000002;9902000002;ООО ТЕСТ ПРОИЗВОДСТВО;044500912;;АО ДЕМО БАНК;;;;
40802810999900000001;Дебет;Исходящие платежи;Транзакция;19.09.2024;19.09.2024;100051;01;643;60005;643;Вознаграждение подрядчику за 09.2024;Оплата услуг подрядчика по акту HR-202409-1. НДС не облагается.;40802810999900000001;990000000001;0;ИП ДЕМОНОВ АЛЕКСЕЙ ТЕСТОВИЧ;044500999;30101810999990000999;40817810999940000001;DEMO-HR-001;990400000001;0;САМОЗАНЯТЫЙ ДЕМО СПЕЦИАЛИСТ 01;044500931;30101810999990000931;40817810999940000001;990400000001;САМОЗАНЯТЫЙ ДЕМО СПЕЦИАЛИСТ 01;044500931;;АО ДЕМО БАНК;;;;
40802810999900000001;Кредит;Входящие платежи;Транзакция;20.09.2024;20.09.2024;100041;17;643;79584,56;643;Зачисление выручки ИНТЕРНЕТ-ЭКВАЙРИНГ по реестру 202409005;Перевод средств по реестру операций 202409005. Канал: ИНТЕРНЕТ-ЭКВАЙРИНГ. НДС не облагается.;30232810999900000001;9900000030;990001003;АО ДЕМО ЭКВАЙРИНГ;044500996;30101810999990000996;40802810999900000001;DEMO-ACQ-001;990000000001;0;ИП ДЕМОНОВ АЛЕКСЕЙ ТЕСТОВИЧ;044500999;30101810999990000999;30232810999900000001;9900000030;АО ДЕМО ЭКВАЙРИНГ;044500996;;АО ДЕМО ЭКВАЙРИНГ;;;;
40802810999900000001;Дебет;Исходящие платежи;Транзакция;20.09.2024;20.09.2024;100052;01;643;55396;643;Вознаграждение подрядчику за 09.2024;Оплата услуг подрядчика по акту HR-202409-2. НДС не облагается.;40802810999900000001;990000000001;0;ИП ДЕМОНОВ АЛЕКСЕЙ ТЕСТОВИЧ;044500999;30101810999990000999;40817810999940000002;DEMO-HR-002;990400000002;0;САМОЗАНЯТЫЙ ДЕМО СПЕЦИАЛИСТ 02;044500932;30101810999990000932;40817810999940000002;990400000002;САМОЗАНЯТЫЙ ДЕМО СПЕЦИАЛИСТ 02;044500932;;АО ДЕМО БАНК;;;;
40802810999900000001;Дебет;Услуги банка;Транзакция;20.09.2024;20.09.2024;100058;17;643;490;643;Плата за обслуживание счета;Плата за обслуживание расчетного счета за 09.2024. Договор DEMO-BANK-001.;40802810999900000001;990000000001;0;ИП ДЕМОНОВ АЛЕКСЕЙ ТЕСТОВИЧ;044500999;30101810999990000999;47423810999900000001;DEMO-BANK-001;9900000002;990001001;АО ДЕМО БАНК;044500999;30101810999990000999;47423810999900000001;9900000002;АО ДЕМО БАНК;044500999;;АО ДЕМО БАНК;;;;
40802810999900000001;Дебет;Услуги банка;Транзакция;20.09.2024;20.09.2024;100059;17;643;199;643;Плата за услугу оповещения об операциях;Плата за уведомления и SMS-банк за 09.2024.;40802810999900000001;990000000001;0;ИП ДЕМОНОВ АЛЕКСЕЙ ТЕСТОВИЧ;044500999;30101810999990000999;47423810999900000001;DEMO-BANK-001;9900000002;990001001;АО ДЕМО БАНК;044500999;30101810999990000999;47423810999900000001;9900000002;АО ДЕМО БАНК;044500999;;АО ДЕМО БАНК;;;;
40802810999900000001;Дебет;Исходящие платежи;Транзакция;21.09.2024;21.09.2024;100053;01;643;67735;643;Вознаграждение подрядчику за 09.2024;Оплата услуг подрядчика по акту HR-202409-3. НДС не облагается.;40802810999900000001;990000000001;0;ИП ДЕМОНОВ АЛЕКСЕЙ ТЕСТОВИЧ;044500999;30101810999990000999;40802810999940000003;DEMO-HR-003;990400000003;0;ИП ТЕСТОВА МАРИЯ ДЕМО;044500933;30101810999990000933;40802810999940000003;990400000003;ИП ТЕСТОВА МАРИЯ ДЕМО;044500933;;АО ДЕМО БАНК;;;;
40802810999900000001;Кредит;Входящие платежи;Транзакция;23.09.2024;21.09.2024;100035;01;643;133382,06;643;Оплата от покупателя по счету DEMO-202409-003;Оплата товаров по счету DEMO-202409-003. НДС не облагается.;40702810999910000001;9901000001;990101001;ООО АЛЬФА-ДЕМО;044500901;30101810999990000901;40802810999900000001;Договор DEMO-0001;990000000001;0;ИП ДЕМОНОВ АЛЕКСЕЙ ТЕСТОВИЧ;044500999;30101810999990000999;40702810999910000001;9901000001;ООО АЛЬФА-ДЕМО;044500901;;АО ДЕМО БАНК;;;;
40802810999900000001;Кредит;Входящие платежи;Транзакция;23.09.2024;23.09.2024;100043;17;643;35436,75;643;Зачисление выручки ИНТЕРНЕТ-ЭКВАЙРИНГ по реестру 202409007;Перевод средств по реестру операций 202409007. Канал: ИНТЕРНЕТ-ЭКВАЙРИНГ. НДС не облагается.;30232810999900000001;9900000030;990001003;АО ДЕМО ЭКВАЙРИНГ;044500996;30101810999990000996;40802810999900000001;DEMO-ACQ-001;990000000001;0;ИП ДЕМОНОВ АЛЕКСЕЙ ТЕСТОВИЧ;044500999;30101810999990000999;30232810999900000001;9900000030;АО ДЕМО ЭКВАЙРИНГ;044500996;;АО ДЕМО ЭКВАЙРИНГ;;;;
40802810999900000001;Дебет;Исходящие платежи;Транзакция;23.09.2024;23.09.2024;100047;01;643;67397,44;643;Оплата поставщику за партию сырья 2024-09-3;Оплата материалов и производства по счету SUP-202409-3. В том числе НДС 20%.;40802810999900000001;990000000001;0;ИП ДЕМОНОВ АЛЕКСЕЙ ТЕСТОВИЧ;044500999;30101810999990000999;40702810999920000002;DEMO-SUPPLY-001;9902000001;990201001;ООО ДЕМО СЫРЬЁ;044500911;30101810999990000912;40702810999920000002;9902000001;ООО ДЕМО СЫРЬЁ;044500911;;АО ДЕМО БАНК;;;;
40802810999900000001;Дебет;Исходящие платежи;Транзакция;23.09.2024;23.09.2024;100057;01;643;11533;643;Прочие операционные услуги;Разовые операционные услуги MISC-202409.;40802810999900000001;990000000001;0;ИП ДЕМОНОВ АЛЕКСЕЙ ТЕСТОВИЧ;044500999;30101810999990000999;40702810999950000001;MISC-DEMO-001;9905000001;990501001;ООО ПРОЧИЕ УСЛУГИ ДЕМО;044500941;30101810999990000941;40702810999950000001;9905000001;ООО ПРОЧИЕ УСЛУГИ ДЕМО;044500941;;АО ДЕМО БАНК;;;;
40802810999900000001;Кредит;Входящие платежи;Транзакция;25.09.2024;25.09.2024;100038;17;643;35105,71;643;Зачисление выручки ИНТЕРНЕТ-ЭКВАЙРИНГ по реестру 202409002;Перевод средств по реестру операций 202409002. Канал: ИНТЕРНЕТ-ЭКВАЙРИНГ. НДС не облагается.;30232810999900000001;9900000030;990001003;АО ДЕМО ЭКВАЙРИНГ;044500996;30101810999990000996;40802810999900000001;DEMO-ACQ-001;990000000001;0;ИП ДЕМОНОВ АЛЕКСЕЙ ТЕСТОВИЧ;044500999;30101810999990000999;30232810999900000001;9900000030;АО ДЕМО ЭКВАЙРИНГ;044500996;;АО ДЕМО ЭКВАЙРИНГ;;;;
40802810999900000001;Кредит;Входящие платежи;Транзакция;25.09.2024;25.09.2024;100044;17;643;85034,39;643;Зачисление выручки ИНТЕРНЕТ-ЭКВАЙРИНГ по реестру 202409008;Перевод средств по реестру операций 202409008. Канал: ИНТЕРНЕТ-ЭКВАЙРИНГ. НДС не облагается.;30232810999900000001;9900000030;990001003;АО ДЕМО ЭКВАЙРИНГ;044500996;30101810999990000996;40802810999900000001;DEMO-ACQ-001;990000000001;0;ИП ДЕМОНОВ АЛЕКСЕЙ ТЕСТОВИЧ;044500999;30101810999990000999;30232810999900000001;9900000030;АО ДЕМО ЭКВАЙРИНГ;044500996;;АО ДЕМО ЭКВАЙРИНГ;;;;
40802810999900000001;Дебет;Платежи в налоговую;Транзакция;25.09.2024;25.09.2024;100061;01;643;52208,15;643;ЕНП. Налог по УСН;Единый налоговый платеж. УСН 6%. Период 09.2024.;40802810999900000001;990000000001;0;ИП ДЕМОНОВ АЛЕКСЕЙ ТЕСТОВИЧ;044500999;30101810999990000999;03100643999900000001;;9900000010;990001001;КАЗНАЧЕЙСТВО ДЕМО (ФНС ДЕМО);017000999;40102810999990000999;03100643999900000001;9900000010;КАЗНАЧЕЙСТВО ДЕМО (ФНС ДЕМО);017000999;;КАЗНАЧЕЙСТВО ДЕМО;18210501011011000110;ТП;МС.09.2024;0
40802810999900000001;Дебет;Платежи в налоговую;Транзакция;26.09.2024;26.09.2024;100062;01;643;31571;643;Страховые взносы за работников;Страховые взносы за квартал, окончание 09.2024.;40802810999900000001;990000000001;0;ИП ДЕМОНОВ АЛЕКСЕЙ ТЕСТОВИЧ;044500999;30101810999990000999;03100643999900000001;;9900000010;990001001;КАЗНАЧЕЙСТВО ДЕМО (ФНС ДЕМО);017000999;40102810999990000999;03100643999900000001;9900000010;КАЗНАЧЕЙСТВО ДЕМО (ФНС ДЕМО);017000999;;КАЗНАЧЕЙСТВО ДЕМО;18210202010061010160;ТП;КВ.03.2024;0
40802810999900000001;Дебет;Услуги банка;Транзакция;27.09.2024;27.09.2024;100060;17;643;8076,1;643;Комиссия за интернет-эквайринг и СБП;Комиссия за обработку платежей по реестрам 09.2024.;40802810999900000001;990000000001;0;ИП ДЕМОНОВ АЛЕКСЕЙ ТЕСТОВИЧ;044500999;30101810999990000999;30232810999900000001;DEMO-ACQ-001;9900000030;990001003;АО ДЕМО ЭКВАЙРИНГ;044500996;30101810999990000996;30232810999900000001;9900000030;АО ДЕМО ЭКВАЙРИНГ;044500996;;АО ДЕМО ЭКВАЙРИНГ;;;;
40802810999900000001;Кредит;Входящие платежи;Транзакция;28.09.2024;28.09.2024;100063;17;643;1200,33;643;Проценты на остаток и бизнес-кэшбэк;Начисление процентов и кэшбэка за 09.2024.;47423810999900000001;9900000002;990001001;АО ДЕМО БАНК;044500999;30101810999990000999;40802810999900000001;DEMO-BANK-001;990000000001;0;ИП ДЕМОНОВ АЛЕКСЕЙ ТЕСТОВИЧ;044500999;30101810999990000999;47423810999900000001;9900000002;АО ДЕМО БАНК;044500999;;АО ДЕМО БАНК;;;;
40802810999900000001;Дебет;Исходящие платежи;Транзакция;02.10.2024;02.10.2024;100087;01;643;85000;643;Аренда помещения за 10.2024;Арендная плата по договору RENT-DEMO-001 за 10.2024.;40802810999900000001;990000000001;0;ИП ДЕМОНОВ АЛЕКСЕЙ ТЕСТОВИЧ;044500999;30101810999990000999;40702810999930000003;RENT-DEMO-001;9903000003;990301003;ООО БИЗНЕС-ЦЕНТР ДЕМО;044500923;30101810999990000923;40702810999930000003;9903000003;ООО БИЗНЕС-ЦЕНТР ДЕМО;044500923;;АО ДЕМО БАНК;;;;
40802810999900000001;Кредит;Входящие платежи;Транзакция;04.10.2024;04.10.2024;100066;01;643;87330,75;643;Оплата от покупателя по счету DEMO-202410-001;Оплата товаров по счету DEMO-202410-001. НДС не облагается.;40702810999910000004;9901000004;990101004;ООО ДЕЛЬТА-ШОП;044500904;30101810999990000904;40802810999900000001;Договор DEMO-0004;990000000001;0;ИП ДЕМОНОВ АЛЕКСЕЙ ТЕСТОВИЧ;044500999;30101810999990000999;40702810999910000004;9901000004;ООО ДЕЛЬТА-ШОП;044500904;;АО ДЕМО БАНК;;;;
40802810999900000001;Кредит;Входящие платежи;Транзакция;07.10.2024;05.10.2024;100073;17;643;65928,08;643;Зачисление выручки ИНТЕРНЕТ-ЭКВАЙРИНГ по реестру 202410004;Перевод средств по реестру операций 202410004. Канал: ИНТЕРНЕТ-ЭКВАЙРИНГ. НДС не облагается.;30232810999900000001;9900000030;990001003;АО ДЕМО ЭКВАЙРИНГ;044500996;30101810999990000996;40802810999900000001;DEMO-ACQ-001;990000000001;0;ИП ДЕМОНОВ АЛЕКСЕЙ ТЕСТОВИЧ;044500999;30101810999990000999;30232810999900000001;9900000030;АО ДЕМО ЭКВАЙРИНГ;044500996;;АО ДЕМО ЭКВАЙРИНГ;;;;
40802810999900000001;Кредит;Входящие платежи;Транзакция;07.10.2024;06.10.2024;100072;17;643;72606,46;643;Зачисление выручки СБП по реестру 202410003;Перевод средств по реестру операций 202410003. Канал: СБП. НДС не облагается.;30232810999900000001;9900000030;990001003;АО ДЕМО ЭКВАЙРИНГ;044500996;30101810999990000996;40802810999900000001;DEMO-ACQ-001;990000000001;0;ИП ДЕМОНОВ АЛЕКСЕЙ ТЕСТОВИЧ;044500999;30101810999990000999;30232810999900000001;9900000030;АО ДЕМО ЭКВАЙРИНГ;044500996;;АО ДЕМО ЭКВАЙРИНГ;;;;
40802810999900000001;Дебет;Исходящие платежи;Транзакция;07.10.2024;07.10.2024;100089;01;643;12269;643;Подписка на программное обеспечение;Лицензии и облачные сервисы за 10.2024.;40802810999900000001;990000000001;0;ИП ДЕМОНОВ АЛЕКСЕЙ ТЕСТОВИЧ;044500999;30101810999990000999;40702810999930000005;SOFT-DEMO-001;9903000005;990301005;ООО СОФТ ДЕМО;044500925;30101810999990000925;40702810999930000005;9903000005;ООО СОФТ ДЕМО;044500925;;АО ДЕМО БАНК;;;;
40802810999900000001;Дебет;Исходящие платежи;Транзакция;08.10.2024;08.10.2024;100083;01;643;52817,97;643;Маркетинг и реклама за 10.2024;"Рекламная кампания MEDIA-202410; продвижение и аналитика.";40802810999900000001;990000000001;0;ИП ДЕМОНОВ АЛЕКСЕЙ ТЕСТОВИЧ;044500999;30101810999990000999;40702810999930000002;DEMO-MEDIA-001;9903000002;990301002;ООО МЕДИА ТЕСТ;044500922;30101810999990000922;40702810999930000002;9903000002;ООО МЕДИА ТЕСТ;044500922;;АО ДЕМО БАНК;;;;
40802810999900000001;Кредит;Входящие платежи;Транзакция;10.10.2024;10.10.2024;100067;01;643;111574,14;643;Оплата от покупателя по счету DEMO-202410-002;Оплата товаров по счету DEMO-202410-002. НДС не облагается.;40702810999910000001;9901000001;990101001;ООО АЛЬФА-ДЕМО;044500901;30101810999990000901;40802810999900000001;Договор DEMO-0001;990000000001;0;ИП ДЕМОНОВ АЛЕКСЕЙ ТЕСТОВИЧ;044500999;30101810999990000999;40702810999910000001;9901000001;ООО АЛЬФА-ДЕМО;044500901;;АО ДЕМО БАНК;;;;
40802810999900000001;Дебет;Исходящие платежи;Транзакция;10.10.2024;10.10.2024;100098;01;643;820000;643;Покупка производственного оборудования;Приобретение комплекта оборудования по счету EQUIP-DEMO-001.;40802810999900000001;990000000001;0;ИП ДЕМОНОВ АЛЕКСЕЙ ТЕСТОВИЧ;044500999;30101810999990000999;40702810999930000007;EQUIP-DEMO-001;9903000007;990301007;ООО ДЕМО ОБОРУДОВАНИЕ;044500927;30101810999990000927;40702810999930000007;9903000007;ООО ДЕМО ОБОРУДОВАНИЕ;044500927;;АО ДЕМО БАНК;;;;
40802810999900000001;Кредит;Входящие платежи;Транзакция;11.10.2024;11.10.2024;100077;17;643;44478,26;643;Зачисление выручки ИНТЕРНЕТ-ЭКВАЙРИНГ по реестру 202410008;Перевод средств по реестру операций 202410008. Канал: ИНТЕРНЕТ-ЭКВАЙРИНГ. НДС не облагается.;30232810999900000001;9900000030;990001003;АО ДЕМО ЭКВАЙРИНГ;044500996;30101810999990000996;40802810999900000001;DEMO-ACQ-001;990000000001;0;ИП ДЕМОНОВ АЛЕКСЕЙ ТЕСТОВИЧ;044500999;30101810999990000999;30232810999900000001;9900000030;АО ДЕМО ЭКВАЙРИНГ;044500996;;АО ДЕМО ЭКВАЙРИНГ;;;;
40802810999900000001;Дебет;Исходящие платежи;Транзакция;11.10.2024;11.10.2024;100078;01;643;163481,29;643;Оплата поставщику за партию сырья 2024-10-1;Оплата материалов и производства по счету SUP-202410-1. В том числе НДС 20%.;40802810999900000001;990000000001;0;ИП ДЕМОНОВ АЛЕКСЕЙ ТЕСТОВИЧ;044500999;30101810999990000999;40702810999920000002;DEMO-SUPPLY-001;9902000001;990201001;ООО ДЕМО СЫРЬЁ;044500911;30101810999990000912;40702810999920000002;9902000001;ООО ДЕМО СЫРЬЁ;044500911;;АО ДЕМО БАНК;;;;
40802810999900000001;Дебет;Исходящие платежи;Транзакция;11.10.2024;11.10.2024;100081;01;643;24017;643;Разработка продукта и тестовые образцы за 10.2024;Изготовление прототипов и тестовой партии по этапу DEV-202410.;40802810999900000001;990000000001;0;ИП ДЕМОНОВ АЛЕКСЕЙ ТЕСТОВИЧ;044500999;30101810999990000999;40702810999920000003;DEMO-RND-001;9902000003;990201003;ООО МАКЕТ-ЛАБ;044500913;30101810999990000913;40702810999920000003;9902000003;ООО МАКЕТ-ЛАБ;044500913;;АО ДЕМО БАНК;;;;
40802810999900000001;Дебет;Кредитование;Транзакция;12.10.2024;12.10.2024;100096;35;643;65000;643;Погашение основной суммы кредита;Погашение основного долга по договору LOAN-DEMO-001 за 10.2024.;40802810999900000001;990000000001;0;ИП ДЕМОНОВ АЛЕКСЕЙ ТЕСТОВИЧ;044500999;30101810999990000999;45207810999900000001;LOAN-DEMO-001;9900000020;990001002;АО ДЕМО КРЕДИТ;044500997;30101810999990000997;45207810999900000001;9900000020;АО ДЕМО КРЕДИТ;044500997;;АО ДЕМО КРЕДИТ;;;;
40802810999900000001;Дебет;Кредитование;Транзакция;12.10.2024;12.10.2024;100097;35;643;15640;643;Проценты по кредиту;Уплата процентов по договору LOAN-DEMO-001 за 10.2024.;40802810999900000001;990000000001;0;ИП ДЕМОНОВ АЛЕКСЕЙ ТЕСТОВИЧ;044500999;30101810999990000999;45207810999900000001;LOAN-DEMO-001;9900000020;990001002;АО ДЕМО КРЕДИТ;044500997;30101810999990000997;45207810999900000001;9900000020;АО ДЕМО КРЕДИТ;044500997;;АО ДЕМО КРЕДИТ;;;;
40802810999900000001;Кредит;Входящие платежи;Транзакция;14.10.2024;12.10.2024;100069;01;643;82012,38;643;Оплата от покупателя по счету DEMO-202410-004;Оплата товаров по счету DEMO-202410-004. НДС не облагается.;40702810999910000004;9901000003;990101003;ООО ГАММА-МАРКЕТ;044500903;30101810999990000903;40802810999900000001;Договор DEMO-0003;990000000001;0;ИП ДЕМОНОВ АЛЕКСЕЙ ТЕСТОВИЧ;044500999;30101810999990000999;40702810999910000004;9901000003;ООО ГАММА-МАРКЕТ;044500903;;АО ДЕМО БАНК;;;;
40802810999900000001;Дебет;Исходящие платежи;Транзакция;14.10.2024;14.10.2024;100082;01;643;24854;643;Логистика и доставка заказов за 10.2024;Транспортные услуги по реестру LOG-202410.;40802810999900000001;990000000001;0;ИП ДЕМОНОВ АЛЕКСЕЙ ТЕСТОВИЧ;044500999;30101810999990000999;40702810999930000001;DEMO-LOG-001;9903000001;990301001;ООО ДЕМО ЛОГИСТИКА;044500921;30101810999990000921;40702810999930000001;9903000001;ООО ДЕМО ЛОГИСТИКА;044500921;;АО ДЕМО БАНК;;;;
40802810999900000001;Кредит;Входящие платежи;Транзакция;15.10.2024;15.10.2024;100075;17;643;77500,36;643;Зачисление выручки СБП по реестру 202410006;Перевод средств по реестру операций 202410006. Канал: СБП. НДС не облагается.;30232810999900000001;9900000030;990001003;АО ДЕМО ЭКВАЙРИНГ;044500996;30101810999990000996;40802810999900000001;DEMO-ACQ-001;990000000001;0;ИП ДЕМОНОВ АЛЕКСЕЙ ТЕСТОВИЧ;044500999;30101810999990000999;30232810999900000001;9900000030;АО ДЕМО ЭКВАЙРИНГ;044500996;;АО ДЕМО ЭКВАЙРИНГ;;;;
40802810999900000001;Дебет;Исходящие платежи;Транзакция;16.10.2024;16.10.2024;100088;01;643;13145;643;Коммунальные расходы за 10.2024;Электроэнергия, связь и коммунальные услуги за 10.2024.;40802810999900000001;990000000001;0;ИП ДЕМОНОВ АЛЕКСЕЙ ТЕСТОВИЧ;044500999;30101810999990000999;40702810999930000005;UTIL-DEMO-001;9903000004;990301004;ООО ОБЛАКО ДЕМО;044500924;30101810999990000925;40702810999930000005;9903000004;ООО ОБЛАКО ДЕМО;044500924;;АО ДЕМО БАНК;;;;
40802810999900000001;Дебет;Исходящие платежи;Транзакция;17.10.2024;17.10.2024;100079;01;643;114784,73;643;Оплата поставщику за партию сырья 2024-10-2;Оплата материалов и производства по счету SUP-202410-2. В том числе НДС 20%.;40802810999900000001;990000000001;0;ИП ДЕМОНОВ АЛЕКСЕЙ ТЕСТОВИЧ;044500999;30101810999990000999;40702810999920000002;DEMO-SUPPLY-001;9902000002;990201002;ООО ТЕСТ ПРОИЗВОДСТВО;044500912;30101810999990000912;40702810999920000002;9902000002;ООО ТЕСТ ПРОИЗВОДСТВО;044500912;;АО ДЕМО БАНК;;;;
40802810999900000001;Дебет;Оплата картой;Транзакция;18.10.2024;18.10.2024;;17;643;2604,68;643;Канцелярские и хозяйственные товары;Оплата по корпоративной карте: офисные и хозяйственные расходы.;40802810999900000001;990000000001;0;ИП ДЕМОНОВ АЛЕКСЕЙ ТЕСТОВИЧ;044500999;30101810999990000999;40702810999930000006;;9903000006;990301006;ООО ОФИС ДЕМО;044500926;30101810999990000926;40702810999930000006;9903000006;ООО ОФИС ДЕМО;044500926;5943;АО ДЕМО БАНК;;;;
40802810999900000001;Дебет;Исходящие платежи;Транзакция;19.10.2024;19.10.2024;100084;01;643;63340;643;Вознаграждение подрядчику за 10.2024;Оплата услуг подрядчика по акту HR-202410-1. НДС не облагается.;40802810999900000001;990000000001;0;ИП ДЕМОНОВ АЛЕКСЕЙ ТЕСТОВИЧ;044500999;30101810999990000999;40817810999940000001;DEMO-HR-001;990400000001;0;САМОЗАНЯТЫЙ ДЕМО СПЕЦИАЛИСТ 01;044500931;30101810999990000931;40817810999940000001;990400000001;САМОЗАНЯТЫЙ ДЕМО СПЕЦИАЛИСТ 01;044500931;;АО ДЕМО БАНК;;;;
40802810999900000001;Дебет;Исходящие платежи;Транзакция;20.10.2024;20.10.2024;100085;01;643;49421;643;Вознаграждение подрядчику за 10.2024;Оплата услуг подрядчика по акту HR-202410-2. НДС не облагается.;40802810999900000001;990000000001;0;ИП ДЕМОНОВ АЛЕКСЕЙ ТЕСТОВИЧ;044500999;30101810999990000999;40817810999940000002;DEMO-HR-002;990400000002;0;САМОЗАНЯТЫЙ ДЕМО СПЕЦИАЛИСТ 02;044500932;30101810999990000932;40817810999940000002;990400000002;САМОЗАНЯТЫЙ ДЕМО СПЕЦИАЛИСТ 02;044500932;;АО ДЕМО БАНК;;;;
40802810999900000001;Дебет;Услуги банка;Транзакция;20.10.2024;20.10.2024;100090;17;643;490;643;Плата за обслуживание счета;Плата за обслуживание расчетного счета за 10.2024. Договор DEMO-BANK-001.;40802810999900000001;990000000001;0;ИП ДЕМОНОВ АЛЕКСЕЙ ТЕСТОВИЧ;044500999;30101810999990000999;47423810999900000001;DEMO-BANK-001;9900000002;990001001;АО ДЕМО БАНК;044500999;30101810999990000999;47423810999900000001;9900000002;АО ДЕМО БАНК;044500999;;АО ДЕМО БАНК;;;;
40802810999900000001;Дебет;Услуги банка;Транзакция;20.10.2024;20.10.2024;100091;17;643;199;643;Плата за услугу оповещения об операциях;Плата за уведомления и SMS-банк за 10.2024.;40802810999900000001;990000000001;0;ИП ДЕМОНОВ АЛЕКСЕЙ ТЕСТОВИЧ;044500999;30101810999990000999;47423810999900000001;DEMO-BANK-001;9900000002;990001001;АО ДЕМО БАНК;044500999;30101810999990000999;47423810999900000001;9900000002;АО ДЕМО БАНК;044500999;;АО ДЕМО БАНК;;;;
40802810999900000001;Кредит;Входящие платежи;Транзакция;21.10.2024;20.10.2024;100070;17;643;50386,7;643;Зачисление выручки ИНТЕРНЕТ-ЭКВАЙРИНГ по реестру 202410001;Перевод средств по реестру операций 202410001. Канал: ИНТЕРНЕТ-ЭКВАЙРИНГ. НДС не облагается.;30232810999900000001;9900000030;990001003;АО ДЕМО ЭКВАЙРИНГ;044500996;30101810999990000996;40802810999900000001;DEMO-ACQ-001;990000000001;0;ИП ДЕМОНОВ АЛЕКСЕЙ ТЕСТОВИЧ;044500999;30101810999990000999;30232810999900000001;9900000030;АО ДЕМО ЭКВАЙРИНГ;044500996;;АО ДЕМО ЭКВАЙРИНГ;;;;
40802810999900000001;Дебет;Исходящие платежи;Транзакция;21.10.2024;21.10.2024;100086;01;643;72238;643;Вознаграждение подрядчику за 10.2024;Оплата услуг подрядчика по акту HR-202410-3. НДС не облагается.;40802810999900000001;990000000001;0;ИП ДЕМОНОВ АЛЕКСЕЙ ТЕСТОВИЧ;044500999;30101810999990000999;40802810999940000003;DEMO-HR-003;990400000003;0;ИП ТЕСТОВА МАРИЯ ДЕМО;044500933;30101810999990000933;40802810999940000003;990400000003;ИП ТЕСТОВА МАРИЯ ДЕМО;044500933;;АО ДЕМО БАНК;;;;
40802810999900000001;Дебет;Возвраты контрагентам;Транзакция;21.10.2024;21.10.2024;100095;17;643;14752,75;643;Возврат денежных средств покупателю;Возврат покупателю по реестру REFUND-202410.;40802810999900000001;990000000001;0;ИП ДЕМОНОВ АЛЕКСЕЙ ТЕСТОВИЧ;044500999;30101810999990000999;30232810999900000001;DEMO-ACQ-001;9900000030;990001003;АО ДЕМО ЭКВАЙРИНГ;044500996;30101810999990000996;30232810999900000001;9900000030;АО ДЕМО ЭКВАЙРИНГ;044500996;;АО ДЕМО ЭКВАЙРИНГ;;;;
40802810999900000001;Дебет;Оплата картой;Транзакция;22.10.2024;22.10.2024;;17;643;3544,8;643;Оплата корпоративной подписки DEMO CLOUD;Оплата по корпоративной карте: облачное программное обеспечение.;40802810999900000001;990000000001;0;ИП ДЕМОНОВ АЛЕКСЕЙ ТЕСТОВИЧ;044500999;30101810999990000999;40702810999930000005;;9903000005;990301005;ООО СОФТ ДЕМО;044500925;30101810999990000925;40702810999930000005;9903000005;ООО СОФТ ДЕМО;044500925;5734;АО ДЕМО БАНК;;;;
40802810999900000001;Кредит;Входящие платежи;Транзакция;22.10.2024;22.10.2024;100074;17;643;83476,68;643;Зачисление выручки ИНТЕРНЕТ-ЭКВАЙРИНГ по реестру 202410005;Перевод средств по реестру операций 202410005. Канал: ИНТЕРНЕТ-ЭКВАЙРИНГ. НДС не облагается.;30232810999900000001;9900000030;990001003;АО ДЕМО ЭКВАЙРИНГ;044500996;30101810999990000996;40802810999900000001;DEMO-ACQ-001;990000000001;0;ИП ДЕМОНОВ АЛЕКСЕЙ ТЕСТОВИЧ;044500999;30101810999990000999;30232810999900000001;9900000030;АО ДЕМО ЭКВАЙРИНГ;044500996;;АО ДЕМО ЭКВАЙРИНГ;;;;
40802810999900000001;Кредит;Входящие платежи;Транзакция;22.10.2024;22.10.2024;100076;17;643;67021,64;643;Зачисление выручки ИНТЕРНЕТ-ЭКВАЙРИНГ по реестру 202410007;Перевод средств по реестру операций 202410007. Канал: ИНТЕРНЕТ-ЭКВАЙРИНГ. НДС не облагается.;30232810999900000001;9900000030;990001003;АО ДЕМО ЭКВАЙРИНГ;044500996;30101810999990000996;40802810999900000001;DEMO-ACQ-001;990000000001;0;ИП ДЕМОНОВ АЛЕКСЕЙ ТЕСТОВИЧ;044500999;30101810999990000999;30232810999900000001;9900000030;АО ДЕМО ЭКВАЙРИНГ;044500996;;АО ДЕМО ЭКВАЙРИНГ;;;;
40802810999900000001;Дебет;Исходящие платежи;Транзакция;23.10.2024;23.10.2024;100080;01;643;69566,51;643;Оплата поставщику за партию сырья 2024-10-3;Оплата материалов и производства по счету SUP-202410-3. В том числе НДС 20%.;40802810999900000001;990000000001;0;ИП ДЕМОНОВ АЛЕКСЕЙ ТЕСТОВИЧ;044500999;30101810999990000999;40702810999920000002;DEMO-SUPPLY-001;9902000001;990201001;ООО ДЕМО СЫРЬЁ;044500911;30101810999990000912;40702810999920000002;9902000001;ООО ДЕМО СЫРЬЁ;044500911;;АО ДЕМО БАНК;;;;
40802810999900000001;Кредит;Входящие платежи;Транзакция;24.10.2024;24.10.2024;100068;01;643;101289,02;643;Оплата от покупателя по счету DEMO-202410-003;Оплата товаров по счету DEMO-202410-003. НДС не облагается.;40702810999910000002;9901000003;990101002;ООО БЕТА-ТЕСТ;044500902;30101810999990000902;40802810999900000001;Договор DEMO-0002;990000000001;0;ИП ДЕМОНОВ АЛЕКСЕЙ ТЕСТОВИЧ;044500999;30101810999990000999;40702810999910000002;9901000003;ООО БЕТА-ТЕСТ;044500902;;АО ДЕМО БАНК;;;;
40802810999900000001;Кредит;Входящие платежи;Транзакция;25.10.2024;25.10.2024;100071;17;643;54493,78;643;Зачисление выручки ИНТЕРНЕТ-ЭКВАЙРИНГ по реестру 202410002;Перевод средств по реестру операций 202410002. Канал: ИНТЕРНЕТ-ЭКВАЙРИНГ. НДС не облагается.;30232810999900000001;9900000030;990001003;АО ДЕМО ЭКВАЙРИНГ;044500996;30101810999990000996;40802810999900000001;DEMO-ACQ-001;990000000001;0;ИП ДЕМОНОВ АЛЕКСЕЙ ТЕСТОВИЧ;044500999;30101810999990000999;30232810999900000001;9900000030;АО ДЕМО ЭКВАЙРИНГ;044500996;;АО ДЕМО ЭКВАЙРИНГ;;;;
40802810999900000001;Дебет;Платежи в налоговую;Транзакция;25.10.2024;25.10.2024;100093;01;643;53885,9;643;ЕНП. Налог по УСН;Единый налоговый платеж. УСН 6%. Период 10.2024.;40802810999900000001;990000000001;0;ИП ДЕМОНОВ АЛЕКСЕЙ ТЕСТОВИЧ;044500999;30101810999990000999;03100643999900000001;;9900000010;990001001;КАЗНАЧЕЙСТВО ДЕМО (ФНС ДЕМО);017000999;40102810999990000999;03100643999900000001;9900000010;КАЗНАЧЕЙСТВО ДЕМО (ФНС ДЕМО);017000999;;КАЗНАЧЕЙСТВО ДЕМО;18210501011011000110;ТП;МС.10.2024;0
40802810999900000001;Дебет;Услуги банка;Транзакция;27.10.2024;27.10.2024;100092;17;643;11021,6;643;Комиссия за интернет-эквайринг и СБП;Комиссия за обработку платежей по реестрам 10.2024.;40802810999900000001;990000000001;0;ИП ДЕМОНОВ АЛЕКСЕЙ ТЕСТОВИЧ;044500999;30101810999990000999;30232810999900000001;DEMO-ACQ-001;9900000030;990001003;АО ДЕМО ЭКВАЙРИНГ;044500996;30101810999990000996;30232810999900000001;9900000030;АО ДЕМО ЭКВАЙРИНГ;044500996;;АО ДЕМО ЭКВАЙРИНГ;;;;
40802810999900000001;Кредит;Входящие платежи;Транзакция;28.10.2024;28.10.2024;100094;17;643;1698,21;643;Проценты на остаток и бизнес-кэшбэк;Начисление процентов и кэшбэка за 10.2024.;47423810999900000001;9900000002;990001001;АО ДЕМО БАНК;044500999;30101810999990000999;40802810999900000001;DEMO-BANK-001;990000000001;0;ИП ДЕМОНОВ АЛЕКСЕЙ ТЕСТОВИЧ;044500999;30101810999990000999;47423810999900000001;9900000002;АО ДЕМО БАНК;044500999;;АО ДЕМО БАНК;;;;
40802810999900000001;Дебет;Исходящие платежи;Транзакция;02.11.2024;02.11.2024;100123;01;643;85000;643;Аренда помещения за 11.2024;Арендная плата по договору RENT-DEMO-001 за 11.2024.;40802810999900000001;990000000001;0;ИП ДЕМОНОВ АЛЕКСЕЙ ТЕСТОВИЧ;044500999;30101810999990000999;40702810999930000003;RENT-DEMO-001;9903000003;990301003;ООО БИЗНЕС-ЦЕНТР ДЕМО;044500923;30101810999990000923;40702810999930000003;9903000003;ООО БИЗНЕС-ЦЕНТР ДЕМО;044500923;;АО ДЕМО БАНК;;;;
40802810999900000001;Кредит;Входящие платежи;Транзакция;04.11.2024;03.11.2024;100102;01;643;82982,71;643;Оплата от покупателя по счету DEMO-202411-004;Оплата товаров по счету DEMO-202411-004. НДС не облагается.;40702810999910000004;9901000004;990101004;ООО ДЕЛЬТА-ШОП;044500904;30101810999990000904;40802810999900000001;Договор DEMO-0004;990000000001;0;ИП ДЕМОНОВ АЛЕКСЕЙ ТЕСТОВИЧ;044500999;30101810999990000999;40702810999910000004;9901000004;ООО ДЕЛЬТА-ШОП;044500904;;АО ДЕМО БАНК;;;;
40802810999900000001;Дебет;Исходящие платежи;Транзакция;07.11.2024;07.11.2024;100125;01;643;10053;643;Подписка на программное обеспечение;Лицензии и облачные сервисы за 11.2024.;40802810999900000001;990000000001;0;ИП ДЕМОНОВ АЛЕКСЕЙ ТЕСТОВИЧ;044500999;30101810999990000999;40702810999930000005;SOFT-DEMO-001;9903000005;990301005;ООО СОФТ ДЕМО;044500925;30101810999990000925;40702810999930000005;9903000005;ООО СОФТ ДЕМО;044500925;;АО ДЕМО БАНК;;;;
40802810999900000001;Кредит;Входящие платежи;Транзакция;08.11.2024;08.11.2024;100101;01;643;94679,61;643;Оплата от покупателя по счету DEMO-202411-003;Оплата товаров по счету DEMO-202411-003. НДС не облагается.;40702810999910000004;9901000003;990101003;ООО ГАММА-МАРКЕТ;044500903;30101810999990000903;40802810999900000001;Договор DEMO-0003;990000000001;0;ИП ДЕМОНОВ АЛЕКСЕЙ ТЕСТОВИЧ;044500999;30101810999990000999;40702810999910000004;9901000003;ООО ГАММА-МАРКЕТ;044500903;;АО ДЕМО БАНК;;;;
40802810999900000001;Кредит;Входящие платежи;Транзакция;08.11.2024;08.11.2024;100105;01;643;95006,01;643;Оплата от покупателя по счету DEMO-202411-007;Оплата товаров по счету DEMO-202411-007. НДС не облагается.;40702810999910000004;9901000003;990101003;ООО ГАММА-МАРКЕТ;044500903;30101810999990000903;40802810999900000001;Договор DEMO-0003;990000000001;0;ИП ДЕМОНОВ АЛЕКСЕЙ ТЕСТОВИЧ;044500999;30101810999990000999;40702810999910000004;9901000003;ООО ГАММА-МАРКЕТ;044500903;;АО ДЕМО БАНК;;;;
40802810999900000001;Дебет;Исходящие платежи;Транзакция;08.11.2024;08.11.2024;100119;01;643;58080,6;643;Маркетинг и реклама за 11.2024;"Рекламная кампания MEDIA-202411; продвижение и аналитика.";40802810999900000001;990000000001;0;ИП ДЕМОНОВ АЛЕКСЕЙ ТЕСТОВИЧ;044500999;30101810999990000999;40702810999930000002;DEMO-MEDIA-001;9903000002;990301002;ООО МЕДИА ТЕСТ;044500922;30101810999990000922;40702810999930000002;9903000002;ООО МЕДИА ТЕСТ;044500922;;АО ДЕМО БАНК;;;;
40802810999900000001;Дебет;Исходящие платежи;Транзакция;11.11.2024;11.11.2024;100113;01;643;183879,47;643;Оплата поставщику за партию сырья 2024-11-1;Оплата материалов и производства по счету SUP-202411-1. В том числе НДС 20%.;40802810999900000001;990000000001;0;ИП ДЕМОНОВ АЛЕКСЕЙ ТЕСТОВИЧ;044500999;30101810999990000999;40702810999920000002;DEMO-SUPPLY-001;9902000001;990201001;ООО ДЕМО СЫРЬЁ;044500911;30101810999990000912;40702810999920000002;9902000001;ООО ДЕМО СЫРЬЁ;044500911;;АО ДЕМО БАНК;;;;
40802810999900000001;Дебет;Исходящие платежи;Транзакция;11.11.2024;11.11.2024;100116;01;643;20830;643;Разработка продукта и тестовые образцы за 11.2024;Изготовление прототипов и тестовой партии по этапу DEV-202411.;40802810999900000001;990000000001;0;ИП ДЕМОНОВ АЛЕКСЕЙ ТЕСТОВИЧ;044500999;30101810999990000999;40702810999920000003;DEMO-RND-001;9902000003;990201003;ООО МАКЕТ-ЛАБ;044500913;30101810999990000913;40702810999920000003;9902000003;ООО МАКЕТ-ЛАБ;044500913;;АО ДЕМО БАНК;;;;
40802810999900000001;Дебет;Кредитование;Транзакция;12.11.2024;12.11.2024;100131;35;643;65000;643;Погашение основной суммы кредита;Погашение основного долга по договору LOAN-DEMO-001 за 11.2024.;40802810999900000001;990000000001;0;ИП ДЕМОНОВ АЛЕКСЕЙ ТЕСТОВИЧ;044500999;30101810999990000999;45207810999900000001;LOAN-DEMO-001;9900000020;990001002;АО ДЕМО КРЕДИТ;044500997;30101810999990000997;45207810999900000001;9900000020;АО ДЕМО КРЕДИТ;044500997;;АО ДЕМО КРЕДИТ;;;;
40802810999900000001;Дебет;Кредитование;Транзакция;12.11.2024;12.11.2024;100132;35;643;15210;643;Проценты по кредиту;Уплата процентов по договору LOAN-DEMO-001 за 11.2024.;40802810999900000001;990000000001;0;ИП ДЕМОНОВ АЛЕКСЕЙ ТЕСТОВИЧ;044500999;30101810999990000999;45207810999900000001;LOAN-DEMO-001;9900000020;990001002;АО ДЕМО КРЕДИТ;044500997;30101810999990000997;45207810999900000001;9900000020;АО ДЕМО КРЕДИТ;044500997;;АО ДЕМО КРЕДИТ;;;;
40802810999900000001;Кредит;Входящие платежи;Транзакция;13.11.2024;13.11.2024;100106;17;643;80734,75;643;Зачисление выручки ИНТЕРНЕТ-ЭКВАЙРИНГ по реестру 202411001;Перевод средств по реестру операций 202411001. Канал: ИНТЕРНЕТ-ЭКВАЙРИНГ. НДС не облагается.;30232810999900000001;9900000030;990001003;АО ДЕМО ЭКВАЙРИНГ;044500996;30101810999990000996;40802810999900000001;DEMO-ACQ-001;990000000001;0;ИП ДЕМОНОВ АЛЕКСЕЙ ТЕСТОВИЧ;044500999;30101810999990000999;30232810999900000001;9900000030;АО ДЕМО ЭКВАЙРИНГ;044500996;;АО ДЕМО ЭКВАЙРИНГ;;;;
40802810999900000001;Дебет;Исходящие платежи;Транзакция;14.11.2024;14.11.2024;100117;01;643;24501;643;Логистика и доставка заказов за 11.2024;Транспортные услуги по реестру LOG-202411.;40802810999900000001;990000000001;0;ИП ДЕМОНОВ АЛЕКСЕЙ ТЕСТОВИЧ;044500999;30101810999990000999;40702810999930000001;DEMO-LOG-001;9903000001;990301001;ООО ДЕМО ЛОГИСТИКА;044500921;30101810999990000921;40702810999930000001;9903000001;ООО ДЕМО ЛОГИСТИКА;044500921;;АО ДЕМО БАНК;;;;
40802810999900000001;Дебет;Оплата картой;Транзакция;16.11.2024;16.11.2024;;17;643;1920,36;643;Оплата корпоративной подписки DEMO CLOUD;Оплата по корпоративной карте: облачное программное обеспечение.;40802810999900000001;990000000001;0;ИП ДЕМОНОВ АЛЕКСЕЙ ТЕСТОВИЧ;044500999;30101810999990000999;40702810999930000005;;9903000005;990301005;ООО СОФТ ДЕМО;044500925;30101810999990000925;40702810999930000005;9903000005;ООО СОФТ ДЕМО;044500925;5734;АО ДЕМО БАНК;;;;
40802810999900000001;Дебет;Исходящие платежи;Транзакция;16.11.2024;16.11.2024;100124;01;643;13627;643;Коммунальные расходы за 11.2024;Электроэнергия, связь и коммунальные услуги за 11.2024.;40802810999900000001;990000000001;0;ИП ДЕМОНОВ АЛЕКСЕЙ ТЕСТОВИЧ;044500999;30101810999990000999;40702810999930000005;UTIL-DEMO-001;9903000004;990301004;ООО ОБЛАКО ДЕМО;044500924;30101810999990000925;40702810999930000005;9903000004;ООО ОБЛАКО ДЕМО;044500924;;АО ДЕМО БАНК;;;;
40802810999900000001;Дебет;Исходящие платежи;Транзакция;17.11.2024;17.11.2024;100114;01;643;129106,86;643;Оплата поставщику за партию сырья 2024-11-2;Оплата материалов и производства по счету SUP-202411-2. В том числе НДС 20%.;40802810999900000001;990000000001;0;ИП ДЕМОНОВ АЛЕКСЕЙ ТЕСТОВИЧ;044500999;30101810999990000999;40702810999920000002;DEMO-SUPPLY-001;9902000002;990201002;ООО ТЕСТ ПРОИЗВОДСТВО;044500912;30101810999990000912;40702810999920000002;9902000002;ООО ТЕСТ ПРОИЗВОДСТВО;044500912;;АО ДЕМО БАНК;;;;
40802810999900000001;Кредит;Входящие платежи;Транзакция;18.11.2024;16.11.2024;100109;17;643;70711,57;643;Зачисление выручки ИНТЕРНЕТ-ЭКВАЙРИНГ по реестру 202411004;Перевод средств по реестру операций 202411004. Канал: ИНТЕРНЕТ-ЭКВАЙРИНГ. НДС не облагается.;30232810999900000001;9900000030;990001003;АО ДЕМО ЭКВАЙРИНГ;044500996;30101810999990000996;40802810999900000001;DEMO-ACQ-001;990000000001;0;ИП ДЕМОНОВ АЛЕКСЕЙ ТЕСТОВИЧ;044500999;30101810999990000999;30232810999900000001;9900000030;АО ДЕМО ЭКВАЙРИНГ;044500996;;АО ДЕМО ЭКВАЙРИНГ;;;;
40802810999900000001;Кредит;Входящие платежи;Транзакция;18.11.2024;16.11.2024;100111;17;643;38941,5;643;Зачисление выручки СБП по реестру 202411006;Перевод средств по реестру операций 202411006. Канал: СБП. НДС не облагается.;30232810999900000001;9900000030;990001003;АО ДЕМО ЭКВАЙРИНГ;044500996;30101810999990000996;40802810999900000001;DEMO-ACQ-001;990000000001;0;ИП ДЕМОНОВ АЛЕКСЕЙ ТЕСТОВИЧ;044500999;30101810999990000999;30232810999900000001;9900000030;АО ДЕМО ЭКВАЙРИНГ;044500996;;АО ДЕМО ЭКВАЙРИНГ;;;;
40802810999900000001;Дебет;Оплата картой;Транзакция;18.11.2024;18.11.2024;;17;643;4009,73;643;Канцелярские и хозяйственные товары;Оплата по корпоративной карте: офисные и хозяйственные расходы.;40802810999900000001;990000000001;0;ИП ДЕМОНОВ АЛЕКСЕЙ ТЕСТОВИЧ;044500999;30101810999990000999;40702810999930000006;;9903000006;990301006;ООО ОФИС ДЕМО;044500926;30101810999990000926;40702810999930000006;9903000006;ООО ОФИС ДЕМО;044500926;5943;АО ДЕМО БАНК;;;;
40802810999900000001;Дебет;Исходящие платежи;Транзакция;19.11.2024;19.11.2024;100120;01;643;60736;643;Вознаграждение подрядчику за 11.2024;Оплата услуг подрядчика по акту HR-202411-1. НДС не облагается.;40802810999900000001;990000000001;0;ИП ДЕМОНОВ АЛЕКСЕЙ ТЕСТОВИЧ;044500999;30101810999990000999;40817810999940000001;DEMO-HR-001;990400000001;0;САМОЗАНЯТЫЙ ДЕМО СПЕЦИАЛИСТ 01;044500931;30101810999990000931;40817810999940000001;990400000001;САМОЗАНЯТЫЙ ДЕМО СПЕЦИАЛИСТ 01;044500931;;АО ДЕМО БАНК;;;;
40802810999900000001;Кредит;Входящие платежи;Транзакция;20.11.2024;20.11.2024;100110;17;643;74434,74;643;Зачисление выручки ИНТЕРНЕТ-ЭКВАЙРИНГ по реестру 202411005;Перевод средств по реестру операций 202411005. Канал: ИНТЕРНЕТ-ЭКВАЙРИНГ. НДС не облагается.;30232810999900000001;9900000030;990001003;АО ДЕМО ЭКВАЙРИНГ;044500996;30101810999990000996;40802810999900000001;DEMO-ACQ-001;990000000001;0;ИП ДЕМОНОВ АЛЕКСЕЙ ТЕСТОВИЧ;044500999;30101810999990000999;30232810999900000001;9900000030;АО ДЕМО ЭКВАЙРИНГ;044500996;;АО ДЕМО ЭКВАЙРИНГ;;;;
40802810999900000001;Кредит;Входящие платежи;Транзакция;20.11.2024;20.11.2024;100112;17;643;80508,81;643;Зачисление выручки ИНТЕРНЕТ-ЭКВАЙРИНГ по реестру 202411007;Перевод средств по реестру операций 202411007. Канал: ИНТЕРНЕТ-ЭКВАЙРИНГ. НДС не облагается.;30232810999900000001;9900000030;990001003;АО ДЕМО ЭКВАЙРИНГ;044500996;30101810999990000996;40802810999900000001;DEMO-ACQ-001;990000000001;0;ИП ДЕМОНОВ АЛЕКСЕЙ ТЕСТОВИЧ;044500999;30101810999990000999;30232810999900000001;9900000030;АО ДЕМО ЭКВАЙРИНГ;044500996;;АО ДЕМО ЭКВАЙРИНГ;;;;
40802810999900000001;Дебет;Исходящие платежи;Транзакция;20.11.2024;20.11.2024;100121;01;643;49091;643;Вознаграждение подрядчику за 11.2024;Оплата услуг подрядчика по акту HR-202411-2. НДС не облагается.;40802810999900000001;990000000001;0;ИП ДЕМОНОВ АЛЕКСЕЙ ТЕСТОВИЧ;044500999;30101810999990000999;40817810999940000002;DEMO-HR-002;990400000002;0;САМОЗАНЯТЫЙ ДЕМО СПЕЦИАЛИСТ 02;044500932;30101810999990000932;40817810999940000002;990400000002;САМОЗАНЯТЫЙ ДЕМО СПЕЦИАЛИСТ 02;044500932;;АО ДЕМО БАНК;;;;
40802810999900000001;Дебет;Услуги банка;Транзакция;20.11.2024;20.11.2024;100126;17;643;490;643;Плата за обслуживание счета;Плата за обслуживание расчетного счета за 11.2024. Договор DEMO-BANK-001.;40802810999900000001;990000000001;0;ИП ДЕМОНОВ АЛЕКСЕЙ ТЕСТОВИЧ;044500999;30101810999990000999;47423810999900000001;DEMO-BANK-001;9900000002;990001001;АО ДЕМО БАНК;044500999;30101810999990000999;47423810999900000001;9900000002;АО ДЕМО БАНК;044500999;;АО ДЕМО БАНК;;;;
40802810999900000001;Дебет;Услуги банка;Транзакция;20.11.2024;20.11.2024;100127;17;643;199;643;Плата за услугу оповещения об операциях;Плата за уведомления и SMS-банк за 11.2024.;40802810999900000001;990000000001;0;ИП ДЕМОНОВ АЛЕКСЕЙ ТЕСТОВИЧ;044500999;30101810999990000999;47423810999900000001;DEMO-BANK-001;9900000002;990001001;АО ДЕМО БАНК;044500999;30101810999990000999;47423810999900000001;9900000002;АО ДЕМО БАНК;044500999;;АО ДЕМО БАНК;;;;
40802810999900000001;Кредит;Входящие платежи;Транзакция;21.11.2024;21.11.2024;100099;01;643;61147,54;643;Оплата от покупателя по счету DEMO-202411-001;Оплата товаров по счету DEMO-202411-001. НДС не облагается.;40702810999910000001;9901000001;990101001;ООО АЛЬФА-ДЕМО;044500901;30101810999990000901;40802810999900000001;Договор DEMO-0001;990000000001;0;ИП ДЕМОНОВ АЛЕКСЕЙ ТЕСТОВИЧ;044500999;30101810999990000999;40702810999910000001;9901000001;ООО АЛЬФА-ДЕМО;044500901;;АО ДЕМО БАНК;;;;
40802810999900000001;Дебет;Исходящие платежи;Транзакция;21.11.2024;21.11.2024;100122;01;643;75055;643;Вознаграждение подрядчику за 11.2024;Оплата услуг подрядчика по акту HR-202411-3. НДС не облагается.;40802810999900000001;990000000001;0;ИП ДЕМОНОВ АЛЕКСЕЙ ТЕСТОВИЧ;044500999;30101810999990000999;40802810999940000003;DEMO-HR-003;990400000003;0;ИП ТЕСТОВА МАРИЯ ДЕМО;044500933;30101810999990000933;40802810999940000003;990400000003;ИП ТЕСТОВА МАРИЯ ДЕМО;044500933;;АО ДЕМО БАНК;;;;
40802810999900000001;Кредит;Входящие платежи;Транзакция;22.11.2024;22.11.2024;100100;01;643;73363,13;643;Оплата от покупателя по счету DEMO-202411-002;Оплата товаров по счету DEMO-202411-002. НДС не облагается.;40702810999910000002;9901000003;990101002;ООО БЕТА-ТЕСТ;044500902;30101810999990000902;40802810999900000001;Договор DEMO-0002;990000000001;0;ИП ДЕМОНОВ АЛЕКСЕЙ ТЕСТОВИЧ;044500999;30101810999990000999;40702810999910000002;9901000003;ООО БЕТА-ТЕСТ;044500902;;АО ДЕМО БАНК;;;;
40802810999900000001;Дебет;Исходящие платежи;Транзакция;23.11.2024;23.11.2024;100115;01;643;78246,58;643;Оплата поставщику за партию сырья 2024-11-3;Оплата материалов и производства по счету SUP-202411-3. В том числе НДС 20%.;40802810999900000001;990000000001;0;ИП ДЕМОНОВ АЛЕКСЕЙ ТЕСТОВИЧ;044500999;30101810999990000999;40702810999920000002;DEMO-SUPPLY-001;9902000001;990201001;ООО ДЕМО СЫРЬЁ;044500911;30101810999990000912;40702810999920000002;9902000001;ООО ДЕМО СЫРЬЁ;044500911;;АО ДЕМО БАНК;;;;
40802810999900000001;Дебет;Исходящие платежи;Транзакция;24.11.2024;24.11.2024;100118;01;643;11780;643;Экспресс-доставка сезонных заказов;Дополнительная экспресс-доставка по реестру EXPRESS-202411.;40802810999900000001;990000000001;0;ИП ДЕМОНОВ АЛЕКСЕЙ ТЕСТОВИЧ;044500999;30101810999990000999;40702810999930000001;DEMO-LOG-001;9903000001;990301001;ООО ДЕМО ЛОГИСТИКА;044500921;30101810999990000921;40702810999930000001;9903000001;ООО ДЕМО ЛОГИСТИКА;044500921;;АО ДЕМО БАНК;;;;
40802810999900000001;Кредит;Входящие платежи;Транзакция;25.11.2024;24.11.2024;100103;01;643;90555,54;643;Оплата от покупателя по счету DEMO-202411-005;Оплата товаров по счету DEMO-202411-005. НДС не облагается.;40702810999910000001;9901000001;990101001;ООО АЛЬФА-ДЕМО;044500901;30101810999990000901;40802810999900000001;Договор DEMO-0001;990000000001;0;ИП ДЕМОНОВ АЛЕКСЕЙ ТЕСТОВИЧ;044500999;30101810999990000999;40702810999910000001;9901000001;ООО АЛЬФА-ДЕМО;044500901;;АО ДЕМО БАНК;;;;
40802810999900000001;Кредит;Входящие платежи;Транзакция;25.11.2024;24.11.2024;100104;01;643;82182,07;643;Оплата от покупателя по счету DEMO-202411-006;Оплата товаров по счету DEMO-202411-006. НДС не облагается.;40702810999910000002;9901000003;990101002;ООО БЕТА-ТЕСТ;044500902;30101810999990000902;40802810999900000001;Договор DEMO-0002;990000000001;0;ИП ДЕМОНОВ АЛЕКСЕЙ ТЕСТОВИЧ;044500999;30101810999990000999;40702810999910000002;9901000003;ООО БЕТА-ТЕСТ;044500902;;АО ДЕМО БАНК;;;;
40802810999900000001;Кредит;Входящие платежи;Транзакция;25.11.2024;24.11.2024;100108;17;643;53813,08;643;Зачисление выручки СБП по реестру 202411003;Перевод средств по реестру операций 202411003. Канал: СБП. НДС не облагается.;30232810999900000001;9900000030;990001003;АО ДЕМО ЭКВАЙРИНГ;044500996;30101810999990000996;40802810999900000001;DEMO-ACQ-001;990000000001;0;ИП ДЕМОНОВ АЛЕКСЕЙ ТЕСТОВИЧ;044500999;30101810999990000999;30232810999900000001;9900000030;АО ДЕМО ЭКВАЙРИНГ;044500996;;АО ДЕМО ЭКВАЙРИНГ;;;;
40802810999900000001;Дебет;Платежи в налоговую;Транзакция;25.11.2024;25.11.2024;100129;01;643;62226,6;643;ЕНП. Налог по УСН;Единый налоговый платеж. УСН 6%. Период 11.2024.;40802810999900000001;990000000001;0;ИП ДЕМОНОВ АЛЕКСЕЙ ТЕСТОВИЧ;044500999;30101810999990000999;03100643999900000001;;9900000010;990001001;КАЗНАЧЕЙСТВО ДЕМО (ФНС ДЕМО);017000999;40102810999990000999;03100643999900000001;9900000010;КАЗНАЧЕЙСТВО ДЕМО (ФНС ДЕМО);017000999;;КАЗНАЧЕЙСТВО ДЕМО;18210501011011000110;ТП;МС.11.2024;0
40802810999900000001;Кредит;Входящие платежи;Транзакция;27.11.2024;27.11.2024;100107;17;643;58049,01;643;Зачисление выручки ИНТЕРНЕТ-ЭКВАЙРИНГ по реестру 202411002;Перевод средств по реестру операций 202411002. Канал: ИНТЕРНЕТ-ЭКВАЙРИНГ. НДС не облагается.;30232810999900000001;9900000030;990001003;АО ДЕМО ЭКВАЙРИНГ;044500996;30101810999990000996;40802810999900000001;DEMO-ACQ-001;990000000001;0;ИП ДЕМОНОВ АЛЕКСЕЙ ТЕСТОВИЧ;044500999;30101810999990000999;30232810999900000001;9900000030;АО ДЕМО ЭКВАЙРИНГ;044500996;;АО ДЕМО ЭКВАЙРИНГ;;;;
40802810999900000001;Дебет;Услуги банка;Транзакция;27.11.2024;27.11.2024;100128;17;643;9826,93;643;Комиссия за интернет-эквайринг и СБП;Комиссия за обработку платежей по реестрам 11.2024.;40802810999900000001;990000000001;0;ИП ДЕМОНОВ АЛЕКСЕЙ ТЕСТОВИЧ;044500999;30101810999990000999;30232810999900000001;DEMO-ACQ-001;9900000030;990001003;АО ДЕМО ЭКВАЙРИНГ;044500996;30101810999990000996;30232810999900000001;9900000030;АО ДЕМО ЭКВАЙРИНГ;044500996;;АО ДЕМО ЭКВАЙРИНГ;;;;
40802810999900000001;Кредит;Входящие платежи;Транзакция;28.11.2024;28.11.2024;100130;17;643;1473,52;643;Проценты на остаток и бизнес-кэшбэк;Начисление процентов и кэшбэка за 11.2024.;47423810999900000001;9900000002;990001001;АО ДЕМО БАНК;044500999;30101810999990000999;40802810999900000001;DEMO-BANK-001;990000000001;0;ИП ДЕМОНОВ АЛЕКСЕЙ ТЕСТОВИЧ;044500999;30101810999990000999;47423810999900000001;9900000002;АО ДЕМО БАНК;044500999;;АО ДЕМО БАНК;;;;
40802810999900000001;Дебет;Исходящие платежи;Транзакция;02.12.2024;02.12.2024;100159;01;643;85000;643;Аренда помещения за 12.2024;Арендная плата по договору RENT-DEMO-001 за 12.2024.;40802810999900000001;990000000001;0;ИП ДЕМОНОВ АЛЕКСЕЙ ТЕСТОВИЧ;044500999;30101810999990000999;40702810999930000003;RENT-DEMO-001;9903000003;990301003;ООО БИЗНЕС-ЦЕНТР ДЕМО;044500923;30101810999990000923;40702810999930000003;9903000003;ООО БИЗНЕС-ЦЕНТР ДЕМО;044500923;;АО ДЕМО БАНК;;;;
40802810999900000001;Кредит;Входящие платежи;Транзакция;03.12.2024;03.12.2024;100136;01;643;74975,33;643;Оплата от покупателя по счету DEMO-202412-004;Оплата товаров по счету DEMO-202412-004. НДС не облагается.;40702810999910000001;9901000001;990101001;ООО АЛЬФА-ДЕМО;044500901;30101810999990000901;40802810999900000001;Договор DEMO-0001;990000000001;0;ИП ДЕМОНОВ АЛЕКСЕЙ ТЕСТОВИЧ;044500999;30101810999990000999;40702810999910000001;9901000001;ООО АЛЬФА-ДЕМО;044500901;;АО ДЕМО БАНК;;;;
40802810999900000001;Дебет;Исходящие платежи;Транзакция;07.12.2024;07.12.2024;100161;01;643;11158;643;Подписка на программное обеспечение;Лицензии и облачные сервисы за 12.2024.;40802810999900000001;990000000001;0;ИП ДЕМОНОВ АЛЕКСЕЙ ТЕСТОВИЧ;044500999;30101810999990000999;40702810999930000005;SOFT-DEMO-001;9903000005;990301005;ООО СОФТ ДЕМО;044500925;30101810999990000925;40702810999930000005;9903000005;ООО СОФТ ДЕМО;044500925;;АО ДЕМО БАНК;;;;
40802810999900000001;Дебет;Исходящие платежи;Транзакция;08.12.2024;08.12.2024;100155;01;643;53098,12;643;Маркетинг и реклама за 12.2024;"Рекламная кампания MEDIA-202412; продвижение и аналитика.";40802810999900000001;990000000001;0;ИП ДЕМОНОВ АЛЕКСЕЙ ТЕСТОВИЧ;044500999;30101810999990000999;40702810999930000002;DEMO-MEDIA-001;9903000002;990301002;ООО МЕДИА ТЕСТ;044500922;30101810999990000922;40702810999930000002;9903000002;ООО МЕДИА ТЕСТ;044500922;;АО ДЕМО БАНК;;;;
40802810999900000001;Кредит;Входящие платежи;Транзакция;09.12.2024;09.12.2024;100141;17;643;89502,76;643;Зачисление выручки ИНТЕРНЕТ-ЭКВАЙРИНГ по реестру 202412002;Перевод средств по реестру операций 202412002. Канал: ИНТЕРНЕТ-ЭКВАЙРИНГ. НДС не облагается.;30232810999900000001;9900000030;990001003;АО ДЕМО ЭКВАЙРИНГ;044500996;30101810999990000996;40802810999900000001;DEMO-ACQ-001;990000000001;0;ИП ДЕМОНОВ АЛЕКСЕЙ ТЕСТОВИЧ;044500999;30101810999990000999;30232810999900000001;9900000030;АО ДЕМО ЭКВАЙРИНГ;044500996;;АО ДЕМО ЭКВАЙРИНГ;;;;
40802810999900000001;Кредит;Входящие платежи;Транзакция;11.12.2024;11.12.2024;100140;17;643;87961,84;643;Зачисление выручки ИНТЕРНЕТ-ЭКВАЙРИНГ по реестру 202412001;Перевод средств по реестру операций 202412001. Канал: ИНТЕРНЕТ-ЭКВАЙРИНГ. НДС не облагается.;30232810999900000001;9900000030;990001003;АО ДЕМО ЭКВАЙРИНГ;044500996;30101810999990000996;40802810999900000001;DEMO-ACQ-001;990000000001;0;ИП ДЕМОНОВ АЛЕКСЕЙ ТЕСТОВИЧ;044500999;30101810999990000999;30232810999900000001;9900000030;АО ДЕМО ЭКВАЙРИНГ;044500996;;АО ДЕМО ЭКВАЙРИНГ;;;;
40802810999900000001;Дебет;Исходящие платежи;Транзакция;11.12.2024;11.12.2024;100149;01;643;195797,5;643;Оплата поставщику за партию сырья 2024-12-1;Оплата материалов и производства по счету SUP-202412-1. В том числе НДС 20%.;40802810999900000001;990000000001;0;ИП ДЕМОНОВ АЛЕКСЕЙ ТЕСТОВИЧ;044500999;30101810999990000999;40702810999920000002;DEMO-SUPPLY-001;9902000001;990201001;ООО ДЕМО СЫРЬЁ;044500911;30101810999990000912;40702810999920000002;9902000001;ООО ДЕМО СЫРЬЁ;044500911;;АО ДЕМО БАНК;;;;
40802810999900000001;Дебет;Исходящие платежи;Транзакция;11.12.2024;11.12.2024;100152;01;643;55051;643;Разработка продукта и тестовые образцы за 12.2024;Изготовление прототипов и тестовой партии по этапу DEV-202412.;40802810999900000001;990000000001;0;ИП ДЕМОНОВ АЛЕКСЕЙ ТЕСТОВИЧ;044500999;30101810999990000999;40702810999920000003;DEMO-RND-001;9902000003;990201003;ООО МАКЕТ-ЛАБ;044500913;30101810999990000913;40702810999920000003;9902000003;ООО МАКЕТ-ЛАБ;044500913;;АО ДЕМО БАНК;;;;
40802810999900000001;Кредит;Входящие платежи;Транзакция;12.12.2024;12.12.2024;100137;01;643;79984,1;643;Оплата от покупателя по счету DEMO-202412-005;Оплата товаров по счету DEMO-202412-005. НДС не облагается.;40702810999910000002;9901000003;990101002;ООО БЕТА-ТЕСТ;044500902;30101810999990000902;40802810999900000001;Договор DEMO-0002;990000000001;0;ИП ДЕМОНОВ АЛЕКСЕЙ ТЕСТОВИЧ;044500999;30101810999990000999;40702810999910000002;9901000003;ООО БЕТА-ТЕСТ;044500902;;АО ДЕМО БАНК;;;;
40802810999900000001;Дебет;Кредитование;Транзакция;12.12.2024;12.12.2024;100169;35;643;65000;643;Погашение основной суммы кредита;Погашение основного долга по договору LOAN-DEMO-001 за 12.2024.;40802810999900000001;990000000001;0;ИП ДЕМОНОВ АЛЕКСЕЙ ТЕСТОВИЧ;044500999;30101810999990000999;45207810999900000001;LOAN-DEMO-001;9900000020;990001002;АО ДЕМО КРЕДИТ;044500997;30101810999990000997;45207810999900000001;9900000020;АО ДЕМО КРЕДИТ;044500997;;АО ДЕМО КРЕДИТ;;;;
40802810999900000001;Дебет;Кредитование;Транзакция;12.12.2024;12.12.2024;100170;35;643;14780;643;Проценты по кредиту;Уплата процентов по договору LOAN-DEMO-001 за 12.2024.;40802810999900000001;990000000001;0;ИП ДЕМОНОВ АЛЕКСЕЙ ТЕСТОВИЧ;044500999;30101810999990000999;45207810999900000001;LOAN-DEMO-001;9900000020;990001002;АО ДЕМО КРЕДИТ;044500997;30101810999990000997;45207810999900000001;9900000020;АО ДЕМО КРЕДИТ;044500997;;АО ДЕМО КРЕДИТ;;;;
40802810999900000001;Кредит;Входящие платежи;Транзакция;13.12.2024;13.12.2024;100144;17;643;91661,86;643;Зачисление выручки ИНТЕРНЕТ-ЭКВАЙРИНГ по реестру 202412005;Перевод средств по реестру операций 202412005. Канал: ИНТЕРНЕТ-ЭКВАЙРИНГ. НДС не облагается.;30232810999900000001;9900000030;990001003;АО ДЕМО ЭКВАЙРИНГ;044500996;30101810999990000996;40802810999900000001;DEMO-ACQ-001;990000000001;0;ИП ДЕМОНОВ АЛЕКСЕЙ ТЕСТОВИЧ;044500999;30101810999990000999;30232810999900000001;9900000030;АО ДЕМО ЭКВАЙРИНГ;044500996;;АО ДЕМО ЭКВАЙРИНГ;;;;
40802810999900000001;Дебет;Исходящие платежи;Транзакция;14.12.2024;14.12.2024;100153;01;643;20775;643;Логистика и доставка заказов за 12.2024;Транспортные услуги по реестру LOG-202412.;40802810999900000001;990000000001;0;ИП ДЕМОНОВ АЛЕКСЕЙ ТЕСТОВИЧ;044500999;30101810999990000999;40702810999930000001;DEMO-LOG-001;9903000001;990301001;ООО ДЕМО ЛОГИСТИКА;044500921;30101810999990000921;40702810999930000001;9903000001;ООО ДЕМО ЛОГИСТИКА;044500921;;АО ДЕМО БАНК;;;;
40802810999900000001;Дебет;Оплата картой;Транзакция;15.12.2024;15.12.2024;;17;643;3022,95;643;Оплата корпоративной подписки DEMO CLOUD;Оплата по корпоративной карте: облачное программное обеспечение.;40802810999900000001;990000000001;0;ИП ДЕМОНОВ АЛЕКСЕЙ ТЕСТОВИЧ;044500999;30101810999990000999;40702810999930000005;;9903000005;990301005;ООО СОФТ ДЕМО;044500925;30101810999990000925;40702810999930000005;9903000005;ООО СОФТ ДЕМО;044500925;5734;АО ДЕМО БАНК;;;;
40802810999900000001;Кредит;Входящие платежи;Транзакция;16.12.2024;14.12.2024;100139;01;643;104862,19;643;Оплата от покупателя по счету DEMO-202412-007;Оплата товаров по счету DEMO-202412-007. НДС не облагается.;40702810999910000004;9901000004;990101004;ООО ДЕЛЬТА-ШОП;044500904;30101810999990000904;40802810999900000001;Договор DEMO-0004;990000000001;0;ИП ДЕМОНОВ АЛЕКСЕЙ ТЕСТОВИЧ;044500999;30101810999990000999;40702810999910000004;9901000004;ООО ДЕЛЬТА-ШОП;044500904;;АО ДЕМО БАНК;;;;
40802810999900000001;Кредит;Входящие платежи;Транзакция;16.12.2024;14.12.2024;100146;17;643;70260,17;643;Зачисление выручки ИНТЕРНЕТ-ЭКВАЙРИНГ по реестру 202412007;Перевод средств по реестру операций 202412007. Канал: ИНТЕРНЕТ-ЭКВАЙРИНГ. НДС не облагается.;30232810999900000001;9900000030;990001003;АО ДЕМО ЭКВАЙРИНГ;044500996;30101810999990000996;40802810999900000001;DEMO-ACQ-001;990000000001;0;ИП ДЕМОНОВ АЛЕКСЕЙ ТЕСТОВИЧ;044500999;30101810999990000999;30232810999900000001;9900000030;АО ДЕМО ЭКВАЙРИНГ;044500996;;АО ДЕМО ЭКВАЙРИНГ;;;;
40802810999900000001;Кредит;Входящие платежи;Транзакция;16.12.2024;15.12.2024;100145;17;643;52455,25;643;Зачисление выручки СБП по реестру 202412006;Перевод средств по реестру операций 202412006. Канал: СБП. НДС не облагается.;30232810999900000001;9900000030;990001003;АО ДЕМО ЭКВАЙРИНГ;044500996;30101810999990000996;40802810999900000001;DEMO-ACQ-001;990000000001;0;ИП ДЕМОНОВ АЛЕКСЕЙ ТЕСТОВИЧ;044500999;30101810999990000999;30232810999900000001;9900000030;АО ДЕМО ЭКВАЙРИНГ;044500996;;АО ДЕМО ЭКВАЙРИНГ;;;;
40802810999900000001;Кредит;Входящие платежи;Транзакция;16.12.2024;16.12.2024;100147;17;643;46120,47;643;Зачисление выручки ИНТЕРНЕТ-ЭКВАЙРИНГ по реестру 202412008;Перевод средств по реестру операций 202412008. Канал: ИНТЕРНЕТ-ЭКВАЙРИНГ. НДС не облагается.;30232810999900000001;9900000030;990001003;АО ДЕМО ЭКВАЙРИНГ;044500996;30101810999990000996;40802810999900000001;DEMO-ACQ-001;990000000001;0;ИП ДЕМОНОВ АЛЕКСЕЙ ТЕСТОВИЧ;044500999;30101810999990000999;30232810999900000001;9900000030;АО ДЕМО ЭКВАЙРИНГ;044500996;;АО ДЕМО ЭКВАЙРИНГ;;;;
40802810999900000001;Дебет;Исходящие платежи;Транзакция;16.12.2024;16.12.2024;100160;01;643;19619;643;Коммунальные расходы за 12.2024;Электроэнергия, связь и коммунальные услуги за 12.2024.;40802810999900000001;990000000001;0;ИП ДЕМОНОВ АЛЕКСЕЙ ТЕСТОВИЧ;044500999;30101810999990000999;40702810999930000005;UTIL-DEMO-001;9903000004;990301004;ООО ОБЛАКО ДЕМО;044500924;30101810999990000925;40702810999930000005;9903000004;ООО ОБЛАКО ДЕМО;044500924;;АО ДЕМО БАНК;;;;
40802810999900000001;Дебет;Исходящие платежи;Транзакция;17.12.2024;17.12.2024;100150;01;643;137474,84;643;Оплата поставщику за партию сырья 2024-12-2;Оплата материалов и производства по счету SUP-202412-2. В том числе НДС 20%.;40802810999900000001;990000000001;0;ИП ДЕМОНОВ АЛЕКСЕЙ ТЕСТОВИЧ;044500999;30101810999990000999;40702810999920000002;DEMO-SUPPLY-001;9902000002;990201002;ООО ТЕСТ ПРОИЗВОДСТВО;044500912;30101810999990000912;40702810999920000002;9902000002;ООО ТЕСТ ПРОИЗВОДСТВО;044500912;;АО ДЕМО БАНК;;;;
40802810999900000001;Кредит;Входящие платежи;Транзакция;18.12.2024;18.12.2024;100138;01;643;71330,91;643;Оплата от покупателя по счету DEMO-202412-006;Оплата товаров по счету DEMO-202412-006. НДС не облагается.;40702810999910000004;9901000003;990101003;ООО ГАММА-МАРКЕТ;044500903;30101810999990000903;40802810999900000001;Договор DEMO-0003;990000000001;0;ИП ДЕМОНОВ АЛЕКСЕЙ ТЕСТОВИЧ;044500999;30101810999990000999;40702810999910000004;9901000003;ООО ГАММА-МАРКЕТ;044500903;;АО ДЕМО БАНК;;;;
40802810999900000001;Дебет;Оплата картой;Транзакция;19.12.2024;19.12.2024;;17;643;7517,25;643;Канцелярские и хозяйственные товары;Оплата по корпоративной карте: офисные и хозяйственные расходы.;40802810999900000001;990000000001;0;ИП ДЕМОНОВ АЛЕКСЕЙ ТЕСТОВИЧ;044500999;30101810999990000999;40702810999930000006;;9903000006;990301006;ООО ОФИС ДЕМО;044500926;30101810999990000926;40702810999930000006;9903000006;ООО ОФИС ДЕМО;044500926;5943;АО ДЕМО БАНК;;;;
40802810999900000001;Кредит;Входящие платежи;Транзакция;19.12.2024;19.12.2024;100135;01;643;111274,47;643;Оплата от покупателя по счету DEMO-202412-003;Оплата товаров по счету DEMO-202412-003. НДС не облагается.;40702810999910000004;9901000004;990101004;ООО ДЕЛЬТА-ШОП;044500904;30101810999990000904;40802810999900000001;Договор DEMO-0004;990000000001;0;ИП ДЕМОНОВ АЛЕКСЕЙ ТЕСТОВИЧ;044500999;30101810999990000999;40702810999910000004;9901000004;ООО ДЕЛЬТА-ШОП;044500904;;АО ДЕМО БАНК;;;;
40802810999900000001;Дебет;Исходящие платежи;Транзакция;19.12.2024;19.12.2024;100156;01;643;65517;643;Вознаграждение подрядчику за 12.2024;Оплата услуг подрядчика по акту HR-202412-1. НДС не облагается.;40802810999900000001;990000000001;0;ИП ДЕМОНОВ АЛЕКСЕЙ ТЕСТОВИЧ;044500999;30101810999990000999;40817810999940000001;DEMO-HR-001;990400000001;0;САМОЗАНЯТЫЙ ДЕМО СПЕЦИАЛИСТ 01;044500931;30101810999990000931;40817810999940000001;990400000001;САМОЗАНЯТЫЙ ДЕМО СПЕЦИАЛИСТ 01;044500931;;АО ДЕМО БАНК;;;;
40802810999900000001;Кредит;Входящие платежи;Транзакция;20.12.2024;20.12.2024;100133;01;643;62261,76;643;Оплата от покупателя по счету DEMO-202412-001;Оплата товаров по счету DEMO-202412-001. НДС не облагается.;40702810999910000002;9901000003;990101002;ООО БЕТА-ТЕСТ;044500902;30101810999990000902;40802810999900000001;Договор DEMO-0002;990000000001;0;ИП ДЕМОНОВ АЛЕКСЕЙ ТЕСТОВИЧ;044500999;30101810999990000999;40702810999910000002;9901000003;ООО БЕТА-ТЕСТ;044500902;;АО ДЕМО БАНК;;;;
40802810999900000001;Дебет;Исходящие платежи;Транзакция;20.12.2024;20.12.2024;100157;01;643;45571;643;Вознаграждение подрядчику за 12.2024;Оплата услуг подрядчика по акту HR-202412-2. НДС не облагается.;40802810999900000001;990000000001;0;ИП ДЕМОНОВ АЛЕКСЕЙ ТЕСТОВИЧ;044500999;30101810999990000999;40817810999940000002;DEMO-HR-002;990400000002;0;САМОЗАНЯТЫЙ ДЕМО СПЕЦИАЛИСТ 02;044500932;30101810999990000932;40817810999940000002;990400000002;САМОЗАНЯТЫЙ ДЕМО СПЕЦИАЛИСТ 02;044500932;;АО ДЕМО БАНК;;;;
40802810999900000001;Дебет;Услуги банка;Транзакция;20.12.2024;20.12.2024;100162;17;643;490;643;Плата за обслуживание счета;Плата за обслуживание расчетного счета за 12.2024. Договор DEMO-BANK-001.;40802810999900000001;990000000001;0;ИП ДЕМОНОВ АЛЕКСЕЙ ТЕСТОВИЧ;044500999;30101810999990000999;47423810999900000001;DEMO-BANK-001;9900000002;990001001;АО ДЕМО БАНК;044500999;30101810999990000999;47423810999900000001;9900000002;АО ДЕМО БАНК;044500999;;АО ДЕМО БАНК;;;;
40802810999900000001;Дебет;Услуги банка;Транзакция;20.12.2024;20.12.2024;100163;17;643;199;643;Плата за услугу оповещения об операциях;Плата за уведомления и SMS-банк за 12.2024.;40802810999900000001;990000000001;0;ИП ДЕМОНОВ АЛЕКСЕЙ ТЕСТОВИЧ;044500999;30101810999990000999;47423810999900000001;DEMO-BANK-001;9900000002;990001001;АО ДЕМО БАНК;044500999;30101810999990000999;47423810999900000001;9900000002;АО ДЕМО БАНК;044500999;;АО ДЕМО БАНК;;;;
40802810999900000001;Дебет;Исходящие платежи;Транзакция;21.12.2024;21.12.2024;100158;01;643;61567;643;Вознаграждение подрядчику за 12.2024;Оплата услуг подрядчика по акту HR-202412-3. НДС не облагается.;40802810999900000001;990000000001;0;ИП ДЕМОНОВ АЛЕКСЕЙ ТЕСТОВИЧ;044500999;30101810999990000999;40802810999940000003;DEMO-HR-003;990400000003;0;ИП ТЕСТОВА МАРИЯ ДЕМО;044500933;30101810999990000933;40802810999940000003;990400000003;ИП ТЕСТОВА МАРИЯ ДЕМО;044500933;;АО ДЕМО БАНК;;;;
40802810999900000001;Кредит;Возвраты от контрагентов;Транзакция;22.12.2024;22.12.2024;100168;01;643;8111;643;Возврат переплаты от поставщика;Возврат излишне перечисленных средств по акту сверки 2024-12.;40702810999920000002;9902000001;990201001;ООО ДЕМО СЫРЬЁ;044500911;30101810999990000912;40802810999900000001;DEMO-SUPPLY-001;990000000001;0;ИП ДЕМОНОВ АЛЕКСЕЙ ТЕСТОВИЧ;044500999;30101810999990000999;40702810999920000002;9902000001;ООО ДЕМО СЫРЬЁ;044500911;;АО ДЕМО БАНК;;;;
40802810999900000001;Кредит;Входящие платежи;Транзакция;23.12.2024;21.12.2024;100148;17;643;63938,03;643;Зачисление выручки СБП по реестру 202412009;Перевод средств по реестру операций 202412009. Канал: СБП. НДС не облагается.;30232810999900000001;9900000030;990001003;АО ДЕМО ЭКВАЙРИНГ;044500996;30101810999990000996;40802810999900000001;DEMO-ACQ-001;990000000001;0;ИП ДЕМОНОВ АЛЕКСЕЙ ТЕСТОВИЧ;044500999;30101810999990000999;30232810999900000001;9900000030;АО ДЕМО ЭКВАЙРИНГ;044500996;;АО ДЕМО ЭКВАЙРИНГ;;;;
40802810999900000001;Кредит;Входящие платежи;Транзакция;23.12.2024;22.12.2024;100134;01;643;109285,36;643;Оплата от покупателя по счету DEMO-202412-002;Оплата товаров по счету DEMO-202412-002. НДС не облагается.;40702810999910000004;9901000003;990101003;ООО ГАММА-МАРКЕТ;044500903;30101810999990000903;40802810999900000001;Договор DEMO-0003;990000000001;0;ИП ДЕМОНОВ АЛЕКСЕЙ ТЕСТОВИЧ;044500999;30101810999990000999;40702810999910000004;9901000003;ООО ГАММА-МАРКЕТ;044500903;;АО ДЕМО БАНК;;;;
40802810999900000001;Дебет;Исходящие платежи;Транзакция;23.12.2024;23.12.2024;100151;01;643;83318,09;643;Оплата поставщику за партию сырья 2024-12-3;Оплата материалов и производства по счету SUP-202412-3. В том числе НДС 20%.;40802810999900000001;990000000001;0;ИП ДЕМОНОВ АЛЕКСЕЙ ТЕСТОВИЧ;044500999;30101810999990000999;40702810999920000002;DEMO-SUPPLY-001;9902000001;990201001;ООО ДЕМО СЫРЬЁ;044500911;30101810999990000912;40702810999920000002;9902000001;ООО ДЕМО СЫРЬЁ;044500911;;АО ДЕМО БАНК;;;;
40802810999900000001;Дебет;Исходящие платежи;Транзакция;24.12.2024;24.12.2024;100154;01;643;16117;643;Экспресс-доставка сезонных заказов;Дополнительная экспресс-доставка по реестру EXPRESS-202412.;40802810999900000001;990000000001;0;ИП ДЕМОНОВ АЛЕКСЕЙ ТЕСТОВИЧ;044500999;30101810999990000999;40702810999930000001;DEMO-LOG-001;9903000001;990301001;ООО ДЕМО ЛОГИСТИКА;044500921;30101810999990000921;40702810999930000001;9903000001;ООО ДЕМО ЛОГИСТИКА;044500921;;АО ДЕМО БАНК;;;;
40802810999900000001;Кредит;Входящие платежи;Транзакция;25.12.2024;25.12.2024;100142;17;643;38441,34;643;Зачисление выручки СБП по реестру 202412003;Перевод средств по реестру операций 202412003. Канал: СБП. НДС не облагается.;30232810999900000001;9900000030;990001003;АО ДЕМО ЭКВАЙРИНГ;044500996;30101810999990000996;40802810999900000001;DEMO-ACQ-001;990000000001;0;ИП ДЕМОНОВ АЛЕКСЕЙ ТЕСТОВИЧ;044500999;30101810999990000999;30232810999900000001;9900000030;АО ДЕМО ЭКВАЙРИНГ;044500996;;АО ДЕМО ЭКВАЙРИНГ;;;;
40802810999900000001;Кредит;Входящие платежи;Транзакция;25.12.2024;25.12.2024;100143;17;643;52774,59;643;Зачисление выручки ИНТЕРНЕТ-ЭКВАЙРИНГ по реестру 202412004;Перевод средств по реестру операций 202412004. Канал: ИНТЕРНЕТ-ЭКВАЙРИНГ. НДС не облагается.;30232810999900000001;9900000030;990001003;АО ДЕМО ЭКВАЙРИНГ;044500996;30101810999990000996;40802810999900000001;DEMO-ACQ-001;990000000001;0;ИП ДЕМОНОВ АЛЕКСЕЙ ТЕСТОВИЧ;044500999;30101810999990000999;30232810999900000001;9900000030;АО ДЕМО ЭКВАЙРИНГ;044500996;;АО ДЕМО ЭКВАЙРИНГ;;;;
40802810999900000001;Дебет;Платежи в налоговую;Транзакция;25.12.2024;25.12.2024;100165;01;643;72425,43;643;ЕНП. Налог по УСН;Единый налоговый платеж. УСН 6%. Период 12.2024.;40802810999900000001;990000000001;0;ИП ДЕМОНОВ АЛЕКСЕЙ ТЕСТОВИЧ;044500999;30101810999990000999;03100643999900000001;;9900000010;990001001;КАЗНАЧЕЙСТВО ДЕМО (ФНС ДЕМО);017000999;40102810999990000999;03100643999900000001;9900000010;КАЗНАЧЕЙСТВО ДЕМО (ФНС ДЕМО);017000999;;КАЗНАЧЕЙСТВО ДЕМО;18210501011011000110;ТП;МС.12.2024;0
40802810999900000001;Дебет;Платежи в налоговую;Транзакция;26.12.2024;26.12.2024;100166;01;643;41135;643;Страховые взносы за работников;Страховые взносы за квартал, окончание 12.2024.;40802810999900000001;990000000001;0;ИП ДЕМОНОВ АЛЕКСЕЙ ТЕСТОВИЧ;044500999;30101810999990000999;03100643999900000001;;9900000010;990001001;КАЗНАЧЕЙСТВО ДЕМО (ФНС ДЕМО);017000999;40102810999990000999;03100643999900000001;9900000010;КАЗНАЧЕЙСТВО ДЕМО (ФНС ДЕМО);017000999;;КАЗНАЧЕЙСТВО ДЕМО;18210202010061010160;ТП;КВ.04.2024;0
40802810999900000001;Дебет;Услуги банка;Транзакция;27.12.2024;27.12.2024;100164;17;643;12151,44;643;Комиссия за интернет-эквайринг и СБП;Комиссия за обработку платежей по реестрам 12.2024.;40802810999900000001;990000000001;0;ИП ДЕМОНОВ АЛЕКСЕЙ ТЕСТОВИЧ;044500999;30101810999990000999;30232810999900000001;DEMO-ACQ-001;9900000030;990001003;АО ДЕМО ЭКВАЙРИНГ;044500996;30101810999990000996;30232810999900000001;9900000030;АО ДЕМО ЭКВАЙРИНГ;044500996;;АО ДЕМО ЭКВАЙРИНГ;;;;
40802810999900000001;Кредит;Входящие платежи;Транзакция;28.12.2024;28.12.2024;100167;17;643;1844,45;643;Проценты на остаток и бизнес-кэшбэк;Начисление процентов и кэшбэка за 12.2024.;47423810999900000001;9900000002;990001001;АО ДЕМО БАНК;044500999;30101810999990000999;40802810999900000001;DEMO-BANK-001;990000000001;0;ИП ДЕМОНОВ АЛЕКСЕЙ ТЕСТОВИЧ;044500999;30101810999990000999;47423810999900000001;9900000002;АО ДЕМО БАНК;044500999;;АО ДЕМО БАНК;;;;
40802810999900000001;Дебет;Исходящие платежи;Транзакция;02.01.2025;02.01.2025;100191;01;643;85000;643;Аренда помещения за 01.2025;Арендная плата по договору RENT-DEMO-001 за 01.2025.;40802810999900000001;990000000001;0;ИП ДЕМОНОВ АЛЕКСЕЙ ТЕСТОВИЧ;044500999;30101810999990000999;40702810999930000003;RENT-DEMO-001;9903000003;990301003;ООО БИЗНЕС-ЦЕНТР ДЕМО;044500923;30101810999990000923;40702810999930000003;9903000003;ООО БИЗНЕС-ЦЕНТР ДЕМО;044500923;;АО ДЕМО БАНК;;;;
40802810999900000001;Кредит;Входящие платежи;Транзакция;03.01.2025;03.01.2025;100179;17;643;40369,67;643;Зачисление выручки ИНТЕРНЕТ-ЭКВАЙРИНГ по реестру 202501005;Перевод средств по реестру операций 202501005. Канал: ИНТЕРНЕТ-ЭКВАЙРИНГ. НДС не облагается.;30232810999900000001;9900000030;990001003;АО ДЕМО ЭКВАЙРИНГ;044500996;30101810999990000996;40802810999900000001;DEMO-ACQ-001;990000000001;0;ИП ДЕМОНОВ АЛЕКСЕЙ ТЕСТОВИЧ;044500999;30101810999990000999;30232810999900000001;9900000030;АО ДЕМО ЭКВАЙРИНГ;044500996;;АО ДЕМО ЭКВАЙРИНГ;;;;
40802810999900000001;Кредит;Входящие платежи;Транзакция;06.01.2025;04.01.2025;100180;17;643;45436,31;643;Зачисление выручки СБП по реестру 202501006;Перевод средств по реестру операций 202501006. Канал: СБП. НДС не облагается.;30232810999900000001;9900000030;990001003;АО ДЕМО ЭКВАЙРИНГ;044500996;30101810999990000996;40802810999900000001;DEMO-ACQ-001;990000000001;0;ИП ДЕМОНОВ АЛЕКСЕЙ ТЕСТОВИЧ;044500999;30101810999990000999;30232810999900000001;9900000030;АО ДЕМО ЭКВАЙРИНГ;044500996;;АО ДЕМО ЭКВАЙРИНГ;;;;
40802810999900000001;Дебет;Исходящие платежи;Транзакция;07.01.2025;07.01.2025;100193;01;643;9953;643;Подписка на программное обеспечение;Лицензии и облачные сервисы за 01.2025.;40802810999900000001;990000000001;0;ИП ДЕМОНОВ АЛЕКСЕЙ ТЕСТОВИЧ;044500999;30101810999990000999;40702810999930000005;SOFT-DEMO-001;9903000005;990301005;ООО СОФТ ДЕМО;044500925;30101810999990000925;40702810999930000005;9903000005;ООО СОФТ ДЕМО;044500925;;АО ДЕМО БАНК;;;;
40802810999900000001;Кредит;Входящие платежи;Транзакция;08.01.2025;08.01.2025;100171;01;643;111934,63;643;Оплата от покупателя по счету DEMO-202501-001;Оплата товаров по счету DEMO-202501-001. НДС не облагается.;40702810999910000004;9901000003;990101003;ООО ГАММА-МАРКЕТ;044500903;30101810999990000903;40802810999900000001;Договор DEMO-0003;990000000001;0;ИП ДЕМОНОВ АЛЕКСЕЙ ТЕСТОВИЧ;044500999;30101810999990000999;40702810999910000004;9901000003;ООО ГАММА-МАРКЕТ;044500903;;АО ДЕМО БАНК;;;;
40802810999900000001;Кредит;Входящие платежи;Транзакция;08.01.2025;08.01.2025;100174;01;643;84156,23;643;Оплата от покупателя по счету DEMO-202501-004;Оплата товаров по счету DEMO-202501-004. НДС не облагается.;40702810999910000002;9901000003;990101002;ООО БЕТА-ТЕСТ;044500902;30101810999990000902;40802810999900000001;Договор DEMO-0002;990000000001;0;ИП ДЕМОНОВ АЛЕКСЕЙ ТЕСТОВИЧ;044500999;30101810999990000999;40702810999910000002;9901000003;ООО БЕТА-ТЕСТ;044500902;;АО ДЕМО БАНК;;;;
40802810999900000001;Дебет;Исходящие платежи;Транзакция;08.01.2025;08.01.2025;100187;01;643;36128;643;Маркетинг и реклама за 01.2025;"Рекламная кампания MEDIA-202501; продвижение и аналитика.";40802810999900000001;990000000001;0;ИП ДЕМОНОВ АЛЕКСЕЙ ТЕСТОВИЧ;044500999;30101810999990000999;40702810999930000002;DEMO-MEDIA-001;9903000002;990301002;ООО МЕДИА ТЕСТ;044500922;30101810999990000922;40702810999930000002;9903000002;ООО МЕДИА ТЕСТ;044500922;;АО ДЕМО БАНК;;;;
40802810999900000001;Кредит;Входящие платежи;Транзакция;09.01.2025;09.01.2025;100178;17;643;49494,27;643;Зачисление выручки ИНТЕРНЕТ-ЭКВАЙРИНГ по реестру 202501004;Перевод средств по реестру операций 202501004. Канал: ИНТЕРНЕТ-ЭКВАЙРИНГ. НДС не облагается.;30232810999900000001;9900000030;990001003;АО ДЕМО ЭКВАЙРИНГ;044500996;30101810999990000996;40802810999900000001;DEMO-ACQ-001;990000000001;0;ИП ДЕМОНОВ АЛЕКСЕЙ ТЕСТОВИЧ;044500999;30101810999990000999;30232810999900000001;9900000030;АО ДЕМО ЭКВАЙРИНГ;044500996;;АО ДЕМО ЭКВАЙРИНГ;;;;
40802810999900000001;Дебет;Оплата картой;Транзакция;10.01.2025;10.01.2025;;17;643;3591,32;643;Оплата корпоративной подписки DEMO CLOUD;Оплата по корпоративной карте: облачное программное обеспечение.;40802810999900000001;990000000001;0;ИП ДЕМОНОВ АЛЕКСЕЙ ТЕСТОВИЧ;044500999;30101810999990000999;40702810999930000005;;9903000005;990301005;ООО СОФТ ДЕМО;044500925;30101810999990000925;40702810999930000005;9903000005;ООО СОФТ ДЕМО;044500925;5734;АО ДЕМО БАНК;;;;
40802810999900000001;Дебет;Исходящие платежи;Транзакция;11.01.2025;11.01.2025;100182;01;643;108836,47;643;Оплата поставщику за партию сырья 2025-01-1;Оплата материалов и производства по счету SUP-202501-1. В том числе НДС 20%.;40802810999900000001;990000000001;0;ИП ДЕМОНОВ АЛЕКСЕЙ ТЕСТОВИЧ;044500999;30101810999990000999;40702810999920000002;DEMO-SUPPLY-001;9902000001;990201001;ООО ДЕМО СЫРЬЁ;044500911;30101810999990000912;40702810999920000002;9902000001;ООО ДЕМО СЫРЬЁ;044500911;;АО ДЕМО БАНК;;;;
40802810999900000001;Дебет;Исходящие платежи;Транзакция;11.01.2025;11.01.2025;100185;01;643;28230;643;Разработка продукта и тестовые образцы за 01.2025;Изготовление прототипов и тестовой партии по этапу DEV-202501.;40802810999900000001;990000000001;0;ИП ДЕМОНОВ АЛЕКСЕЙ ТЕСТОВИЧ;044500999;30101810999990000999;40702810999920000003;DEMO-RND-001;9902000003;990201003;ООО МАКЕТ-ЛАБ;044500913;30101810999990000913;40702810999920000003;9902000003;ООО МАКЕТ-ЛАБ;044500913;;АО ДЕМО БАНК;;;;
40802810999900000001;Дебет;Кредитование;Транзакция;12.01.2025;12.01.2025;100202;35;643;65000;643;Погашение основной суммы кредита;Погашение основного долга по договору LOAN-DEMO-001 за 01.2025.;40802810999900000001;990000000001;0;ИП ДЕМОНОВ АЛЕКСЕЙ ТЕСТОВИЧ;044500999;30101810999990000999;45207810999900000001;LOAN-DEMO-001;9900000020;990001002;АО ДЕМО КРЕДИТ;044500997;30101810999990000997;45207810999900000001;9900000020;АО ДЕМО КРЕДИТ;044500997;;АО ДЕМО КРЕДИТ;;;;
40802810999900000001;Дебет;Кредитование;Транзакция;12.01.2025;12.01.2025;100203;35;643;14350;643;Проценты по кредиту;Уплата процентов по договору LOAN-DEMO-001 за 01.2025.;40802810999900000001;990000000001;0;ИП ДЕМОНОВ АЛЕКСЕЙ ТЕСТОВИЧ;044500999;30101810999990000999;45207810999900000001;LOAN-DEMO-001;9900000020;990001002;АО ДЕМО КРЕДИТ;044500997;30101810999990000997;45207810999900000001;9900000020;АО ДЕМО КРЕДИТ;044500997;;АО ДЕМО КРЕДИТ;;;;
40802810999900000001;Кредит;Входящие платежи;Транзакция;14.01.2025;14.01.2025;100173;01;643;112311,14;643;Оплата от покупателя по счету DEMO-202501-003;Оплата товаров по счету DEMO-202501-003. НДС не облагается.;40702810999910000001;9901000001;990101001;ООО АЛЬФА-ДЕМО;044500901;30101810999990000901;40802810999900000001;Договор DEMO-0001;990000000001;0;ИП ДЕМОНОВ АЛЕКСЕЙ ТЕСТОВИЧ;044500999;30101810999990000999;40702810999910000001;9901000001;ООО АЛЬФА-ДЕМО;044500901;;АО ДЕМО БАНК;;;;
40802810999900000001;Кредит;Входящие платежи;Транзакция;14.01.2025;14.01.2025;100181;17;643;27381,51;643;Зачисление выручки ИНТЕРНЕТ-ЭКВАЙРИНГ по реестру 202501007;Перевод средств по реестру операций 202501007. Канал: ИНТЕРНЕТ-ЭКВАЙРИНГ. НДС не облагается.;30232810999900000001;9900000030;990001003;АО ДЕМО ЭКВАЙРИНГ;044500996;30101810999990000996;40802810999900000001;DEMO-ACQ-001;990000000001;0;ИП ДЕМОНОВ АЛЕКСЕЙ ТЕСТОВИЧ;044500999;30101810999990000999;30232810999900000001;9900000030;АО ДЕМО ЭКВАЙРИНГ;044500996;;АО ДЕМО ЭКВАЙРИНГ;;;;
40802810999900000001;Дебет;Исходящие платежи;Транзакция;14.01.2025;14.01.2025;100186;01;643;17105;643;Логистика и доставка заказов за 01.2025;Транспортные услуги по реестру LOG-202501.;40802810999900000001;990000000001;0;ИП ДЕМОНОВ АЛЕКСЕЙ ТЕСТОВИЧ;044500999;30101810999990000999;40702810999930000001;DEMO-LOG-001;9903000001;990301001;ООО ДЕМО ЛОГИСТИКА;044500921;30101810999990000921;40702810999930000001;9903000001;ООО ДЕМО ЛОГИСТИКА;044500921;;АО ДЕМО БАНК;;;;
40802810999900000001;Кредит;Входящие платежи;Транзакция;15.01.2025;15.01.2025;100172;01;643;79841,44;643;Оплата от покупателя по счету DEMO-202501-002;Оплата товаров по счету DEMO-202501-002. НДС не облагается.;40702810999910000004;9901000004;990101004;ООО ДЕЛЬТА-ШОП;044500904;30101810999990000904;40802810999900000001;Договор DEMO-0004;990000000001;0;ИП ДЕМОНОВ АЛЕКСЕЙ ТЕСТОВИЧ;044500999;30101810999990000999;40702810999910000004;9901000004;ООО ДЕЛЬТА-ШОП;044500904;;АО ДЕМО БАНК;;;;
40802810999900000001;Дебет;Исходящие платежи;Транзакция;16.01.2025;16.01.2025;100192;01;643;14150;643;Коммунальные расходы за 01.2025;Электроэнергия, связь и коммунальные услуги за 01.2025.;40802810999900000001;990000000001;0;ИП ДЕМОНОВ АЛЕКСЕЙ ТЕСТОВИЧ;044500999;30101810999990000999;40702810999930000005;UTIL-DEMO-001;9903000004;990301004;ООО ОБЛАКО ДЕМО;044500924;30101810999990000925;40702810999930000005;9903000004;ООО ОБЛАКО ДЕМО;044500924;;АО ДЕМО БАНК;;;;
40802810999900000001;Кредит;Входящие платежи;Транзакция;17.01.2025;17.01.2025;100176;17;643;52581,76;643;Зачисление выручки ИНТЕРНЕТ-ЭКВАЙРИНГ по реестру 202501002;Перевод средств по реестру операций 202501002. Канал: ИНТЕРНЕТ-ЭКВАЙРИНГ. НДС не облагается.;30232810999900000001;9900000030;990001003;АО ДЕМО ЭКВАЙРИНГ;044500996;30101810999990000996;40802810999900000001;DEMO-ACQ-001;990000000001;0;ИП ДЕМОНОВ АЛЕКСЕЙ ТЕСТОВИЧ;044500999;30101810999990000999;30232810999900000001;9900000030;АО ДЕМО ЭКВАЙРИНГ;044500996;;АО ДЕМО ЭКВАЙРИНГ;;;;
40802810999900000001;Дебет;Исходящие платежи;Транзакция;17.01.2025;17.01.2025;100183;01;643;76417,1;643;Оплата поставщику за партию сырья 2025-01-2;Оплата материалов и производства по счету SUP-202501-2. В том числе НДС 20%.;40802810999900000001;990000000001;0;ИП ДЕМОНОВ АЛЕКСЕЙ ТЕСТОВИЧ;044500999;30101810999990000999;40702810999920000002;DEMO-SUPPLY-001;9902000002;990201002;ООО ТЕСТ ПРОИЗВОДСТВО;044500912;30101810999990000912;40702810999920000002;9902000002;ООО ТЕСТ ПРОИЗВОДСТВО;044500912;;АО ДЕМО БАНК;;;;
40802810999900000001;Дебет;Переводы между счетами;Транзакция;17.01.2025;17.01.2025;100201;01;643;38187;643;Внутренний перевод между собственными счетами;Перевод между собственными счетами. Не является доходом или расходом.;40802810999900000001;990000000001;0;ИП ДЕМОНОВ АЛЕКСЕЙ ТЕСТОВИЧ;044500999;30101810999990000999;40817810999900000002;INTERNAL-DEMO;990000000001;0;ДЕМОНОВ АЛЕКСЕЙ ТЕСТОВИЧ;044500998;30101810999990000998;40817810999900000002;990000000001;ДЕМОНОВ АЛЕКСЕЙ ТЕСТОВИЧ;044500998;;АО ДЕМО БАНК;;;;
40802810999900000001;Дебет;Исходящие платежи;Транзакция;19.01.2025;19.01.2025;100188;01;643;63945;643;Вознаграждение подрядчику за 01.2025;Оплата услуг подрядчика по акту HR-202501-1. НДС не облагается.;40802810999900000001;990000000001;0;ИП ДЕМОНОВ АЛЕКСЕЙ ТЕСТОВИЧ;044500999;30101810999990000999;40817810999940000001;DEMO-HR-001;990400000001;0;САМОЗАНЯТЫЙ ДЕМО СПЕЦИАЛИСТ 01;044500931;30101810999990000931;40817810999940000001;990400000001;САМОЗАНЯТЫЙ ДЕМО СПЕЦИАЛИСТ 01;044500931;;АО ДЕМО БАНК;;;;
40802810999900000001;Дебет;Исходящие платежи;Транзакция;20.01.2025;20.01.2025;100189;01;643;57967;643;Вознаграждение подрядчику за 01.2025;Оплата услуг подрядчика по акту HR-202501-2. НДС не облагается.;40802810999900000001;990000000001;0;ИП ДЕМОНОВ АЛЕКСЕЙ ТЕСТОВИЧ;044500999;30101810999990000999;40817810999940000002;DEMO-HR-002;990400000002;0;САМОЗАНЯТЫЙ ДЕМО СПЕЦИАЛИСТ 02;044500932;30101810999990000932;40817810999940000002;990400000002;САМОЗАНЯТЫЙ ДЕМО СПЕЦИАЛИСТ 02;044500932;;АО ДЕМО БАНК;;;;
40802810999900000001;Дебет;Услуги банка;Транзакция;20.01.2025;20.01.2025;100195;17;643;490;643;Плата за обслуживание счета;Плата за обслуживание расчетного счета за 01.2025. Договор DEMO-BANK-001.;40802810999900000001;990000000001;0;ИП ДЕМОНОВ АЛЕКСЕЙ ТЕСТОВИЧ;044500999;30101810999990000999;47423810999900000001;DEMO-BANK-001;9900000002;990001001;АО ДЕМО БАНК;044500999;30101810999990000999;47423810999900000001;9900000002;АО ДЕМО БАНК;044500999;;АО ДЕМО БАНК;;;;
40802810999900000001;Дебет;Услуги банка;Транзакция;20.01.2025;20.01.2025;100196;17;643;199;643;Плата за услугу оповещения об операциях;Плата за уведомления и SMS-банк за 01.2025.;40802810999900000001;990000000001;0;ИП ДЕМОНОВ АЛЕКСЕЙ ТЕСТОВИЧ;044500999;30101810999990000999;47423810999900000001;DEMO-BANK-001;9900000002;990001001;АО ДЕМО БАНК;044500999;30101810999990000999;47423810999900000001;9900000002;АО ДЕМО БАНК;044500999;;АО ДЕМО БАНК;;;;
40802810999900000001;Дебет;Оплата картой;Транзакция;21.01.2025;21.01.2025;;17;643;3800,42;643;Канцелярские и хозяйственные товары;Оплата по корпоративной карте: офисные и хозяйственные расходы.;40802810999900000001;990000000001;0;ИП ДЕМОНОВ АЛЕКСЕЙ ТЕСТОВИЧ;044500999;30101810999990000999;40702810999930000006;;9903000006;990301006;ООО ОФИС ДЕМО;044500926;30101810999990000926;40702810999930000006;9903000006;ООО ОФИС ДЕМО;044500926;5943;АО ДЕМО БАНК;;;;
40802810999900000001;Дебет;Исходящие платежи;Транзакция;21.01.2025;21.01.2025;100190;01;643;63796;643;Вознаграждение подрядчику за 01.2025;Оплата услуг подрядчика по акту HR-202501-3. НДС не облагается.;40802810999900000001;990000000001;0;ИП ДЕМОНОВ АЛЕКСЕЙ ТЕСТОВИЧ;044500999;30101810999990000999;40802810999940000003;DEMO-HR-003;990400000003;0;ИП ТЕСТОВА МАРИЯ ДЕМО;044500933;30101810999990000933;40802810999940000003;990400000003;ИП ТЕСТОВА МАРИЯ ДЕМО;044500933;;АО ДЕМО БАНК;;;;
40802810999900000001;Дебет;Возвраты контрагентам;Транзакция;21.01.2025;21.01.2025;100200;17;643;16701,35;643;Возврат денежных средств покупателю;Возврат покупателю по реестру REFUND-202501.;40802810999900000001;990000000001;0;ИП ДЕМОНОВ АЛЕКСЕЙ ТЕСТОВИЧ;044500999;30101810999990000999;30232810999900000001;DEMO-ACQ-001;9900000030;990001003;АО ДЕМО ЭКВАЙРИНГ;044500996;30101810999990000996;30232810999900000001;9900000030;АО ДЕМО ЭКВАЙРИНГ;044500996;;АО ДЕМО ЭКВАЙРИНГ;;;;
40802810999900000001;Кредит;Входящие платежи;Транзакция;23.01.2025;23.01.2025;100175;17;643;39407,6;643;Зачисление выручки ИНТЕРНЕТ-ЭКВАЙРИНГ по реестру 202501001;Перевод средств по реестру операций 202501001. Канал: ИНТЕРНЕТ-ЭКВАЙРИНГ. НДС не облагается.;30232810999900000001;9900000030;990001003;АО ДЕМО ЭКВАЙРИНГ;044500996;30101810999990000996;40802810999900000001;DEMO-ACQ-001;990000000001;0;ИП ДЕМОНОВ АЛЕКСЕЙ ТЕСТОВИЧ;044500999;30101810999990000999;30232810999900000001;9900000030;АО ДЕМО ЭКВАЙРИНГ;044500996;;АО ДЕМО ЭКВАЙРИНГ;;;;
40802810999900000001;Дебет;Исходящие платежи;Транзакция;23.01.2025;23.01.2025;100184;01;643;46313,39;643;Оплата поставщику за партию сырья 2025-01-3;Оплата материалов и производства по счету SUP-202501-3. В том числе НДС 20%.;40802810999900000001;990000000001;0;ИП ДЕМОНОВ АЛЕКСЕЙ ТЕСТОВИЧ;044500999;30101810999990000999;40702810999920000002;DEMO-SUPPLY-001;9902000001;990201001;ООО ДЕМО СЫРЬЁ;044500911;30101810999990000912;40702810999920000002;9902000001;ООО ДЕМО СЫРЬЁ;044500911;;АО ДЕМО БАНК;;;;
40802810999900000001;Дебет;Исходящие платежи;Транзакция;23.01.2025;23.01.2025;100194;01;643;10668;643;Прочие операционные услуги;Разовые операционные услуги MISC-202501.;40802810999900000001;990000000001;0;ИП ДЕМОНОВ АЛЕКСЕЙ ТЕСТОВИЧ;044500999;30101810999990000999;40702810999950000001;MISC-DEMO-001;9905000001;990501001;ООО ПРОЧИЕ УСЛУГИ ДЕМО;044500941;30101810999990000941;40702810999950000001;9905000001;ООО ПРОЧИЕ УСЛУГИ ДЕМО;044500941;;АО ДЕМО БАНК;;;;
40802810999900000001;Дебет;Платежи в налоговую;Транзакция;25.01.2025;25.01.2025;100198;01;643;40957,94;643;ЕНП. Налог по УСН;Единый налоговый платеж. УСН 6%. Период 01.2025.;40802810999900000001;990000000001;0;ИП ДЕМОНОВ АЛЕКСЕЙ ТЕСТОВИЧ;044500999;30101810999990000999;03100643999900000001;;9900000010;990001001;КАЗНАЧЕЙСТВО ДЕМО (ФНС ДЕМО);017000999;40102810999990000999;03100643999900000001;9900000010;КАЗНАЧЕЙСТВО ДЕМО (ФНС ДЕМО);017000999;;КАЗНАЧЕЙСТВО ДЕМО;18210501011011000110;ТП;МС.01.2025;0
40802810999900000001;Кредит;Входящие платежи;Транзакция;27.01.2025;26.01.2025;100177;17;643;39717,8;643;Зачисление выручки СБП по реестру 202501003;Перевод средств по реестру операций 202501003. Канал: СБП. НДС не облагается.;30232810999900000001;9900000030;990001003;АО ДЕМО ЭКВАЙРИНГ;044500996;30101810999990000996;40802810999900000001;DEMO-ACQ-001;990000000001;0;ИП ДЕМОНОВ АЛЕКСЕЙ ТЕСТОВИЧ;044500999;30101810999990000999;30232810999900000001;9900000030;АО ДЕМО ЭКВАЙРИНГ;044500996;;АО ДЕМО ЭКВАЙРИНГ;;;;
40802810999900000001;Дебет;Услуги банка;Транзакция;27.01.2025;27.01.2025;100197;17;643;5843,7;643;Комиссия за интернет-эквайринг и СБП;Комиссия за обработку платежей по реестрам 01.2025.;40802810999900000001;990000000001;0;ИП ДЕМОНОВ АЛЕКСЕЙ ТЕСТОВИЧ;044500999;30101810999990000999;30232810999900000001;DEMO-ACQ-001;9900000030;990001003;АО ДЕМО ЭКВАЙРИНГ;044500996;30101810999990000996;30232810999900000001;9900000030;АО ДЕМО ЭКВАЙРИНГ;044500996;;АО ДЕМО ЭКВАЙРИНГ;;;;
40802810999900000001;Дебет;Исходящие платежи;Транзакция;27.01.2025;27.01.2025;100204;01;643;3489;643;Пени и прочие расходы;Прочие расходы: пени по договору и корректировка взаиморасчетов.;40802810999900000001;990000000001;0;ИП ДЕМОНОВ АЛЕКСЕЙ ТЕСТОВИЧ;044500999;30101810999990000999;40702810999950000001;MISC-DEMO-001;9905000001;990501001;ООО ПРОЧИЕ УСЛУГИ ДЕМО;044500941;30101810999990000941;40702810999950000001;9905000001;ООО ПРОЧИЕ УСЛУГИ ДЕМО;044500941;;АО ДЕМО БАНК;;;;
40802810999900000001;Кредит;Входящие платежи;Транзакция;28.01.2025;28.01.2025;100199;17;643;2793,05;643;Проценты на остаток и бизнес-кэшбэк;Начисление процентов и кэшбэка за 01.2025.;47423810999900000001;9900000002;990001001;АО ДЕМО БАНК;044500999;30101810999990000999;40802810999900000001;DEMO-BANK-001;990000000001;0;ИП ДЕМОНОВ АЛЕКСЕЙ ТЕСТОВИЧ;044500999;30101810999990000999;47423810999900000001;9900000002;АО ДЕМО БАНК;044500999;;АО ДЕМО БАНК;;;;
40802810999900000001;Дебет;Исходящие платежи;Транзакция;02.02.2025;02.02.2025;100228;01;643;85000;643;Аренда помещения за 02.2025;Арендная плата по договору RENT-DEMO-001 за 02.2025.;40802810999900000001;990000000001;0;ИП ДЕМОНОВ АЛЕКСЕЙ ТЕСТОВИЧ;044500999;30101810999990000999;40702810999930000003;RENT-DEMO-001;9903000003;990301003;ООО БИЗНЕС-ЦЕНТР ДЕМО;044500923;30101810999990000923;40702810999930000003;9903000003;ООО БИЗНЕС-ЦЕНТР ДЕМО;044500923;;АО ДЕМО БАНК;;;;
40802810999900000001;Кредит;Входящие платежи;Транзакция;03.02.2025;02.02.2025;100218;17;643;53475,22;643;Зачисление выручки СБП по реестру 202502009;Перевод средств по реестру операций 202502009. Канал: СБП. НДС не облагается.;30232810999900000001;9900000030;990001003;АО ДЕМО ЭКВАЙРИНГ;044500996;30101810999990000996;40802810999900000001;DEMO-ACQ-001;990000000001;0;ИП ДЕМОНОВ АЛЕКСЕЙ ТЕСТОВИЧ;044500999;30101810999990000999;30232810999900000001;9900000030;АО ДЕМО ЭКВАЙРИНГ;044500996;;АО ДЕМО ЭКВАЙРИНГ;;;;
40802810999900000001;Кредит;Входящие платежи;Транзакция;04.02.2025;04.02.2025;100217;17;643;36037,77;643;Зачисление выручки ИНТЕРНЕТ-ЭКВАЙРИНГ по реестру 202502008;Перевод средств по реестру операций 202502008. Канал: ИНТЕРНЕТ-ЭКВАЙРИНГ. НДС не облагается.;30232810999900000001;9900000030;990001003;АО ДЕМО ЭКВАЙРИНГ;044500996;30101810999990000996;40802810999900000001;DEMO-ACQ-001;990000000001;0;ИП ДЕМОНОВ АЛЕКСЕЙ ТЕСТОВИЧ;044500999;30101810999990000999;30232810999900000001;9900000030;АО ДЕМО ЭКВАЙРИНГ;044500996;;АО ДЕМО ЭКВАЙРИНГ;;;;
40802810999900000001;Кредит;Входящие платежи;Транзакция;06.02.2025;06.02.2025;100209;01;643;91686,68;643;Оплата от покупателя по счету DEMO-202502-005;Оплата товаров по счету DEMO-202502-005. НДС не облагается.;40702810999910000004;9901000004;990101004;ООО ДЕЛЬТА-ШОП;044500904;30101810999990000904;40802810999900000001;Договор DEMO-0004;990000000001;0;ИП ДЕМОНОВ АЛЕКСЕЙ ТЕСТОВИЧ;044500999;30101810999990000999;40702810999910000004;9901000004;ООО ДЕЛЬТА-ШОП;044500904;;АО ДЕМО БАНК;;;;
40802810999900000001;Кредит;Входящие платежи;Транзакция;07.02.2025;07.02.2025;100207;01;643;81601,94;643;Оплата от покупателя по счету DEMO-202502-003;Оплата товаров по счету DEMO-202502-003. НДС не облагается.;40702810999910000002;9901000003;990101002;ООО БЕТА-ТЕСТ;044500902;30101810999990000902;40802810999900000001;Договор DEMO-0002;990000000001;0;ИП ДЕМОНОВ АЛЕКСЕЙ ТЕСТОВИЧ;044500999;30101810999990000999;40702810999910000002;9901000003;ООО БЕТА-ТЕСТ;044500902;;АО ДЕМО БАНК;;;;
40802810999900000001;Дебет;Исходящие платежи;Транзакция;07.02.2025;07.02.2025;100230;01;643;10578;643;Подписка на программное обеспечение;Лицензии и облачные сервисы за 02.2025.;40802810999900000001;990000000001;0;ИП ДЕМОНОВ АЛЕКСЕЙ ТЕСТОВИЧ;044500999;30101810999990000999;40702810999930000005;SOFT-DEMO-001;9903000005;990301005;ООО СОФТ ДЕМО;044500925;30101810999990000925;40702810999930000005;9903000005;ООО СОФТ ДЕМО;044500925;;АО ДЕМО БАНК;;;;
40802810999900000001;Дебет;Исходящие платежи;Транзакция;08.02.2025;08.02.2025;100224;01;643;41169;643;Маркетинг и реклама за 02.2025;"Рекламная кампания MEDIA-202502; продвижение и аналитика.";40802810999900000001;990000000001;0;ИП ДЕМОНОВ АЛЕКСЕЙ ТЕСТОВИЧ;044500999;30101810999990000999;40702810999930000002;DEMO-MEDIA-001;9903000002;990301002;ООО МЕДИА ТЕСТ;044500922;30101810999990000922;40702810999930000002;9903000002;ООО МЕДИА ТЕСТ;044500922;;АО ДЕМО БАНК;;;;
40802810999900000001;Дебет;Оплата картой;Транзакция;10.02.2025;10.02.2025;;17;643;8696,24;643;Канцелярские и хозяйственные товары;Оплата по корпоративной карте: офисные и хозяйственные расходы.;40802810999900000001;990000000001;0;ИП ДЕМОНОВ АЛЕКСЕЙ ТЕСТОВИЧ;044500999;30101810999990000999;40702810999930000006;;9903000006;990301006;ООО ОФИС ДЕМО;044500926;30101810999990000926;40702810999930000006;9903000006;ООО ОФИС ДЕМО;044500926;5943;АО ДЕМО БАНК;;;;
40802810999900000001;Кредит;Входящие платежи;Транзакция;10.02.2025;10.02.2025;100215;17;643;27203,79;643;Зачисление выручки СБП по реестру 202502006;Перевод средств по реестру операций 202502006. Канал: СБП. НДС не облагается.;30232810999900000001;9900000030;990001003;АО ДЕМО ЭКВАЙРИНГ;044500996;30101810999990000996;40802810999900000001;DEMO-ACQ-001;990000000001;0;ИП ДЕМОНОВ АЛЕКСЕЙ ТЕСТОВИЧ;044500999;30101810999990000999;30232810999900000001;9900000030;АО ДЕМО ЭКВАЙРИНГ;044500996;;АО ДЕМО ЭКВАЙРИНГ;;;;
40802810999900000001;Кредит;Входящие платежи;Транзакция;11.02.2025;11.02.2025;100205;01;643;69523,15;643;Оплата от покупателя по счету DEMO-202502-001;Оплата товаров по счету DEMO-202502-001. НДС не облагается.;40702810999910000004;9901000004;990101004;ООО ДЕЛЬТА-ШОП;044500904;30101810999990000904;40802810999900000001;Договор DEMO-0004;990000000001;0;ИП ДЕМОНОВ АЛЕКСЕЙ ТЕСТОВИЧ;044500999;30101810999990000999;40702810999910000004;9901000004;ООО ДЕЛЬТА-ШОП;044500904;;АО ДЕМО БАНК;;;;
40802810999900000001;Дебет;Исходящие платежи;Транзакция;11.02.2025;11.02.2025;100219;01;643;120968,59;643;Оплата поставщику за партию сырья 2025-02-1;Оплата материалов и производства по счету SUP-202502-1. В том числе НДС 20%.;40802810999900000001;990000000001;0;ИП ДЕМОНОВ АЛЕКСЕЙ ТЕСТОВИЧ;044500999;30101810999990000999;40702810999920000002;DEMO-SUPPLY-001;9902000001;990201001;ООО ДЕМО СЫРЬЁ;044500911;30101810999990000912;40702810999920000002;9902000001;ООО ДЕМО СЫРЬЁ;044500911;;АО ДЕМО БАНК;;;;
40802810999900000001;Дебет;Исходящие платежи;Транзакция;11.02.2025;11.02.2025;100222;01;643;20545;643;Разработка продукта и тестовые образцы за 02.2025;Изготовление прототипов и тестовой партии по этапу DEV-202502.;40802810999900000001;990000000001;0;ИП ДЕМОНОВ АЛЕКСЕЙ ТЕСТОВИЧ;044500999;30101810999990000999;40702810999920000003;DEMO-RND-001;9902000003;990201003;ООО МАКЕТ-ЛАБ;044500913;30101810999990000913;40702810999920000003;9902000003;ООО МАКЕТ-ЛАБ;044500913;;АО ДЕМО БАНК;;;;
40802810999900000001;Дебет;Кредитование;Транзакция;12.02.2025;12.02.2025;100236;35;643;65000;643;Погашение основной суммы кредита;Погашение основного долга по договору LOAN-DEMO-001 за 02.2025.;40802810999900000001;990000000001;0;ИП ДЕМОНОВ АЛЕКСЕЙ ТЕСТОВИЧ;044500999;30101810999990000999;45207810999900000001;LOAN-DEMO-001;9900000020;990001002;АО ДЕМО КРЕДИТ;044500997;30101810999990000997;45207810999900000001;9900000020;АО ДЕМО КРЕДИТ;044500997;;АО ДЕМО КРЕДИТ;;;;
40802810999900000001;Дебет;Кредитование;Транзакция;12.02.2025;12.02.2025;100237;35;643;13920;643;Проценты по кредиту;Уплата процентов по договору LOAN-DEMO-001 за 02.2025.;40802810999900000001;990000000001;0;ИП ДЕМОНОВ АЛЕКСЕЙ ТЕСТОВИЧ;044500999;30101810999990000999;45207810999900000001;LOAN-DEMO-001;9900000020;990001002;АО ДЕМО КРЕДИТ;044500997;30101810999990000997;45207810999900000001;9900000020;АО ДЕМО КРЕДИТ;044500997;;АО ДЕМО КРЕДИТ;;;;
40802810999900000001;Дебет;Исходящие платежи;Транзакция;14.02.2025;14.02.2025;100223;01;643;21360;643;Логистика и доставка заказов за 02.2025;Транспортные услуги по реестру LOG-202502.;40802810999900000001;990000000001;0;ИП ДЕМОНОВ АЛЕКСЕЙ ТЕСТОВИЧ;044500999;30101810999990000999;40702810999930000001;DEMO-LOG-001;9903000001;990301001;ООО ДЕМО ЛОГИСТИКА;044500921;30101810999990000921;40702810999930000001;9903000001;ООО ДЕМО ЛОГИСТИКА;044500921;;АО ДЕМО БАНК;;;;
40802810999900000001;Дебет;Исходящие платежи;Транзакция;16.02.2025;16.02.2025;100229;01;643;11577;643;Коммунальные расходы за 02.2025;Электроэнергия, связь и коммунальные услуги за 02.2025.;40802810999900000001;990000000001;0;ИП ДЕМОНОВ АЛЕКСЕЙ ТЕСТОВИЧ;044500999;30101810999990000999;40702810999930000005;UTIL-DEMO-001;9903000004;990301004;ООО ОБЛАКО ДЕМО;044500924;30101810999990000925;40702810999930000005;9903000004;ООО ОБЛАКО ДЕМО;044500924;;АО ДЕМО БАНК;;;;
40802810999900000001;Кредит;Входящие платежи;Транзакция;17.02.2025;15.02.2025;100210;17;643;41951,47;643;Зачисление выручки ИНТЕРНЕТ-ЭКВАЙРИНГ по реестру 202502001;Перевод средств по реестру операций 202502001. Канал: ИНТЕРНЕТ-ЭКВАЙРИНГ. НДС не облагается.;30232810999900000001;9900000030;990001003;АО ДЕМО ЭКВАЙРИНГ;044500996;30101810999990000996;40802810999900000001;DEMO-ACQ-001;990000000001;0;ИП ДЕМОНОВ АЛЕКСЕЙ ТЕСТОВИЧ;044500999;30101810999990000999;30232810999900000001;9900000030;АО ДЕМО ЭКВАЙРИНГ;044500996;;АО ДЕМО ЭКВАЙРИНГ;;;;
40802810999900000001;Кредит;Входящие платежи;Транзакция;17.02.2025;15.02.2025;100211;17;643;37712,88;643;Зачисление выручки ИНТЕРНЕТ-ЭКВАЙРИНГ по реестру 202502002;Перевод средств по реестру операций 202502002. Канал: ИНТЕРНЕТ-ЭКВАЙРИНГ. НДС не облагается.;30232810999900000001;9900000030;990001003;АО ДЕМО ЭКВАЙРИНГ;044500996;30101810999990000996;40802810999900000001;DEMO-ACQ-001;990000000001;0;ИП ДЕМОНОВ АЛЕКСЕЙ ТЕСТОВИЧ;044500999;30101810999990000999;30232810999900000001;9900000030;АО ДЕМО ЭКВАЙРИНГ;044500996;;АО ДЕМО ЭКВАЙРИНГ;;;;
40802810999900000001;Дебет;Исходящие платежи;Транзакция;17.02.2025;17.02.2025;100220;01;643;84935,39;643;Оплата поставщику за партию сырья 2025-02-2;Оплата материалов и производства по счету SUP-202502-2. В том числе НДС 20%.;40802810999900000001;990000000001;0;ИП ДЕМОНОВ АЛЕКСЕЙ ТЕСТОВИЧ;044500999;30101810999990000999;40702810999920000002;DEMO-SUPPLY-001;9902000002;990201002;ООО ТЕСТ ПРОИЗВОДСТВО;044500912;30101810999990000912;40702810999920000002;9902000002;ООО ТЕСТ ПРОИЗВОДСТВО;044500912;;АО ДЕМО БАНК;;;;
40802810999900000001;Кредит;Входящие платежи;Транзакция;18.02.2025;18.02.2025;100214;17;643;44628,84;643;Зачисление выручки ИНТЕРНЕТ-ЭКВАЙРИНГ по реестру 202502005;Перевод средств по реестру операций 202502005. Канал: ИНТЕРНЕТ-ЭКВАЙРИНГ. НДС не облагается.;30232810999900000001;9900000030;990001003;АО ДЕМО ЭКВАЙРИНГ;044500996;30101810999990000996;40802810999900000001;DEMO-ACQ-001;990000000001;0;ИП ДЕМОНОВ АЛЕКСЕЙ ТЕСТОВИЧ;044500999;30101810999990000999;30232810999900000001;9900000030;АО ДЕМО ЭКВАЙРИНГ;044500996;;АО ДЕМО ЭКВАЙРИНГ;;;;
40802810999900000001;Кредит;Входящие платежи;Транзакция;19.02.2025;19.02.2025;100206;01;643;59105,67;643;Оплата от покупателя по счету DEMO-202502-002;Оплата товаров по счету DEMO-202502-002. НДС не облагается.;40702810999910000001;9901000001;990101001;ООО АЛЬФА-ДЕМО;044500901;30101810999990000901;40802810999900000001;Договор DEMO-0001;990000000001;0;ИП ДЕМОНОВ АЛЕКСЕЙ ТЕСТОВИЧ;044500999;30101810999990000999;40702810999910000001;9901000001;ООО АЛЬФА-ДЕМО;044500901;;АО ДЕМО БАНК;;;;
40802810999900000001;Дебет;Исходящие платежи;Транзакция;19.02.2025;19.02.2025;100225;01;643;52974;643;Вознаграждение подрядчику за 02.2025;Оплата услуг подрядчика по акту HR-202502-1. НДС не облагается.;40802810999900000001;990000000001;0;ИП ДЕМОНОВ АЛЕКСЕЙ ТЕСТОВИЧ;044500999;30101810999990000999;40817810999940000001;DEMO-HR-001;990400000001;0;САМОЗАНЯТЫЙ ДЕМО СПЕЦИАЛИСТ 01;044500931;30101810999990000931;40817810999940000001;990400000001;САМОЗАНЯТЫЙ ДЕМО СПЕЦИАЛИСТ 01;044500931;;АО ДЕМО БАНК;;;;
40802810999900000001;Дебет;Оплата картой;Транзакция;20.02.2025;20.02.2025;;17;643;3627,48;643;Оплата корпоративной подписки DEMO CLOUD;Оплата по корпоративной карте: облачное программное обеспечение.;40802810999900000001;990000000001;0;ИП ДЕМОНОВ АЛЕКСЕЙ ТЕСТОВИЧ;044500999;30101810999990000999;40702810999930000005;;9903000005;990301005;ООО СОФТ ДЕМО;044500925;30101810999990000925;40702810999930000005;9903000005;ООО СОФТ ДЕМО;044500925;5734;АО ДЕМО БАНК;;;;
40802810999900000001;Дебет;Исходящие платежи;Транзакция;20.02.2025;20.02.2025;100226;01;643;58740;643;Вознаграждение подрядчику за 02.2025;Оплата услуг подрядчика по акту HR-202502-2. НДС не облагается.;40802810999900000001;990000000001;0;ИП ДЕМОНОВ АЛЕКСЕЙ ТЕСТОВИЧ;044500999;30101810999990000999;40817810999940000002;DEMO-HR-002;990400000002;0;САМОЗАНЯТЫЙ ДЕМО СПЕЦИАЛИСТ 02;044500932;30101810999990000932;40817810999940000002;990400000002;САМОЗАНЯТЫЙ ДЕМО СПЕЦИАЛИСТ 02;044500932;;АО ДЕМО БАНК;;;;
40802810999900000001;Дебет;Услуги банка;Транзакция;20.02.2025;20.02.2025;100231;17;643;490;643;Плата за обслуживание счета;Плата за обслуживание расчетного счета за 02.2025. Договор DEMO-BANK-001.;40802810999900000001;990000000001;0;ИП ДЕМОНОВ АЛЕКСЕЙ ТЕСТОВИЧ;044500999;30101810999990000999;47423810999900000001;DEMO-BANK-001;9900000002;990001001;АО ДЕМО БАНК;044500999;30101810999990000999;47423810999900000001;9900000002;АО ДЕМО БАНК;044500999;;АО ДЕМО БАНК;;;;
40802810999900000001;Дебет;Услуги банка;Транзакция;20.02.2025;20.02.2025;100232;17;643;199;643;Плата за услугу оповещения об операциях;Плата за уведомления и SMS-банк за 02.2025.;40802810999900000001;990000000001;0;ИП ДЕМОНОВ АЛЕКСЕЙ ТЕСТОВИЧ;044500999;30101810999990000999;47423810999900000001;DEMO-BANK-001;9900000002;990001001;АО ДЕМО БАНК;044500999;30101810999990000999;47423810999900000001;9900000002;АО ДЕМО БАНК;044500999;;АО ДЕМО БАНК;;;;
40802810999900000001;Кредит;Входящие платежи;Транзакция;21.02.2025;21.02.2025;100212;17;643;52581,7;643;Зачисление выручки СБП по реестру 202502003;Перевод средств по реестру операций 202502003. Канал: СБП. НДС не облагается.;30232810999900000001;9900000030;990001003;АО ДЕМО ЭКВАЙРИНГ;044500996;30101810999990000996;40802810999900000001;DEMO-ACQ-001;990000000001;0;ИП ДЕМОНОВ АЛЕКСЕЙ ТЕСТОВИЧ;044500999;30101810999990000999;30232810999900000001;9900000030;АО ДЕМО ЭКВАЙРИНГ;044500996;;АО ДЕМО ЭКВАЙРИНГ;;;;
40802810999900000001;Дебет;Исходящие платежи;Транзакция;21.02.2025;21.02.2025;100227;01;643;64653;643;Вознаграждение подрядчику за 02.2025;Оплата услуг подрядчика по акту HR-202502-3. НДС не облагается.;40802810999900000001;990000000001;0;ИП ДЕМОНОВ АЛЕКСЕЙ ТЕСТОВИЧ;044500999;30101810999990000999;40802810999940000003;DEMO-HR-003;990400000003;0;ИП ТЕСТОВА МАРИЯ ДЕМО;044500933;30101810999990000933;40802810999940000003;990400000003;ИП ТЕСТОВА МАРИЯ ДЕМО;044500933;;АО ДЕМО БАНК;;;;
40802810999900000001;Дебет;Исходящие платежи;Транзакция;23.02.2025;23.02.2025;100221;01;643;51475,99;643;Оплата поставщику за партию сырья 2025-02-3;Оплата материалов и производства по счету SUP-202502-3. В том числе НДС 20%.;40802810999900000001;990000000001;0;ИП ДЕМОНОВ АЛЕКСЕЙ ТЕСТОВИЧ;044500999;30101810999990000999;40702810999920000002;DEMO-SUPPLY-001;9902000001;990201001;ООО ДЕМО СЫРЬЁ;044500911;30101810999990000912;40702810999920000002;9902000001;ООО ДЕМО СЫРЬЁ;044500911;;АО ДЕМО БАНК;;;;
40802810999900000001;Кредит;Входящие платежи;Транзакция;24.02.2025;22.02.2025;100208;01;643;65871,81;643;Оплата от покупателя по счету DEMO-202502-004;Оплата товаров по счету DEMO-202502-004. НДС не облагается.;40702810999910000004;9901000003;990101003;ООО ГАММА-МАРКЕТ;044500903;30101810999990000903;40802810999900000001;Договор DEMO-0003;990000000001;0;ИП ДЕМОНОВ АЛЕКСЕЙ ТЕСТОВИЧ;044500999;30101810999990000999;40702810999910000004;9901000003;ООО ГАММА-МАРКЕТ;044500903;;АО ДЕМО БАНК;;;;
40802810999900000001;Кредит;Входящие платежи;Транзакция;24.02.2025;23.02.2025;100216;17;643;46044,27;643;Зачисление выручки ИНТЕРНЕТ-ЭКВАЙРИНГ по реестру 202502007;Перевод средств по реестру операций 202502007. Канал: ИНТЕРНЕТ-ЭКВАЙРИНГ. НДС не облагается.;30232810999900000001;9900000030;990001003;АО ДЕМО ЭКВАЙРИНГ;044500996;30101810999990000996;40802810999900000001;DEMO-ACQ-001;990000000001;0;ИП ДЕМОНОВ АЛЕКСЕЙ ТЕСТОВИЧ;044500999;30101810999990000999;30232810999900000001;9900000030;АО ДЕМО ЭКВАЙРИНГ;044500996;;АО ДЕМО ЭКВАЙРИНГ;;;;
40802810999900000001;Кредит;Входящие платежи;Транзакция;24.02.2025;24.02.2025;100213;17;643;40918,9;643;Зачисление выручки ИНТЕРНЕТ-ЭКВАЙРИНГ по реестру 202502004;Перевод средств по реестру операций 202502004. Канал: ИНТЕРНЕТ-ЭКВАЙРИНГ. НДС не облагается.;30232810999900000001;9900000030;990001003;АО ДЕМО ЭКВАЙРИНГ;044500996;30101810999990000996;40802810999900000001;DEMO-ACQ-001;990000000001;0;ИП ДЕМОНОВ АЛЕКСЕЙ ТЕСТОВИЧ;044500999;30101810999990000999;30232810999900000001;9900000030;АО ДЕМО ЭКВАЙРИНГ;044500996;;АО ДЕМО ЭКВАЙРИНГ;;;;
40802810999900000001;Дебет;Платежи в налоговую;Транзакция;25.02.2025;25.02.2025;100234;01;643;44900,65;643;ЕНП. Налог по УСН;Единый налоговый платеж. УСН 6%. Период 02.2025.;40802810999900000001;990000000001;0;ИП ДЕМОНОВ АЛЕКСЕЙ ТЕСТОВИЧ;044500999;30101810999990000999;03100643999900000001;;9900000010;990001001;КАЗНАЧЕЙСТВО ДЕМО (ФНС ДЕМО);017000999;40102810999990000999;03100643999900000001;9900000010;КАЗНАЧЕЙСТВО ДЕМО (ФНС ДЕМО);017000999;;КАЗНАЧЕЙСТВО ДЕМО;18210501011011000110;ТП;МС.02.2025;0
40802810999900000001;Дебет;Услуги банка;Транзакция;27.02.2025;27.02.2025;100233;17;643;7467,45;643;Комиссия за интернет-эквайринг и СБП;Комиссия за обработку платежей по реестрам 02.2025.;40802810999900000001;990000000001;0;ИП ДЕМОНОВ АЛЕКСЕЙ ТЕСТОВИЧ;044500999;30101810999990000999;30232810999900000001;DEMO-ACQ-001;9900000030;990001003;АО ДЕМО ЭКВАЙРИНГ;044500996;30101810999990000996;30232810999900000001;9900000030;АО ДЕМО ЭКВАЙРИНГ;044500996;;АО ДЕМО ЭКВАЙРИНГ;;;;
40802810999900000001;Кредит;Входящие платежи;Транзакция;28.02.2025;28.02.2025;100235;17;643;2292,87;643;Проценты на остаток и бизнес-кэшбэк;Начисление процентов и кэшбэка за 02.2025.;47423810999900000001;9900000002;990001001;АО ДЕМО БАНК;044500999;30101810999990000999;40802810999900000001;DEMO-BANK-001;990000000001;0;ИП ДЕМОНОВ АЛЕКСЕЙ ТЕСТОВИЧ;044500999;30101810999990000999;47423810999900000001;9900000002;АО ДЕМО БАНК;044500999;;АО ДЕМО БАНК;;;;
40802810999900000001;Дебет;Исходящие платежи;Транзакция;02.03.2025;02.03.2025;100263;01;643;85000;643;Аренда помещения за 03.2025;Арендная плата по договору RENT-DEMO-001 за 03.2025.;40802810999900000001;990000000001;0;ИП ДЕМОНОВ АЛЕКСЕЙ ТЕСТОВИЧ;044500999;30101810999990000999;40702810999930000003;RENT-DEMO-001;9903000003;990301003;ООО БИЗНЕС-ЦЕНТР ДЕМО;044500923;30101810999990000923;40702810999930000003;9903000003;ООО БИЗНЕС-ЦЕНТР ДЕМО;044500923;;АО ДЕМО БАНК;;;;
40802810999900000001;Кредит;Входящие платежи;Транзакция;03.03.2025;03.03.2025;100272;01;643;400000;643;Взнос собственника на развитие бизнеса;Внесение собственных средств предпринимателя. НДС не облагается.;40817810999900000002;990000000001;0;ДЕМОНОВ АЛЕКСЕЙ ТЕСТОВИЧ;044500998;30101810999990000998;40802810999900000001;OWNER-DEMO;990000000001;0;ИП ДЕМОНОВ АЛЕКСЕЙ ТЕСТОВИЧ;044500999;30101810999990000999;40817810999900000002;990000000001;ДЕМОНОВ АЛЕКСЕЙ ТЕСТОВИЧ;044500998;;АО ДЕМО БАНК;;;;
40802810999900000001;Кредит;Входящие платежи;Транзакция;05.03.2025;05.03.2025;100247;17;643;49889,34;643;Зачисление выручки ИНТЕРНЕТ-ЭКВАЙРИНГ по реестру 202503004;Перевод средств по реестру операций 202503004. Канал: ИНТЕРНЕТ-ЭКВАЙРИНГ. НДС не облагается.;30232810999900000001;9900000030;990001003;АО ДЕМО ЭКВАЙРИНГ;044500996;30101810999990000996;40802810999900000001;DEMO-ACQ-001;990000000001;0;ИП ДЕМОНОВ АЛЕКСЕЙ ТЕСТОВИЧ;044500999;30101810999990000999;30232810999900000001;9900000030;АО ДЕМО ЭКВАЙРИНГ;044500996;;АО ДЕМО ЭКВАЙРИНГ;;;;
40802810999900000001;Кредит;Входящие платежи;Транзакция;07.03.2025;07.03.2025;100248;17;643;48302,06;643;Зачисление выручки ИНТЕРНЕТ-ЭКВАЙРИНГ по реестру 202503005;Перевод средств по реестру операций 202503005. Канал: ИНТЕРНЕТ-ЭКВАЙРИНГ. НДС не облагается.;30232810999900000001;9900000030;990001003;АО ДЕМО ЭКВАЙРИНГ;044500996;30101810999990000996;40802810999900000001;DEMO-ACQ-001;990000000001;0;ИП ДЕМОНОВ АЛЕКСЕЙ ТЕСТОВИЧ;044500999;30101810999990000999;30232810999900000001;9900000030;АО ДЕМО ЭКВАЙРИНГ;044500996;;АО ДЕМО ЭКВАЙРИНГ;;;;
40802810999900000001;Дебет;Исходящие платежи;Транзакция;07.03.2025;07.03.2025;100265;01;643;8709;643;Подписка на программное обеспечение;Лицензии и облачные сервисы за 03.2025.;40802810999900000001;990000000001;0;ИП ДЕМОНОВ АЛЕКСЕЙ ТЕСТОВИЧ;044500999;30101810999990000999;40702810999930000005;SOFT-DEMO-001;9903000005;990301005;ООО СОФТ ДЕМО;044500925;30101810999990000925;40702810999930000005;9903000005;ООО СОФТ ДЕМО;044500925;;АО ДЕМО БАНК;;;;
40802810999900000001;Дебет;Исходящие платежи;Транзакция;08.03.2025;08.03.2025;100259;01;643;33370;643;Маркетинг и реклама за 03.2025;"Рекламная кампания MEDIA-202503; продвижение и аналитика.";40802810999900000001;990000000001;0;ИП ДЕМОНОВ АЛЕКСЕЙ ТЕСТОВИЧ;044500999;30101810999990000999;40702810999930000002;DEMO-MEDIA-001;9903000002;990301002;ООО МЕДИА ТЕСТ;044500922;30101810999990000922;40702810999930000002;9903000002;ООО МЕДИА ТЕСТ;044500922;;АО ДЕМО БАНК;;;;
40802810999900000001;Кредит;Входящие платежи;Транзакция;10.03.2025;08.03.2025;100240;01;643;76649,57;643;Оплата от покупателя по счету DEMO-202503-003;Оплата товаров по счету DEMO-202503-003. НДС не облагается.;40702810999910000004;9901000003;990101003;ООО ГАММА-МАРКЕТ;044500903;30101810999990000903;40802810999900000001;Договор DEMO-0003;990000000001;0;ИП ДЕМОНОВ АЛЕКСЕЙ ТЕСТОВИЧ;044500999;30101810999990000999;40702810999910000004;9901000003;ООО ГАММА-МАРКЕТ;044500903;;АО ДЕМО БАНК;;;;
40802810999900000001;Кредит;Входящие платежи;Транзакция;10.03.2025;10.03.2025;100246;17;643;28119,61;643;Зачисление выручки СБП по реестру 202503003;Перевод средств по реестру операций 202503003. Канал: СБП. НДС не облагается.;30232810999900000001;9900000030;990001003;АО ДЕМО ЭКВАЙРИНГ;044500996;30101810999990000996;40802810999900000001;DEMO-ACQ-001;990000000001;0;ИП ДЕМОНОВ АЛЕКСЕЙ ТЕСТОВИЧ;044500999;30101810999990000999;30232810999900000001;9900000030;АО ДЕМО ЭКВАЙРИНГ;044500996;;АО ДЕМО ЭКВАЙРИНГ;;;;
40802810999900000001;Кредит;Входящие платежи;Транзакция;11.03.2025;11.03.2025;100241;01;643;48098,71;643;Оплата от покупателя по счету DEMO-202503-004;Оплата товаров по счету DEMO-202503-004. НДС не облагается.;40702810999910000004;9901000004;990101004;ООО ДЕЛЬТА-ШОП;044500904;30101810999990000904;40802810999900000001;Договор DEMO-0004;990000000001;0;ИП ДЕМОНОВ АЛЕКСЕЙ ТЕСТОВИЧ;044500999;30101810999990000999;40702810999910000004;9901000004;ООО ДЕЛЬТА-ШОП;044500904;;АО ДЕМО БАНК;;;;
40802810999900000001;Кредит;Входящие платежи;Транзакция;11.03.2025;11.03.2025;100242;01;643;46794,49;643;Оплата от покупателя по счету DEMO-202503-005;Оплата товаров по счету DEMO-202503-005. НДС не облагается.;40702810999910000001;9901000001;990101001;ООО АЛЬФА-ДЕМО;044500901;30101810999990000901;40802810999900000001;Договор DEMO-0001;990000000001;0;ИП ДЕМОНОВ АЛЕКСЕЙ ТЕСТОВИЧ;044500999;30101810999990000999;40702810999910000001;9901000001;ООО АЛЬФА-ДЕМО;044500901;;АО ДЕМО БАНК;;;;
40802810999900000001;Кредит;Входящие платежи;Транзакция;11.03.2025;11.03.2025;100245;17;643;49802,28;643;Зачисление выручки ИНТЕРНЕТ-ЭКВАЙРИНГ по реестру 202503002;Перевод средств по реестру операций 202503002. Канал: ИНТЕРНЕТ-ЭКВАЙРИНГ. НДС не облагается.;30232810999900000001;9900000030;990001003;АО ДЕМО ЭКВАЙРИНГ;044500996;30101810999990000996;40802810999900000001;DEMO-ACQ-001;990000000001;0;ИП ДЕМОНОВ АЛЕКСЕЙ ТЕСТОВИЧ;044500999;30101810999990000999;30232810999900000001;9900000030;АО ДЕМО ЭКВАЙРИНГ;044500996;;АО ДЕМО ЭКВАЙРИНГ;;;;
40802810999900000001;Дебет;Исходящие платежи;Транзакция;11.03.2025;11.03.2025;100254;01;643;119741,42;643;Оплата поставщику за партию сырья 2025-03-1;Оплата материалов и производства по счету SUP-202503-1. В том числе НДС 20%.;40802810999900000001;990000000001;0;ИП ДЕМОНОВ АЛЕКСЕЙ ТЕСТОВИЧ;044500999;30101810999990000999;40702810999920000002;DEMO-SUPPLY-001;9902000001;990201001;ООО ДЕМО СЫРЬЁ;044500911;30101810999990000912;40702810999920000002;9902000001;ООО ДЕМО СЫРЬЁ;044500911;;АО ДЕМО БАНК;;;;
40802810999900000001;Дебет;Исходящие платежи;Транзакция;11.03.2025;11.03.2025;100257;01;643;66621;643;Разработка продукта и тестовые образцы за 03.2025;Изготовление прототипов и тестовой партии по этапу DEV-202503.;40802810999900000001;990000000001;0;ИП ДЕМОНОВ АЛЕКСЕЙ ТЕСТОВИЧ;044500999;30101810999990000999;40702810999920000003;DEMO-RND-001;9902000003;990201003;ООО МАКЕТ-ЛАБ;044500913;30101810999990000913;40702810999920000003;9902000003;ООО МАКЕТ-ЛАБ;044500913;;АО ДЕМО БАНК;;;;
40802810999900000001;Кредит;Входящие платежи;Транзакция;12.03.2025;12.03.2025;100239;01;643;63365,3;643;Оплата от покупателя по счету DEMO-202503-002;Оплата товаров по счету DEMO-202503-002. НДС не облагается.;40702810999910000002;9901000003;990101002;ООО БЕТА-ТЕСТ;044500902;30101810999990000902;40802810999900000001;Договор DEMO-0002;990000000001;0;ИП ДЕМОНОВ АЛЕКСЕЙ ТЕСТОВИЧ;044500999;30101810999990000999;40702810999910000002;9901000003;ООО БЕТА-ТЕСТ;044500902;;АО ДЕМО БАНК;;;;
40802810999900000001;Кредит;Входящие платежи;Транзакция;12.03.2025;12.03.2025;100244;17;643;61984,41;643;Зачисление выручки ИНТЕРНЕТ-ЭКВАЙРИНГ по реестру 202503001;Перевод средств по реестру операций 202503001. Канал: ИНТЕРНЕТ-ЭКВАЙРИНГ. НДС не облагается.;30232810999900000001;9900000030;990001003;АО ДЕМО ЭКВАЙРИНГ;044500996;30101810999990000996;40802810999900000001;DEMO-ACQ-001;990000000001;0;ИП ДЕМОНОВ АЛЕКСЕЙ ТЕСТОВИЧ;044500999;30101810999990000999;30232810999900000001;9900000030;АО ДЕМО ЭКВАЙРИНГ;044500996;;АО ДЕМО ЭКВАЙРИНГ;;;;
40802810999900000001;Дебет;Кредитование;Транзакция;12.03.2025;12.03.2025;100273;35;643;65000;643;Погашение основной суммы кредита;Погашение основного долга по договору LOAN-DEMO-001 за 03.2025.;40802810999900000001;990000000001;0;ИП ДЕМОНОВ АЛЕКСЕЙ ТЕСТОВИЧ;044500999;30101810999990000999;45207810999900000001;LOAN-DEMO-001;9900000020;990001002;АО ДЕМО КРЕДИТ;044500997;30101810999990000997;45207810999900000001;9900000020;АО ДЕМО КРЕДИТ;044500997;;АО ДЕМО КРЕДИТ;;;;
40802810999900000001;Дебет;Кредитование;Транзакция;12.03.2025;12.03.2025;100274;35;643;13490;643;Проценты по кредиту;Уплата процентов по договору LOAN-DEMO-001 за 03.2025.;40802810999900000001;990000000001;0;ИП ДЕМОНОВ АЛЕКСЕЙ ТЕСТОВИЧ;044500999;30101810999990000999;45207810999900000001;LOAN-DEMO-001;9900000020;990001002;АО ДЕМО КРЕДИТ;044500997;30101810999990000997;45207810999900000001;9900000020;АО ДЕМО КРЕДИТ;044500997;;АО ДЕМО КРЕДИТ;;;;
40802810999900000001;Дебет;Исходящие платежи;Транзакция;14.03.2025;14.03.2025;100258;01;643;24374;643;Логистика и доставка заказов за 03.2025;Транспортные услуги по реестру LOG-202503.;40802810999900000001;990000000001;0;ИП ДЕМОНОВ АЛЕКСЕЙ ТЕСТОВИЧ;044500999;30101810999990000999;40702810999930000001;DEMO-LOG-001;9903000001;990301001;ООО ДЕМО ЛОГИСТИКА;044500921;30101810999990000921;40702810999930000001;9903000001;ООО ДЕМО ЛОГИСТИКА;044500921;;АО ДЕМО БАНК;;;;
40802810999900000001;Дебет;Оплата картой;Транзакция;15.03.2025;15.03.2025;;17;643;6079,06;643;Канцелярские и хозяйственные товары;Оплата по корпоративной карте: офисные и хозяйственные расходы.;40802810999900000001;990000000001;0;ИП ДЕМОНОВ АЛЕКСЕЙ ТЕСТОВИЧ;044500999;30101810999990000999;40702810999930000006;;9903000006;990301006;ООО ОФИС ДЕМО;044500926;30101810999990000926;40702810999930000006;9903000006;ООО ОФИС ДЕМО;044500926;5943;АО ДЕМО БАНК;;;;
40802810999900000001;Дебет;Исходящие платежи;Транзакция;16.03.2025;16.03.2025;100264;01;643;21942;643;Коммунальные расходы за 03.2025;Электроэнергия, связь и коммунальные услуги за 03.2025.;40802810999900000001;990000000001;0;ИП ДЕМОНОВ АЛЕКСЕЙ ТЕСТОВИЧ;044500999;30101810999990000999;40702810999930000005;UTIL-DEMO-001;9903000004;990301004;ООО ОБЛАКО ДЕМО;044500924;30101810999990000925;40702810999930000005;9903000004;ООО ОБЛАКО ДЕМО;044500924;;АО ДЕМО БАНК;;;;
40802810999900000001;Кредит;Входящие платежи;Транзакция;17.03.2025;;100253;17;643;54647,45;643;Зачисление выручки ИНТЕРНЕТ-ЭКВАЙРИНГ по реестру 202503010;Перевод средств по реестру операций 202503010. Канал: ИНТЕРНЕТ-ЭКВАЙРИНГ. НДС не облагается.;30232810999900000001;9900000030;990001003;АО ДЕМО ЭКВАЙРИНГ;044500996;30101810999990000996;40802810999900000001;DEMO-ACQ-001;990000000001;0;ИП ДЕМОНОВ АЛЕКСЕЙ ТЕСТОВИЧ;044500999;30101810999990000999;30232810999900000001;9900000030;АО ДЕМО ЭКВАЙРИНГ;044500996;;АО ДЕМО ЭКВАЙРИНГ;;;;
40802810999900000001;Кредит;Входящие платежи;Транзакция;17.03.2025;16.03.2025;100250;17;643;45727,44;643;Зачисление выручки ИНТЕРНЕТ-ЭКВАЙРИНГ по реестру 202503007;Перевод средств по реестру операций 202503007. Канал: ИНТЕРНЕТ-ЭКВАЙРИНГ. НДС не облагается.;30232810999900000001;9900000030;990001003;АО ДЕМО ЭКВАЙРИНГ;044500996;30101810999990000996;40802810999900000001;DEMO-ACQ-001;990000000001;0;ИП ДЕМОНОВ АЛЕКСЕЙ ТЕСТОВИЧ;044500999;30101810999990000999;30232810999900000001;9900000030;АО ДЕМО ЭКВАЙРИНГ;044500996;;АО ДЕМО ЭКВАЙРИНГ;;;;
40802810999900000001;Дебет;Исходящие платежи;Транзакция;17.03.2025;17.03.2025;100255;01;643;84073,76;643;Оплата поставщику за партию сырья 2025-03-2;Оплата материалов и производства по счету SUP-202503-2. В том числе НДС 20%.;40802810999900000001;990000000001;0;ИП ДЕМОНОВ АЛЕКСЕЙ ТЕСТОВИЧ;044500999;30101810999990000999;40702810999920000002;DEMO-SUPPLY-001;9902000002;990201002;ООО ТЕСТ ПРОИЗВОДСТВО;044500912;30101810999990000912;40702810999920000002;9902000002;ООО ТЕСТ ПРОИЗВОДСТВО;044500912;;АО ДЕМО БАНК;;;;
40802810999900000001;Кредит;Входящие платежи;Транзакция;18.03.2025;18.03.2025;100249;17;643;28096,47;643;Зачисление выручки СБП по реестру 202503006;Перевод средств по реестру операций 202503006. Канал: СБП. НДС не облагается.;30232810999900000001;9900000030;990001003;АО ДЕМО ЭКВАЙРИНГ;044500996;30101810999990000996;40802810999900000001;DEMO-ACQ-001;990000000001;0;ИП ДЕМОНОВ АЛЕКСЕЙ ТЕСТОВИЧ;044500999;30101810999990000999;30232810999900000001;9900000030;АО ДЕМО ЭКВАЙРИНГ;044500996;;АО ДЕМО ЭКВАЙРИНГ;;;;
40802810999900000001;Дебет;Оплата картой;Транзакция;19.03.2025;19.03.2025;;17;643;1863,69;643;Оплата корпоративной подписки DEMO CLOUD;Оплата по корпоративной карте: облачное программное обеспечение.;40802810999900000001;990000000001;0;ИП ДЕМОНОВ АЛЕКСЕЙ ТЕСТОВИЧ;044500999;30101810999990000999;40702810999930000005;;9903000005;990301005;ООО СОФТ ДЕМО;044500925;30101810999990000925;40702810999930000005;9903000005;ООО СОФТ ДЕМО;044500925;5734;АО ДЕМО БАНК;;;;
40802810999900000001;Кредит;Входящие платежи;Транзакция;19.03.2025;19.03.2025;100251;17;643;37377,76;643;Зачисление выручки ИНТЕРНЕТ-ЭКВАЙРИНГ по реестру 202503008;Перевод средств по реестру операций 202503008. Канал: ИНТЕРНЕТ-ЭКВАЙРИНГ. НДС не облагается.;30232810999900000001;9900000030;990001003;АО ДЕМО ЭКВАЙРИНГ;044500996;30101810999990000996;40802810999900000001;DEMO-ACQ-001;990000000001;0;ИП ДЕМОНОВ АЛЕКСЕЙ ТЕСТОВИЧ;044500999;30101810999990000999;30232810999900000001;9900000030;АО ДЕМО ЭКВАЙРИНГ;044500996;;АО ДЕМО ЭКВАЙРИНГ;;;;
40802810999900000001;Дебет;Исходящие платежи;Транзакция;19.03.2025;19.03.2025;100260;01;643;63265;643;Вознаграждение подрядчику за 03.2025;Оплата услуг подрядчика по акту HR-202503-1. НДС не облагается.;40802810999900000001;990000000001;0;ИП ДЕМОНОВ АЛЕКСЕЙ ТЕСТОВИЧ;044500999;30101810999990000999;40817810999940000001;DEMO-HR-001;990400000001;0;САМОЗАНЯТЫЙ ДЕМО СПЕЦИАЛИСТ 01;044500931;30101810999990000931;40817810999940000001;990400000001;САМОЗАНЯТЫЙ ДЕМО СПЕЦИАЛИСТ 01;044500931;;АО ДЕМО БАНК;;;;
40802810999900000001;Кредит;Входящие платежи;Транзакция;20.03.2025;20.03.2025;100252;17;643;54007,34;643;Зачисление выручки СБП по реестру 202503009;Перевод средств по реестру операций 202503009. Канал: СБП. НДС не облагается.;30232810999900000001;9900000030;990001003;АО ДЕМО ЭКВАЙРИНГ;044500996;30101810999990000996;40802810999900000001;DEMO-ACQ-001;990000000001;0;ИП ДЕМОНОВ АЛЕКСЕЙ ТЕСТОВИЧ;044500999;30101810999990000999;30232810999900000001;9900000030;АО ДЕМО ЭКВАЙРИНГ;044500996;;АО ДЕМО ЭКВАЙРИНГ;;;;
40802810999900000001;Дебет;Исходящие платежи;Транзакция;20.03.2025;20.03.2025;100261;01;643;46335;643;Вознаграждение подрядчику за 03.2025;Оплата услуг подрядчика по акту HR-202503-2. НДС не облагается.;40802810999900000001;990000000001;0;ИП ДЕМОНОВ АЛЕКСЕЙ ТЕСТОВИЧ;044500999;30101810999990000999;40817810999940000002;DEMO-HR-002;990400000002;0;САМОЗАНЯТЫЙ ДЕМО СПЕЦИАЛИСТ 02;044500932;30101810999990000932;40817810999940000002;990400000002;САМОЗАНЯТЫЙ ДЕМО СПЕЦИАЛИСТ 02;044500932;;АО ДЕМО БАНК;;;;
40802810999900000001;Дебет;Услуги банка;Транзакция;20.03.2025;20.03.2025;100266;17;643;490;643;Плата за обслуживание счета;Плата за обслуживание расчетного счета за 03.2025. Договор DEMO-BANK-001.;40802810999900000001;990000000001;0;ИП ДЕМОНОВ АЛЕКСЕЙ ТЕСТОВИЧ;044500999;30101810999990000999;47423810999900000001;DEMO-BANK-001;9900000002;990001001;АО ДЕМО БАНК;044500999;30101810999990000999;47423810999900000001;9900000002;АО ДЕМО БАНК;044500999;;АО ДЕМО БАНК;;;;
40802810999900000001;Дебет;Услуги банка;Транзакция;20.03.2025;20.03.2025;100267;17;643;199;643;Плата за услугу оповещения об операциях;Плата за уведомления и SMS-банк за 03.2025.;40802810999900000001;990000000001;0;ИП ДЕМОНОВ АЛЕКСЕЙ ТЕСТОВИЧ;044500999;30101810999990000999;47423810999900000001;DEMO-BANK-001;9900000002;990001001;АО ДЕМО БАНК;044500999;30101810999990000999;47423810999900000001;9900000002;АО ДЕМО БАНК;044500999;;АО ДЕМО БАНК;;;;
40802810999900000001;Дебет;Исходящие платежи;Транзакция;21.03.2025;21.03.2025;100262;01;643;73913;643;Вознаграждение подрядчику за 03.2025;Оплата услуг подрядчика по акту HR-202503-3. НДС не облагается.;40802810999900000001;990000000001;0;ИП ДЕМОНОВ АЛЕКСЕЙ ТЕСТОВИЧ;044500999;30101810999990000999;40802810999940000003;DEMO-HR-003;990400000003;0;ИП ТЕСТОВА МАРИЯ ДЕМО;044500933;30101810999990000933;40802810999940000003;990400000003;ИП ТЕСТОВА МАРИЯ ДЕМО;044500933;;АО ДЕМО БАНК;;;;
40802810999900000001;Дебет;Исходящие платежи;Транзакция;23.03.2025;23.03.2025;100256;01;643;50953,8;643;Оплата поставщику за партию сырья 2025-03-3;Оплата материалов и производства по счету SUP-202503-3. В том числе НДС 20%.;40802810999900000001;990000000001;0;ИП ДЕМОНОВ АЛЕКСЕЙ ТЕСТОВИЧ;044500999;30101810999990000999;40702810999920000002;DEMO-SUPPLY-001;9902000001;990201001;ООО ДЕМО СЫРЬЁ;044500911;30101810999990000912;40702810999920000002;9902000001;ООО ДЕМО СЫРЬЁ;044500911;;АО ДЕМО БАНК;;;;
40802810999900000001;Кредит;Входящие платежи;Транзакция;24.03.2025;22.03.2025;100243;01;643;58407,42;643;Оплата от покупателя по счету DEMO-202503-006;Оплата товаров по счету DEMO-202503-006. НДС не облагается.;40702810999910000002;9901000003;990101002;ООО БЕТА-ТЕСТ;044500902;30101810999990000902;40802810999900000001;Договор DEMO-0002;990000000001;0;ИП ДЕМОНОВ АЛЕКСЕЙ ТЕСТОВИЧ;044500999;30101810999990000999;40702810999910000002;9901000003;ООО БЕТА-ТЕСТ;044500902;;АО ДЕМО БАНК;;;;
40802810999900000001;Кредит;Входящие платежи;Транзакция;25.03.2025;25.03.2025;100238;01;643;62854,34;643;Оплата от покупателя по счету DEMO-202503-001;Оплата товаров по счету DEMO-202503-001. НДС не облагается.;40702810999910000001;9901000001;990101001;ООО АЛЬФА-ДЕМО;044500901;30101810999990000901;40802810999900000001;Договор DEMO-0001;990000000001;0;ИП ДЕМОНОВ АЛЕКСЕЙ ТЕСТОВИЧ;044500999;30101810999990000999;40702810999910000001;9901000001;ООО АЛЬФА-ДЕМО;044500901;;АО ДЕМО БАНК;;;;
40802810999900000001;Дебет;Платежи в налоговую;Транзакция;25.03.2025;25.03.2025;100269;01;643;48847,44;643;ЕНП. Налог по УСН;Единый налоговый платеж. УСН 6%. Период 03.2025.;40802810999900000001;990000000001;0;ИП ДЕМОНОВ АЛЕКСЕЙ ТЕСТОВИЧ;044500999;30101810999990000999;03100643999900000001;;9900000010;990001001;КАЗНАЧЕЙСТВО ДЕМО (ФНС ДЕМО);017000999;40102810999990000999;03100643999900000001;9900000010;КАЗНАЧЕЙСТВО ДЕМО (ФНС ДЕМО);017000999;;КАЗНАЧЕЙСТВО ДЕМО;18210501011011000110;ТП;МС.03.2025;0
40802810999900000001;Дебет;Платежи в налоговую;Транзакция;26.03.2025;26.03.2025;100270;01;643;34468;643;Страховые взносы за работников;Страховые взносы за квартал, окончание 03.2025.;40802810999900000001;990000000001;0;ИП ДЕМОНОВ АЛЕКСЕЙ ТЕСТОВИЧ;044500999;30101810999990000999;03100643999900000001;;9900000010;990001001;КАЗНАЧЕЙСТВО ДЕМО (ФНС ДЕМО);017000999;40102810999990000999;03100643999900000001;9900000010;КАЗНАЧЕЙСТВО ДЕМО (ФНС ДЕМО);017000999;;КАЗНАЧЕЙСТВО ДЕМО;18210202010061010160;ТП;КВ.01.2025;0
40802810999900000001;Дебет;Услуги банка;Транзакция;27.03.2025;27.03.2025;100268;17;643;7889,97;643;Комиссия за интернет-эквайринг и СБП;Комиссия за обработку платежей по реестрам 03.2025.;40802810999900000001;990000000001;0;ИП ДЕМОНОВ АЛЕКСЕЙ ТЕСТОВИЧ;044500999;30101810999990000999;30232810999900000001;DEMO-ACQ-001;9900000030;990001003;АО ДЕМО ЭКВАЙРИНГ;044500996;30101810999990000996;30232810999900000001;9900000030;АО ДЕМО ЭКВАЙРИНГ;044500996;;АО ДЕМО ЭКВАЙРИНГ;;;;
40802810999900000001;Кредит;Входящие платежи;Транзакция;28.03.2025;28.03.2025;100271;17;643;2733,43;643;Проценты на остаток и бизнес-кэшбэк;Начисление процентов и кэшбэка за 03.2025.;47423810999900000001;9900000002;990001001;АО ДЕМО БАНК;044500999;30101810999990000999;40802810999900000001;DEMO-BANK-001;990000000001;0;ИП ДЕМОНОВ АЛЕКСЕЙ ТЕСТОВИЧ;044500999;30101810999990000999;47423810999900000001;9900000002;АО ДЕМО БАНК;044500999;;АО ДЕМО БАНК;;;;
40802810999900000001;Кредит;Входящие платежи;Транзакция;02.04.2025;02.04.2025;100285;17;643;69405,85;643;Зачисление выручки ИНТЕРНЕТ-ЭКВАЙРИНГ по реестру 202504007;Перевод средств по реестру операций 202504007. Канал: ИНТЕРНЕТ-ЭКВАЙРИНГ. НДС не облагается.;30232810999900000001;9900000030;990001003;АО ДЕМО ЭКВАЙРИНГ;044500996;30101810999990000996;40802810999900000001;DEMO-ACQ-001;990000000001;0;ИП ДЕМОНОВ АЛЕКСЕЙ ТЕСТОВИЧ;044500999;30101810999990000999;30232810999900000001;9900000030;АО ДЕМО ЭКВАЙРИНГ;044500996;;АО ДЕМО ЭКВАЙРИНГ;;;;
40802810999900000001;Дебет;Исходящие платежи;Транзакция;02.04.2025;02.04.2025;100296;01;643;85000;643;Аренда помещения за 04.2025;Арендная плата по договору RENT-DEMO-001 за 04.2025.;40802810999900000001;990000000001;0;ИП ДЕМОНОВ АЛЕКСЕЙ ТЕСТОВИЧ;044500999;30101810999990000999;40702810999930000003;RENT-DEMO-001;9903000003;990301003;ООО БИЗНЕС-ЦЕНТР ДЕМО;044500923;30101810999990000923;40702810999930000003;9903000003;ООО БИЗНЕС-ЦЕНТР ДЕМО;044500923;;АО ДЕМО БАНК;;;;
40802810999900000001;Кредит;Входящие платежи;Транзакция;04.04.2025;04.04.2025;100275;01;643;123638,86;643;Оплата от покупателя по счету DEMO-202504-001;Оплата товаров по счету DEMO-202504-001. НДС не облагается.;40702810999910000002;9901000003;990101002;ООО БЕТА-ТЕСТ;044500902;30101810999990000902;40802810999900000001;Договор DEMO-0002;990000000001;0;ИП ДЕМОНОВ АЛЕКСЕЙ ТЕСТОВИЧ;044500999;30101810999990000999;40702810999910000002;9901000003;ООО БЕТА-ТЕСТ;044500902;;АО ДЕМО БАНК;;;;
40802810999900000001;Кредит;Входящие платежи;Транзакция;07.04.2025;05.04.2025;100283;17;643;35457,4;643;Зачисление выручки ИНТЕРНЕТ-ЭКВАЙРИНГ по реестру 202504005;Перевод средств по реестру операций 202504005. Канал: ИНТЕРНЕТ-ЭКВАЙРИНГ. НДС не облагается.;30232810999900000001;9900000030;990001003;АО ДЕМО ЭКВАЙРИНГ;044500996;30101810999990000996;40802810999900000001;DEMO-ACQ-001;990000000001;0;ИП ДЕМОНОВ АЛЕКСЕЙ ТЕСТОВИЧ;044500999;30101810999990000999;30232810999900000001;9900000030;АО ДЕМО ЭКВАЙРИНГ;044500996;;АО ДЕМО ЭКВАЙРИНГ;;;;
40802810999900000001;Кредит;Входящие платежи;Транзакция;07.04.2025;05.04.2025;100284;17;643;66149,91;643;Зачисление выручки СБП по реестру 202504006;Перевод средств по реестру операций 202504006. Канал: СБП. НДС не облагается.;30232810999900000001;9900000030;990001003;АО ДЕМО ЭКВАЙРИНГ;044500996;30101810999990000996;40802810999900000001;DEMO-ACQ-001;990000000001;0;ИП ДЕМОНОВ АЛЕКСЕЙ ТЕСТОВИЧ;044500999;30101810999990000999;30232810999900000001;9900000030;АО ДЕМО ЭКВАЙРИНГ;044500996;;АО ДЕМО ЭКВАЙРИНГ;;;;
40802810999900000001;Дебет;Исходящие платежи;Транзакция;07.04.2025;07.04.2025;100298;01;643;9356;643;Подписка на программное обеспечение;Лицензии и облачные сервисы за 04.2025.;40802810999900000001;990000000001;0;ИП ДЕМОНОВ АЛЕКСЕЙ ТЕСТОВИЧ;044500999;30101810999990000999;40702810999930000005;SOFT-DEMO-001;9903000005;990301005;ООО СОФТ ДЕМО;044500925;30101810999990000925;40702810999930000005;9903000005;ООО СОФТ ДЕМО;044500925;;АО ДЕМО БАНК;;;;
40802810999900000001;Кредит;Входящие платежи;Транзакция;08.04.2025;08.04.2025;100276;01;643;103959,44;643;Оплата от покупателя по счету DEMO-202504-002;Оплата товаров по счету DEMO-202504-002. НДС не облагается.;40702810999910000004;9901000003;990101003;ООО ГАММА-МАРКЕТ;044500903;30101810999990000903;40802810999900000001;Договор DEMO-0003;990000000001;0;ИП ДЕМОНОВ АЛЕКСЕЙ ТЕСТОВИЧ;044500999;30101810999990000999;40702810999910000004;9901000003;ООО ГАММА-МАРКЕТ;044500903;;АО ДЕМО БАНК;;;;
40802810999900000001;Кредит;Входящие платежи;Транзакция;08.04.2025;08.04.2025;100286;17;643;49713,11;643;Зачисление выручки ИНТЕРНЕТ-ЭКВАЙРИНГ по реестру 202504008;Перевод средств по реестру операций 202504008. Канал: ИНТЕРНЕТ-ЭКВАЙРИНГ. НДС не облагается.;30232810999900000001;9900000030;990001003;АО ДЕМО ЭКВАЙРИНГ;044500996;30101810999990000996;40802810999900000001;DEMO-ACQ-001;990000000001;0;ИП ДЕМОНОВ АЛЕКСЕЙ ТЕСТОВИЧ;044500999;30101810999990000999;30232810999900000001;9900000030;АО ДЕМО ЭКВАЙРИНГ;044500996;;АО ДЕМО ЭКВАЙРИНГ;;;;
40802810999900000001;Дебет;Исходящие платежи;Транзакция;08.04.2025;08.04.2025;100292;01;643;34431;643;Маркетинг и реклама за 04.2025;"Рекламная кампания MEDIA-202504; продвижение и аналитика.";40802810999900000001;990000000001;0;ИП ДЕМОНОВ АЛЕКСЕЙ ТЕСТОВИЧ;044500999;30101810999990000999;40702810999930000002;DEMO-MEDIA-001;9903000002;990301002;ООО МЕДИА ТЕСТ;044500922;30101810999990000922;40702810999930000002;9903000002;ООО МЕДИА ТЕСТ;044500922;;АО ДЕМО БАНК;;;;
40802810999900000001;Кредит;Входящие платежи;Транзакция;09.04.2025;09.04.2025;100281;17;643;52340,35;643;Зачисление выручки СБП по реестру 202504003;Перевод средств по реестру операций 202504003. Канал: СБП. НДС не облагается.;30232810999900000001;9900000030;990001003;АО ДЕМО ЭКВАЙРИНГ;044500996;30101810999990000996;40802810999900000001;DEMO-ACQ-001;990000000001;0;ИП ДЕМОНОВ АЛЕКСЕЙ ТЕСТОВИЧ;044500999;30101810999990000999;30232810999900000001;9900000030;АО ДЕМО ЭКВАЙРИНГ;044500996;;АО ДЕМО ЭКВАЙРИНГ;;;;
40802810999900000001;Кредит;Входящие платежи;Транзакция;11.04.2025;11.04.2025;100278;01;643;138464,69;643;Оплата от покупателя по счету DEMO-202504-004;Оплата товаров по счету DEMO-202504-004. НДС не облагается.;40702810999910000001;9901000001;990101001;ООО АЛЬФА-ДЕМО;044500901;30101810999990000901;40802810999900000001;Договор DEMO-0001;990000000001;0;ИП ДЕМОНОВ АЛЕКСЕЙ ТЕСТОВИЧ;044500999;30101810999990000999;40702810999910000001;9901000001;ООО АЛЬФА-ДЕМО;044500901;;АО ДЕМО БАНК;;;;
40802810999900000001;Дебет;Исходящие платежи;Транзакция;11.04.2025;11.04.2025;100287;01;643;133425,25;643;Оплата поставщику за партию сырья 2025-04-1;Оплата материалов и производства по счету SUP-202504-1. В том числе НДС 20%.;40802810999900000001;990000000001;0;ИП ДЕМОНОВ АЛЕКСЕЙ ТЕСТОВИЧ;044500999;30101810999990000999;40702810999920000002;DEMO-SUPPLY-001;9902000001;990201001;ООО ДЕМО СЫРЬЁ;044500911;30101810999990000912;40702810999920000002;9902000001;ООО ДЕМО СЫРЬЁ;044500911;;АО ДЕМО БАНК;;;;
40802810999900000001;Дебет;Исходящие платежи;Транзакция;11.04.2025;11.04.2025;100290;01;643;24497;643;Разработка продукта и тестовые образцы за 04.2025;Изготовление прототипов и тестовой партии по этапу DEV-202504.;40802810999900000001;990000000001;0;ИП ДЕМОНОВ АЛЕКСЕЙ ТЕСТОВИЧ;044500999;30101810999990000999;40702810999920000003;DEMO-RND-001;9902000003;990201003;ООО МАКЕТ-ЛАБ;044500913;30101810999990000913;40702810999920000003;9902000003;ООО МАКЕТ-ЛАБ;044500913;;АО ДЕМО БАНК;;;;
40802810999900000001;Дебет;Кредитование;Транзакция;12.04.2025;12.04.2025;100306;35;643;65000;643;Погашение основной суммы кредита;Погашение основного долга по договору LOAN-DEMO-001 за 04.2025.;40802810999900000001;990000000001;0;ИП ДЕМОНОВ АЛЕКСЕЙ ТЕСТОВИЧ;044500999;30101810999990000999;45207810999900000001;LOAN-DEMO-001;9900000020;990001002;АО ДЕМО КРЕДИТ;044500997;30101810999990000997;45207810999900000001;9900000020;АО ДЕМО КРЕДИТ;044500997;;АО ДЕМО КРЕДИТ;;;;
40802810999900000001;Дебет;Кредитование;Транзакция;12.04.2025;12.04.2025;100307;35;643;13060;643;Проценты по кредиту;Уплата процентов по договору LOAN-DEMO-001 за 04.2025.;40802810999900000001;990000000001;0;ИП ДЕМОНОВ АЛЕКСЕЙ ТЕСТОВИЧ;044500999;30101810999990000999;45207810999900000001;LOAN-DEMO-001;9900000020;990001002;АО ДЕМО КРЕДИТ;044500997;30101810999990000997;45207810999900000001;9900000020;АО ДЕМО КРЕДИТ;044500997;;АО ДЕМО КРЕДИТ;;;;
40802810999900000001;Дебет;Исходящие платежи;Транзакция;14.04.2025;14.04.2025;100291;01;643;22464;643;Логистика и доставка заказов за 04.2025;Транспортные услуги по реестру LOG-202504.;40802810999900000001;990000000001;0;ИП ДЕМОНОВ АЛЕКСЕЙ ТЕСТОВИЧ;044500999;30101810999990000999;40702810999930000001;DEMO-LOG-001;9903000001;990301001;ООО ДЕМО ЛОГИСТИКА;044500921;30101810999990000921;40702810999930000001;9903000001;ООО ДЕМО ЛОГИСТИКА;044500921;;АО ДЕМО БАНК;;;;
40802810999900000001;Кредит;Входящие платежи;Транзакция;15.04.2025;15.04.2025;100279;17;643;59110,78;643;Зачисление выручки ИНТЕРНЕТ-ЭКВАЙРИНГ по реестру 202504001;Перевод средств по реестру операций 202504001. Канал: ИНТЕРНЕТ-ЭКВАЙРИНГ. НДС не облагается.;30232810999900000001;9900000030;990001003;АО ДЕМО ЭКВАЙРИНГ;044500996;30101810999990000996;40802810999900000001;DEMO-ACQ-001;990000000001;0;ИП ДЕМОНОВ АЛЕКСЕЙ ТЕСТОВИЧ;044500999;30101810999990000999;30232810999900000001;9900000030;АО ДЕМО ЭКВАЙРИНГ;044500996;;АО ДЕМО ЭКВАЙРИНГ;;;;
40802810999900000001;Дебет;Оплата картой;Транзакция;16.04.2025;;;17;643;3481,48;643;Оплата корпоративной подписки DEMO CLOUD;Оплата по корпоративной карте: облачное программное обеспечение.;40802810999900000001;990000000001;0;ИП ДЕМОНОВ АЛЕКСЕЙ ТЕСТОВИЧ;044500999;30101810999990000999;40702810999930000005;;9903000005;990301005;ООО СОФТ ДЕМО;044500925;30101810999990000925;40702810999930000005;9903000005;ООО СОФТ ДЕМО;044500925;5734;АО ДЕМО БАНК;;;;
40802810999900000001;Дебет;Исходящие платежи;Транзакция;16.04.2025;16.04.2025;100297;01;643;20016;643;Коммунальные расходы за 04.2025;Электроэнергия, связь и коммунальные услуги за 04.2025.;40802810999900000001;990000000001;0;ИП ДЕМОНОВ АЛЕКСЕЙ ТЕСТОВИЧ;044500999;30101810999990000999;40702810999930000005;UTIL-DEMO-001;9903000004;990301004;ООО ОБЛАКО ДЕМО;044500924;30101810999990000925;40702810999930000005;9903000004;ООО ОБЛАКО ДЕМО;044500924;;АО ДЕМО БАНК;;;;
40802810999900000001;Кредит;Входящие платежи;Транзакция;17.04.2025;17.04.2025;100280;17;643;40991,39;643;Зачисление выручки ИНТЕРНЕТ-ЭКВАЙРИНГ по реестру 202504002;Перевод средств по реестру операций 202504002. Канал: ИНТЕРНЕТ-ЭКВАЙРИНГ. НДС не облагается.;30232810999900000001;9900000030;990001003;АО ДЕМО ЭКВАЙРИНГ;044500996;30101810999990000996;40802810999900000001;DEMO-ACQ-001;990000000001;0;ИП ДЕМОНОВ АЛЕКСЕЙ ТЕСТОВИЧ;044500999;30101810999990000999;30232810999900000001;9900000030;АО ДЕМО ЭКВАЙРИНГ;044500996;;АО ДЕМО ЭКВАЙРИНГ;;;;
40802810999900000001;Дебет;Исходящие платежи;Транзакция;17.04.2025;17.04.2025;100288;01;643;93681,56;643;Оплата поставщику за партию сырья 2025-04-2;Оплата материалов и производства по счету SUP-202504-2. В том числе НДС 20%.;40802810999900000001;990000000001;0;ИП ДЕМОНОВ АЛЕКСЕЙ ТЕСТОВИЧ;044500999;30101810999990000999;40702810999920000002;DEMO-SUPPLY-001;9902000002;990201002;ООО ТЕСТ ПРОИЗВОДСТВО;044500912;30101810999990000912;40702810999920000002;9902000002;ООО ТЕСТ ПРОИЗВОДСТВО;044500912;;АО ДЕМО БАНК;;;;
40802810999900000001;Кредит;Входящие платежи;Транзакция;18.04.2025;18.04.2025;100277;01;643;107504,27;643;Оплата от покупателя по счету DEMO-202504-003;Оплата товаров по счету DEMO-202504-003. НДС не облагается.;40702810999910000004;9901000004;990101004;ООО ДЕЛЬТА-ШОП;044500904;30101810999990000904;40802810999900000001;Договор DEMO-0004;990000000001;0;ИП ДЕМОНОВ АЛЕКСЕЙ ТЕСТОВИЧ;044500999;30101810999990000999;40702810999910000004;9901000004;ООО ДЕЛЬТА-ШОП;044500904;;АО ДЕМО БАНК;;;;
40802810999900000001;Дебет;Исходящие платежи;Транзакция;19.04.2025;19.04.2025;100293;01;643;55108;643;Вознаграждение подрядчику за 04.2025;Оплата услуг подрядчика по акту HR-202504-1. НДС не облагается.;40802810999900000001;990000000001;0;ИП ДЕМОНОВ АЛЕКСЕЙ ТЕСТОВИЧ;044500999;30101810999990000999;40817810999940000001;DEMO-HR-001;990400000001;0;САМОЗАНЯТЫЙ ДЕМО СПЕЦИАЛИСТ 01;044500931;30101810999990000931;40817810999940000001;990400000001;САМОЗАНЯТЫЙ ДЕМО СПЕЦИАЛИСТ 01;044500931;;АО ДЕМО БАНК;;;;
40802810999900000001;Дебет;Исходящие платежи;Транзакция;20.04.2025;20.04.2025;100294;01;643;47692;643;Вознаграждение подрядчику за 04.2025;Оплата услуг подрядчика по акту HR-202504-2. НДС не облагается.;40802810999900000001;990000000001;0;ИП ДЕМОНОВ АЛЕКСЕЙ ТЕСТОВИЧ;044500999;30101810999990000999;40817810999940000002;DEMO-HR-002;990400000002;0;САМОЗАНЯТЫЙ ДЕМО СПЕЦИАЛИСТ 02;044500932;30101810999990000932;40817810999940000002;990400000002;САМОЗАНЯТЫЙ ДЕМО СПЕЦИАЛИСТ 02;044500932;;АО ДЕМО БАНК;;;;
40802810999900000001;Дебет;Услуги банка;Транзакция;20.04.2025;20.04.2025;100299;17;643;490;643;Плата за обслуживание счета;Плата за обслуживание расчетного счета за 04.2025. Договор DEMO-BANK-001.;40802810999900000001;990000000001;0;ИП ДЕМОНОВ АЛЕКСЕЙ ТЕСТОВИЧ;044500999;30101810999990000999;47423810999900000001;DEMO-BANK-001;9900000002;990001001;АО ДЕМО БАНК;044500999;30101810999990000999;47423810999900000001;9900000002;АО ДЕМО БАНК;044500999;;АО ДЕМО БАНК;;;;
40802810999900000001;Дебет;Услуги банка;Транзакция;20.04.2025;20.04.2025;100300;17;643;199;643;Плата за услугу оповещения об операциях;Плата за уведомления и SMS-банк за 04.2025.;40802810999900000001;990000000001;0;ИП ДЕМОНОВ АЛЕКСЕЙ ТЕСТОВИЧ;044500999;30101810999990000999;47423810999900000001;DEMO-BANK-001;9900000002;990001001;АО ДЕМО БАНК;044500999;30101810999990000999;47423810999900000001;9900000002;АО ДЕМО БАНК;044500999;;АО ДЕМО БАНК;;;;
40802810999900000001;Дебет;Исходящие платежи;Транзакция;21.04.2025;21.04.2025;100295;01;643;74609;643;Вознаграждение подрядчику за 04.2025;Оплата услуг подрядчика по акту HR-202504-3. НДС не облагается.;40802810999900000001;990000000001;0;ИП ДЕМОНОВ АЛЕКСЕЙ ТЕСТОВИЧ;044500999;30101810999990000999;40802810999940000003;DEMO-HR-003;990400000003;0;ИП ТЕСТОВА МАРИЯ ДЕМО;044500933;30101810999990000933;40802810999940000003;990400000003;ИП ТЕСТОВА МАРИЯ ДЕМО;044500933;;АО ДЕМО БАНК;;;;
40802810999900000001;Дебет;Возвраты контрагентам;Транзакция;21.04.2025;21.04.2025;100304;17;643;13915,58;643;Возврат денежных средств покупателю;Возврат покупателю по реестру REFUND-202504.;40802810999900000001;990000000001;0;ИП ДЕМОНОВ АЛЕКСЕЙ ТЕСТОВИЧ;044500999;30101810999990000999;30232810999900000001;DEMO-ACQ-001;9900000030;990001003;АО ДЕМО ЭКВАЙРИНГ;044500996;30101810999990000996;30232810999900000001;9900000030;АО ДЕМО ЭКВАЙРИНГ;044500996;;АО ДЕМО ЭКВАЙРИНГ;;;;
40802810999900000001;Дебет;Исходящие платежи;Транзакция;23.04.2025;23.04.2025;100289;01;643;56776,7;643;Оплата поставщику за партию сырья 2025-04-3;Оплата материалов и производства по счету SUP-202504-3. В том числе НДС 20%.;40802810999900000001;990000000001;0;ИП ДЕМОНОВ АЛЕКСЕЙ ТЕСТОВИЧ;044500999;30101810999990000999;40702810999920000002;DEMO-SUPPLY-001;9902000001;990201001;ООО ДЕМО СЫРЬЁ;044500911;30101810999990000912;40702810999920000002;9902000001;ООО ДЕМО СЫРЬЁ;044500911;;АО ДЕМО БАНК;;;;
40802810999900000001;Дебет;Оплата картой;Транзакция;24.04.2025;24.04.2025;;17;643;9232,04;643;Канцелярские и хозяйственные товары;Оплата по корпоративной карте: офисные и хозяйственные расходы.;40802810999900000001;990000000001;0;ИП ДЕМОНОВ АЛЕКСЕЙ ТЕСТОВИЧ;044500999;30101810999990000999;40702810999930000006;;9903000006;990301006;ООО ОФИС ДЕМО;044500926;30101810999990000926;40702810999930000006;9903000006;ООО ОФИС ДЕМО;044500926;5943;АО ДЕМО БАНК;;;;
40802810999900000001;Кредит;Входящие платежи;Транзакция;25.04.2025;25.04.2025;100282;17;643;31312,29;643;Зачисление выручки ИНТЕРНЕТ-ЭКВАЙРИНГ по реестру 202504004;Перевод средств по реестру операций 202504004. Канал: ИНТЕРНЕТ-ЭКВАЙРИНГ. НДС не облагается.;30232810999900000001;9900000030;990001003;АО ДЕМО ЭКВАЙРИНГ;044500996;30101810999990000996;40802810999900000001;DEMO-ACQ-001;990000000001;0;ИП ДЕМОНОВ АЛЕКСЕЙ ТЕСТОВИЧ;044500999;30101810999990000999;30232810999900000001;9900000030;АО ДЕМО ЭКВАЙРИНГ;044500996;;АО ДЕМО ЭКВАЙРИНГ;;;;
40802810999900000001;Дебет;Платежи в налоговую;Транзакция;25.04.2025;25.04.2025;100302;01;643;52682,9;643;ЕНП. Налог по УСН;Единый налоговый платеж. УСН 6%. Период 04.2025.;40802810999900000001;990000000001;0;ИП ДЕМОНОВ АЛЕКСЕЙ ТЕСТОВИЧ;044500999;30101810999990000999;03100643999900000001;;9900000010;990001001;КАЗНАЧЕЙСТВО ДЕМО (ФНС ДЕМО);017000999;40102810999990000999;03100643999900000001;9900000010;КАЗНАЧЕЙСТВО ДЕМО (ФНС ДЕМО);017000999;;КАЗНАЧЕЙСТВО ДЕМО;18210501011011000110;ТП;МС.04.2025;0
40802810999900000001;Дебет;Услуги банка;Транзакция;27.04.2025;27.04.2025;100301;17;643;8381,16;643;Комиссия за интернет-эквайринг и СБП;Комиссия за обработку платежей по реестрам 04.2025.;40802810999900000001;990000000001;0;ИП ДЕМОНОВ АЛЕКСЕЙ ТЕСТОВИЧ;044500999;30101810999990000999;30232810999900000001;DEMO-ACQ-001;9900000030;990001003;АО ДЕМО ЭКВАЙРИНГ;044500996;30101810999990000996;30232810999900000001;9900000030;АО ДЕМО ЭКВАЙРИНГ;044500996;;АО ДЕМО ЭКВАЙРИНГ;;;;
40802810999900000001;Кредит;Входящие платежи;Транзакция;28.04.2025;28.04.2025;100303;17;643;1634,76;643;Проценты на остаток и бизнес-кэшбэк;Начисление процентов и кэшбэка за 04.2025.;47423810999900000001;9900000002;990001001;АО ДЕМО БАНК;044500999;30101810999990000999;40802810999900000001;DEMO-BANK-001;990000000001;0;ИП ДЕМОНОВ АЛЕКСЕЙ ТЕСТОВИЧ;044500999;30101810999990000999;47423810999900000001;9900000002;АО ДЕМО БАНК;044500999;;АО ДЕМО БАНК;;;;
40802810999900000001;Дебет;Исходящие платежи;Транзакция;29.04.2025;29.04.2025;100305;01;643;90211;643;Изъятие собственника;Перевод собственных средств предпринимателю. НДС не облагается.;40802810999900000001;990000000001;0;ИП ДЕМОНОВ АЛЕКСЕЙ ТЕСТОВИЧ;044500999;30101810999990000999;40817810999900000002;OWNER-DEMO;990000000001;0;ДЕМОНОВ АЛЕКСЕЙ ТЕСТОВИЧ;044500998;30101810999990000998;40817810999900000002;990000000001;ДЕМОНОВ АЛЕКСЕЙ ТЕСТОВИЧ;044500998;;АО ДЕМО БАНК;;;;
40802810999900000001;Дебет;Исходящие платежи;Транзакция;02.05.2025;02.05.2025;100333;01;643;85000;643;Аренда помещения за 05.2025;Арендная плата по договору RENT-DEMO-001 за 05.2025.;40802810999900000001;990000000001;0;ИП ДЕМОНОВ АЛЕКСЕЙ ТЕСТОВИЧ;044500999;30101810999990000999;40702810999930000003;RENT-DEMO-001;9903000003;990301003;ООО БИЗНЕС-ЦЕНТР ДЕМО;044500923;30101810999990000923;40702810999930000003;9903000003;ООО БИЗНЕС-ЦЕНТР ДЕМО;044500923;;АО ДЕМО БАНК;;;;
40802810999900000001;Кредит;Входящие платежи;Транзакция;05.05.2025;04.05.2025;100308;01;643;48456,05;643;Оплата от покупателя по счету DEMO-202505-001;Оплата товаров по счету DEMO-202505-001. НДС не облагается.;40702810999910000004;9901000003;990101003;ООО ГАММА-МАРКЕТ;044500903;30101810999990000903;40802810999900000001;Договор DEMO-0003;990000000001;0;ИП ДЕМОНОВ АЛЕКСЕЙ ТЕСТОВИЧ;044500999;30101810999990000999;40702810999910000004;9901000003;ООО ГАММА-МАРКЕТ;044500903;;АО ДЕМО БАНК;;;;
40802810999900000001;Кредит;Входящие платежи;Транзакция;06.05.2025;06.05.2025;100309;01;643;71356,21;643;Оплата от покупателя по счету DEMO-202505-002;Оплата товаров по счету DEMO-202505-002. НДС не облагается.;40702810999910000004;9901000004;990101004;ООО ДЕЛЬТА-ШОП;044500904;30101810999990000904;40802810999900000001;Договор DEMO-0004;990000000001;0;ИП ДЕМОНОВ АЛЕКСЕЙ ТЕСТОВИЧ;044500999;30101810999990000999;40702810999910000004;9901000004;ООО ДЕЛЬТА-ШОП;044500904;;АО ДЕМО БАНК;;;;
40802810999900000001;Дебет;Исходящие платежи;Транзакция;07.05.2025;07.05.2025;100335;01;643;11234;643;Подписка на программное обеспечение;Лицензии и облачные сервисы за 05.2025.;40802810999900000001;990000000001;0;ИП ДЕМОНОВ АЛЕКСЕЙ ТЕСТОВИЧ;044500999;30101810999990000999;40702810999930000005;SOFT-DEMO-001;9903000005;990301005;ООО СОФТ ДЕМО;044500925;30101810999990000925;40702810999930000005;9903000005;ООО СОФТ ДЕМО;044500925;;АО ДЕМО БАНК;;;;
40802810999900000001;Кредит;Входящие платежи;Транзакция;08.05.2025;08.05.2025;100318;17;643;56548,02;643;Зачисление выручки ИНТЕРНЕТ-ЭКВАЙРИНГ по реестру 202505004;Перевод средств по реестру операций 202505004. Канал: ИНТЕРНЕТ-ЭКВАЙРИНГ. НДС не облагается.;30232810999900000001;9900000030;990001003;АО ДЕМО ЭКВАЙРИНГ;044500996;30101810999990000996;40802810999900000001;DEMO-ACQ-001;990000000001;0;ИП ДЕМОНОВ АЛЕКСЕЙ ТЕСТОВИЧ;044500999;30101810999990000999;30232810999900000001;9900000030;АО ДЕМО ЭКВАЙРИНГ;044500996;;АО ДЕМО ЭКВАЙРИНГ;;;;
40802810999900000001;Дебет;Исходящие платежи;Транзакция;08.05.2025;08.05.2025;100329;01;643;27425;643;Маркетинг и реклама за 05.2025;"Рекламная кампания MEDIA-202505; продвижение и аналитика.";40802810999900000001;990000000001;0;ИП ДЕМОНОВ АЛЕКСЕЙ ТЕСТОВИЧ;044500999;30101810999990000999;40702810999930000002;DEMO-MEDIA-001;9903000002;990301002;ООО МЕДИА ТЕСТ;044500922;30101810999990000922;40702810999930000002;9903000002;ООО МЕДИА ТЕСТ;044500922;;АО ДЕМО БАНК;;;;
40802810999900000001;Дебет;Оплата картой;Транзакция;09.05.2025;09.05.2025;;17;643;7922,96;643;Канцелярские и хозяйственные товары;Оплата по корпоративной карте: офисные и хозяйственные расходы.;40802810999900000001;990000000001;0;ИП ДЕМОНОВ АЛЕКСЕЙ ТЕСТОВИЧ;044500999;30101810999990000999;40702810999930000006;;9903000006;990301006;ООО ОФИС ДЕМО;044500926;30101810999990000926;40702810999930000006;9903000006;ООО ОФИС ДЕМО;044500926;5943;АО ДЕМО БАНК;;;;
40802810999900000001;Дебет;Оплата картой;Транзакция;11.05.2025;11.05.2025;;17;643;1347,49;643;Оплата корпоративной подписки DEMO CLOUD;Оплата по корпоративной карте: облачное программное обеспечение.;40802810999900000001;990000000001;0;ИП ДЕМОНОВ АЛЕКСЕЙ ТЕСТОВИЧ;044500999;30101810999990000999;40702810999930000005;;9903000005;990301005;ООО СОФТ ДЕМО;044500925;30101810999990000925;40702810999930000005;9903000005;ООО СОФТ ДЕМО;044500925;5734;АО ДЕМО БАНК;;;;
40802810999900000001;Дебет;Исходящие платежи;Транзакция;11.05.2025;11.05.2025;100324;01;643;125095,58;643;Оплата поставщику за партию сырья 2025-05-1;Оплата материалов и производства по счету SUP-202505-1. В том числе НДС 20%.;40802810999900000001;990000000001;0;ИП ДЕМОНОВ АЛЕКСЕЙ ТЕСТОВИЧ;044500999;30101810999990000999;40702810999920000002;DEMO-SUPPLY-001;9902000001;990201001;ООО ДЕМО СЫРЬЁ;044500911;30101810999990000912;40702810999920000002;9902000001;ООО ДЕМО СЫРЬЁ;044500911;;АО ДЕМО БАНК;;;;
40802810999900000001;Дебет;Исходящие платежи;Транзакция;11.05.2025;11.05.2025;100327;01;643;20415;643;Разработка продукта и тестовые образцы за 05.2025;Изготовление прототипов и тестовой партии по этапу DEV-202505.;40802810999900000001;990000000001;0;ИП ДЕМОНОВ АЛЕКСЕЙ ТЕСТОВИЧ;044500999;30101810999990000999;40702810999920000003;DEMO-RND-001;9902000003;990201003;ООО МАКЕТ-ЛАБ;044500913;30101810999990000913;40702810999920000003;9902000003;ООО МАКЕТ-ЛАБ;044500913;;АО ДЕМО БАНК;;;;
40802810999900000001;Кредит;Входящие платежи;Транзакция;12.05.2025;11.05.2025;100311;01;643;55129,68;643;Оплата от покупателя по счету DEMO-202505-004;Оплата товаров по счету DEMO-202505-004. НДС не облагается.;40702810999910000002;9901000003;990101002;ООО БЕТА-ТЕСТ;044500902;30101810999990000902;40802810999900000001;Договор DEMO-0002;990000000001;0;ИП ДЕМОНОВ АЛЕКСЕЙ ТЕСТОВИЧ;044500999;30101810999990000999;40702810999910000002;9901000003;ООО БЕТА-ТЕСТ;044500902;;АО ДЕМО БАНК;;;;
40802810999900000001;Кредит;Входящие платежи;Транзакция;12.05.2025;12.05.2025;100315;17;643;25423,81;643;Зачисление выручки ИНТЕРНЕТ-ЭКВАЙРИНГ по реестру 202505001;Перевод средств по реестру операций 202505001. Канал: ИНТЕРНЕТ-ЭКВАЙРИНГ. НДС не облагается.;30232810999900000001;9900000030;990001003;АО ДЕМО ЭКВАЙРИНГ;044500996;30101810999990000996;40802810999900000001;DEMO-ACQ-001;990000000001;0;ИП ДЕМОНОВ АЛЕКСЕЙ ТЕСТОВИЧ;044500999;30101810999990000999;30232810999900000001;9900000030;АО ДЕМО ЭКВАЙРИНГ;044500996;;АО ДЕМО ЭКВАЙРИНГ;;;;
40802810999900000001;Кредит;Входящие платежи;Транзакция;12.05.2025;12.05.2025;100317;17;643;25909,35;643;Зачисление выручки СБП по реестру 202505003;Перевод средств по реестру операций 202505003. Канал: СБП. НДС не облагается.;30232810999900000001;9900000030;990001003;АО ДЕМО ЭКВАЙРИНГ;044500996;30101810999990000996;40802810999900000001;DEMO-ACQ-001;990000000001;0;ИП ДЕМОНОВ АЛЕКСЕЙ ТЕСТОВИЧ;044500999;30101810999990000999;30232810999900000001;9900000030;АО ДЕМО ЭКВАЙРИНГ;044500996;;АО ДЕМО ЭКВАЙРИНГ;;;;
40802810999900000001;Дебет;Кредитование;Транзакция;12.05.2025;12.05.2025;100342;35;643;65000;643;Погашение основной суммы кредита;Погашение основного долга по договору LOAN-DEMO-001 за 05.2025.;40802810999900000001;990000000001;0;ИП ДЕМОНОВ АЛЕКСЕЙ ТЕСТОВИЧ;044500999;30101810999990000999;45207810999900000001;LOAN-DEMO-001;9900000020;990001002;АО ДЕМО КРЕДИТ;044500997;30101810999990000997;45207810999900000001;9900000020;АО ДЕМО КРЕДИТ;044500997;;АО ДЕМО КРЕДИТ;;;;
40802810999900000001;Дебет;Кредитование;Транзакция;12.05.2025;12.05.2025;100343;35;643;12630;643;Проценты по кредиту;Уплата процентов по договору LOAN-DEMO-001 за 05.2025.;40802810999900000001;990000000001;0;ИП ДЕМОНОВ АЛЕКСЕЙ ТЕСТОВИЧ;044500999;30101810999990000999;45207810999900000001;LOAN-DEMO-001;9900000020;990001002;АО ДЕМО КРЕДИТ;044500997;30101810999990000997;45207810999900000001;9900000020;АО ДЕМО КРЕДИТ;044500997;;АО ДЕМО КРЕДИТ;;;;
40802810999900000001;Дебет;Исходящие платежи;Транзакция;14.05.2025;14.05.2025;100328;01;643;16069;643;Логистика и доставка заказов за 05.2025;Транспортные услуги по реестру LOG-202505.;40802810999900000001;990000000001;0;ИП ДЕМОНОВ АЛЕКСЕЙ ТЕСТОВИЧ;044500999;30101810999990000999;40702810999930000001;DEMO-LOG-001;9903000001;990301001;ООО ДЕМО ЛОГИСТИКА;044500921;30101810999990000921;40702810999930000001;9903000001;ООО ДЕМО ЛОГИСТИКА;044500921;;АО ДЕМО БАНК;;;;
40802810999900000001;Кредит;Входящие платежи;Транзакция;15.05.2025;15.05.2025;100316;17;643;52829,28;643;Зачисление выручки ИНТЕРНЕТ-ЭКВАЙРИНГ по реестру 202505002;Перевод средств по реестру операций 202505002. Канал: ИНТЕРНЕТ-ЭКВАЙРИНГ. НДС не облагается.;30232810999900000001;9900000030;990001003;АО ДЕМО ЭКВАЙРИНГ;044500996;30101810999990000996;40802810999900000001;DEMO-ACQ-001;990000000001;0;ИП ДЕМОНОВ АЛЕКСЕЙ ТЕСТОВИЧ;044500999;30101810999990000999;30232810999900000001;9900000030;АО ДЕМО ЭКВАЙРИНГ;044500996;;АО ДЕМО ЭКВАЙРИНГ;;;;
40802810999900000001;Кредит;Входящие платежи;Транзакция;16.05.2025;16.05.2025;100312;01;643;69903,64;643;Оплата от покупателя по счету DEMO-202505-005;Оплата товаров по счету DEMO-202505-005. НДС не облагается.;40702810999910000004;9901000003;990101003;ООО ГАММА-МАРКЕТ;044500903;30101810999990000903;40802810999900000001;Договор DEMO-0003;990000000001;0;ИП ДЕМОНОВ АЛЕКСЕЙ ТЕСТОВИЧ;044500999;30101810999990000999;40702810999910000004;9901000003;ООО ГАММА-МАРКЕТ;044500903;;АО ДЕМО БАНК;;;;
40802810999900000001;Кредит;Входящие платежи;Транзакция;16.05.2025;16.05.2025;100321;17;643;51170,77;643;Зачисление выручки ИНТЕРНЕТ-ЭКВАЙРИНГ по реестру 202505007;Перевод средств по реестру операций 202505007. Канал: ИНТЕРНЕТ-ЭКВАЙРИНГ. НДС не облагается.;30232810999900000001;9900000030;990001003;АО ДЕМО ЭКВАЙРИНГ;044500996;30101810999990000996;40802810999900000001;DEMO-ACQ-001;990000000001;0;ИП ДЕМОНОВ АЛЕКСЕЙ ТЕСТОВИЧ;044500999;30101810999990000999;30232810999900000001;9900000030;АО ДЕМО ЭКВАЙРИНГ;044500996;;АО ДЕМО ЭКВАЙРИНГ;;;;
40802810999900000001;Дебет;Исходящие платежи;Транзакция;16.05.2025;16.05.2025;100334;01;643;13733;643;Коммунальные расходы за 05.2025;Электроэнергия, связь и коммунальные услуги за 05.2025.;40802810999900000001;990000000001;0;ИП ДЕМОНОВ АЛЕКСЕЙ ТЕСТОВИЧ;044500999;30101810999990000999;40702810999930000005;UTIL-DEMO-001;9903000004;990301004;ООО ОБЛАКО ДЕМО;044500924;30101810999990000925;40702810999930000005;9903000004;ООО ОБЛАКО ДЕМО;044500924;;АО ДЕМО БАНК;;;;
40802810999900000001;Дебет;Исходящие платежи;Транзакция;17.05.2025;17.05.2025;100325;01;643;87833,07;643;Оплата поставщику за партию сырья 2025-05-2;Оплата материалов и производства по счету SUP-202505-2. В том числе НДС 20%.;40802810999900000001;990000000001;0;ИП ДЕМОНОВ АЛЕКСЕЙ ТЕСТОВИЧ;044500999;30101810999990000999;40702810999920000002;DEMO-SUPPLY-001;9902000002;990201002;ООО ТЕСТ ПРОИЗВОДСТВО;044500912;30101810999990000912;40702810999920000002;9902000002;ООО ТЕСТ ПРОИЗВОДСТВО;044500912;;АО ДЕМО БАНК;;;;
40802810999900000001;Кредит;Входящие платежи;Транзакция;19.05.2025;17.05.2025;100310;01;643;77887,89;643;Оплата от покупателя по счету DEMO-202505-003;Оплата товаров по счету DEMO-202505-003. НДС не облагается.;40702810999910000001;9901000001;990101001;ООО АЛЬФА-ДЕМО;044500901;30101810999990000901;40802810999900000001;Договор DEMO-0001;990000000001;0;ИП ДЕМОНОВ АЛЕКСЕЙ ТЕСТОВИЧ;044500999;30101810999990000999;40702810999910000001;9901000001;ООО АЛЬФА-ДЕМО;044500901;;АО ДЕМО БАНК;;;;
40802810999900000001;Кредит;Входящие платежи;Транзакция;19.05.2025;19.05.2025;100313;01;643;79503,64;643;Оплата от покупателя по счету DEMO-202505-006;Оплата товаров по счету DEMO-202505-006. НДС не облагается.;40702810999910000004;9901000004;990101004;ООО ДЕЛЬТА-ШОП;044500904;30101810999990000904;40802810999900000001;Договор DEMO-0004;990000000001;0;ИП ДЕМОНОВ АЛЕКСЕЙ ТЕСТОВИЧ;044500999;30101810999990000999;40702810999910000004;9901000004;ООО ДЕЛЬТА-ШОП;044500904;;АО ДЕМО БАНК;;;;
40802810999900000001;Кредит;Входящие платежи;Транзакция;19.05.2025;19.05.2025;100314;01;643;74688,6;643;Оплата от покупателя по счету DEMO-202505-007;Оплата товаров по счету DEMO-202505-007. НДС не облагается.;40702810999910000001;9901000001;990101001;ООО АЛЬФА-ДЕМО;044500901;30101810999990000901;40802810999900000001;Договор DEMO-0001;990000000001;0;ИП ДЕМОНОВ АЛЕКСЕЙ ТЕСТОВИЧ;044500999;30101810999990000999;40702810999910000001;9901000001;ООО АЛЬФА-ДЕМО;044500901;;АО ДЕМО БАНК;;;;
40802810999900000001;Кредит;Входящие платежи;Транзакция;19.05.2025;19.05.2025;100319;17;643;26698,99;643;Зачисление выручки ИНТЕРНЕТ-ЭКВАЙРИНГ по реестру 202505005;Перевод средств по реестру операций 202505005. Канал: ИНТЕРНЕТ-ЭКВАЙРИНГ. НДС не облагается.;30232810999900000001;9900000030;990001003;АО ДЕМО ЭКВАЙРИНГ;044500996;30101810999990000996;40802810999900000001;DEMO-ACQ-001;990000000001;0;ИП ДЕМОНОВ АЛЕКСЕЙ ТЕСТОВИЧ;044500999;30101810999990000999;30232810999900000001;9900000030;АО ДЕМО ЭКВАЙРИНГ;044500996;;АО ДЕМО ЭКВАЙРИНГ;;;;
40802810999900000001;Дебет;Исходящие платежи;Транзакция;19.05.2025;19.05.2025;100330;01;643;59620;643;Вознаграждение подрядчику за 05.2025;Оплата услуг подрядчика по акту HR-202505-1. НДС не облагается.;40802810999900000001;990000000001;0;ИП ДЕМОНОВ АЛЕКСЕЙ ТЕСТОВИЧ;044500999;30101810999990000999;40817810999940000001;DEMO-HR-001;990400000001;0;САМОЗАНЯТЫЙ ДЕМО СПЕЦИАЛИСТ 01;044500931;30101810999990000931;40817810999940000001;990400000001;САМОЗАНЯТЫЙ ДЕМО СПЕЦИАЛИСТ 01;044500931;;АО ДЕМО БАНК;;;;
40802810999900000001;Дебет;Исходящие платежи;Транзакция;20.05.2025;20.05.2025;100331;01;643;53493;643;Вознаграждение подрядчику за 05.2025;Оплата услуг подрядчика по акту HR-202505-2. НДС не облагается.;40802810999900000001;990000000001;0;ИП ДЕМОНОВ АЛЕКСЕЙ ТЕСТОВИЧ;044500999;30101810999990000999;40817810999940000002;DEMO-HR-002;990400000002;0;САМОЗАНЯТЫЙ ДЕМО СПЕЦИАЛИСТ 02;044500932;30101810999990000932;40817810999940000002;990400000002;САМОЗАНЯТЫЙ ДЕМО СПЕЦИАЛИСТ 02;044500932;;АО ДЕМО БАНК;;;;
40802810999900000001;Дебет;Услуги банка;Транзакция;20.05.2025;20.05.2025;100337;17;643;490;643;Плата за обслуживание счета;Плата за обслуживание расчетного счета за 05.2025. Договор DEMO-BANK-001.;40802810999900000001;990000000001;0;ИП ДЕМОНОВ АЛЕКСЕЙ ТЕСТОВИЧ;044500999;30101810999990000999;47423810999900000001;DEMO-BANK-001;9900000002;990001001;АО ДЕМО БАНК;044500999;30101810999990000999;47423810999900000001;9900000002;АО ДЕМО БАНК;044500999;;АО ДЕМО БАНК;;;;
40802810999900000001;Дебет;Услуги банка;Транзакция;20.05.2025;20.05.2025;100338;17;643;199;643;Плата за услугу оповещения об операциях;Плата за уведомления и SMS-банк за 05.2025.;40802810999900000001;990000000001;0;ИП ДЕМОНОВ АЛЕКСЕЙ ТЕСТОВИЧ;044500999;30101810999990000999;47423810999900000001;DEMO-BANK-001;9900000002;990001001;АО ДЕМО БАНК;044500999;30101810999990000999;47423810999900000001;9900000002;АО ДЕМО БАНК;044500999;;АО ДЕМО БАНК;;;;
40802810999900000001;Дебет;Исходящие платежи;Транзакция;21.05.2025;21.05.2025;100332;01;643;63205;643;Вознаграждение подрядчику за 05.2025;Оплата услуг подрядчика по акту HR-202505-3. НДС не облагается.;40802810999900000001;990000000001;0;ИП ДЕМОНОВ АЛЕКСЕЙ ТЕСТОВИЧ;044500999;30101810999990000999;40802810999940000003;DEMO-HR-003;990400000003;0;ИП ТЕСТОВА МАРИЯ ДЕМО;044500933;30101810999990000933;40802810999940000003;990400000003;ИП ТЕСТОВА МАРИЯ ДЕМО;044500933;;АО ДЕМО БАНК;;;;
40802810999900000001;Кредит;Входящие платежи;Транзакция;22.05.2025;22.05.2025;100320;17;643;31199,71;643;Зачисление выручки СБП по реестру 202505006;Перевод средств по реестру операций 202505006. Канал: СБП. НДС не облагается.;30232810999900000001;9900000030;990001003;АО ДЕМО ЭКВАЙРИНГ;044500996;30101810999990000996;40802810999900000001;DEMO-ACQ-001;990000000001;0;ИП ДЕМОНОВ АЛЕКСЕЙ ТЕСТОВИЧ;044500999;30101810999990000999;30232810999900000001;9900000030;АО ДЕМО ЭКВАЙРИНГ;044500996;;АО ДЕМО ЭКВАЙРИНГ;;;;
40802810999900000001;Дебет;Исходящие платежи;Транзакция;23.05.2025;23.05.2025;100326;01;643;53232,16;643;Оплата поставщику за партию сырья 2025-05-3;Оплата материалов и производства по счету SUP-202505-3. В том числе НДС 20%.;40802810999900000001;990000000001;0;ИП ДЕМОНОВ АЛЕКСЕЙ ТЕСТОВИЧ;044500999;30101810999990000999;40702810999920000002;DEMO-SUPPLY-001;9902000001;990201001;ООО ДЕМО СЫРЬЁ;044500911;30101810999990000912;40702810999920000002;9902000001;ООО ДЕМО СЫРЬЁ;044500911;;АО ДЕМО БАНК;;;;
40802810999900000001;Дебет;Исходящие платежи;Транзакция;23.05.2025;23.05.2025;100336;01;643;9685;643;Прочие операционные услуги;Разовые операционные услуги MISC-202505.;40802810999900000001;990000000001;0;ИП ДЕМОНОВ АЛЕКСЕЙ ТЕСТОВИЧ;044500999;30101810999990000999;40702810999950000001;MISC-DEMO-001;9905000001;990501001;ООО ПРОЧИЕ УСЛУГИ ДЕМО;044500941;30101810999990000941;40702810999950000001;9905000001;ООО ПРОЧИЕ УСЛУГИ ДЕМО;044500941;;АО ДЕМО БАНК;;;;
40802810999900000001;Дебет;Платежи в налоговую;Транзакция;25.05.2025;25.05.2025;100340;01;643;50883,96;643;ЕНП. Налог по УСН;Единый налоговый платеж. УСН 6%. Период 05.2025.;40802810999900000001;990000000001;0;ИП ДЕМОНОВ АЛЕКСЕЙ ТЕСТОВИЧ;044500999;30101810999990000999;03100643999900000001;;9900000010;990001001;КАЗНАЧЕЙСТВО ДЕМО (ФНС ДЕМО);017000999;40102810999990000999;03100643999900000001;9900000010;КАЗНАЧЕЙСТВО ДЕМО (ФНС ДЕМО);017000999;;КАЗНАЧЕЙСТВО ДЕМО;18210501011011000110;ТП;МС.05.2025;0
40802810999900000001;Кредит;Входящие платежи;Транзакция;26.05.2025;25.05.2025;100322;17;643;58379,76;643;Зачисление выручки ИНТЕРНЕТ-ЭКВАЙРИНГ по реестру 202505008;Перевод средств по реестру операций 202505008. Канал: ИНТЕРНЕТ-ЭКВАЙРИНГ. НДС не облагается.;30232810999900000001;9900000030;990001003;АО ДЕМО ЭКВАЙРИНГ;044500996;30101810999990000996;40802810999900000001;DEMO-ACQ-001;990000000001;0;ИП ДЕМОНОВ АЛЕКСЕЙ ТЕСТОВИЧ;044500999;30101810999990000999;30232810999900000001;9900000030;АО ДЕМО ЭКВАЙРИНГ;044500996;;АО ДЕМО ЭКВАЙРИНГ;;;;
40802810999900000001;Кредит;Входящие платежи;Транзакция;27.05.2025;27.05.2025;100323;17;643;42980,65;643;Зачисление выручки СБП по реестру 202505009;Перевод средств по реестру операций 202505009. Канал: СБП. НДС не облагается.;30232810999900000001;9900000030;990001003;АО ДЕМО ЭКВАЙРИНГ;044500996;30101810999990000996;40802810999900000001;DEMO-ACQ-001;990000000001;0;ИП ДЕМОНОВ АЛЕКСЕЙ ТЕСТОВИЧ;044500999;30101810999990000999;30232810999900000001;9900000030;АО ДЕМО ЭКВАЙРИНГ;044500996;;АО ДЕМО ЭКВАЙРИНГ;;;;
40802810999900000001;Дебет;Услуги банка;Транзакция;27.05.2025;27.05.2025;100339;17;643;6572,15;643;Комиссия за интернет-эквайринг и СБП;Комиссия за обработку платежей по реестрам 05.2025.;40802810999900000001;990000000001;0;ИП ДЕМОНОВ АЛЕКСЕЙ ТЕСТОВИЧ;044500999;30101810999990000999;30232810999900000001;DEMO-ACQ-001;9900000030;990001003;АО ДЕМО ЭКВАЙРИНГ;044500996;30101810999990000996;30232810999900000001;9900000030;АО ДЕМО ЭКВАЙРИНГ;044500996;;АО ДЕМО ЭКВАЙРИНГ;;;;
40802810999900000001;Кредит;Входящие платежи;Транзакция;28.05.2025;28.05.2025;100341;17;643;1268,54;643;Проценты на остаток и бизнес-кэшбэк;Начисление процентов и кэшбэка за 05.2025.;47423810999900000001;9900000002;990001001;АО ДЕМО БАНК;044500999;30101810999990000999;40802810999900000001;DEMO-BANK-001;990000000001;0;ИП ДЕМОНОВ АЛЕКСЕЙ ТЕСТОВИЧ;044500999;30101810999990000999;47423810999900000001;9900000002;АО ДЕМО БАНК;044500999;;АО ДЕМО БАНК;;;;
40802810999900000001;Кредит;Входящие платежи;Транзакция;02.06.2025;02.06.2025;100350;17;643;78519,36;643;Зачисление выручки СБП по реестру 202506003;Перевод средств по реестру операций 202506003. Канал: СБП. НДС не облагается.;30232810999900000001;9900000030;990001003;АО ДЕМО ЭКВАЙРИНГ;044500996;30101810999990000996;40802810999900000001;DEMO-ACQ-001;990000000001;0;ИП ДЕМОНОВ АЛЕКСЕЙ ТЕСТОВИЧ;044500999;30101810999990000999;30232810999900000001;9900000030;АО ДЕМО ЭКВАЙРИНГ;044500996;;АО ДЕМО ЭКВАЙРИНГ;;;;
40802810999900000001;Дебет;Исходящие платежи;Транзакция;02.06.2025;02.06.2025;100364;01;643;85000;643;Аренда помещения за 06.2025;Арендная плата по договору RENT-DEMO-001 за 06.2025.;40802810999900000001;990000000001;0;ИП ДЕМОНОВ АЛЕКСЕЙ ТЕСТОВИЧ;044500999;30101810999990000999;40702810999930000003;RENT-DEMO-001;9903000003;990301003;ООО БИЗНЕС-ЦЕНТР ДЕМО;044500923;30101810999990000923;40702810999930000003;9903000003;ООО БИЗНЕС-ЦЕНТР ДЕМО;044500923;;АО ДЕМО БАНК;;;;
40802810999900000001;Кредит;Входящие платежи;Транзакция;05.06.2025;05.06.2025;100346;01;643;141229,71;643;Оплата от покупателя по счету DEMO-202506-003;Оплата товаров по счету DEMO-202506-003. НДС не облагается.;40702810999910000002;9901000003;990101002;ООО БЕТА-ТЕСТ;044500902;30101810999990000902;40802810999900000001;Договор DEMO-0002;990000000001;0;ИП ДЕМОНОВ АЛЕКСЕЙ ТЕСТОВИЧ;044500999;30101810999990000999;40702810999910000002;9901000003;ООО БЕТА-ТЕСТ;044500902;;АО ДЕМО БАНК;;;;
40802810999900000001;Кредит;Входящие платежи;Транзакция;06.06.2025;06.06.2025;100348;17;643;79968,76;643;Зачисление выручки ИНТЕРНЕТ-ЭКВАЙРИНГ по реестру 202506001;Перевод средств по реестру операций 202506001. Канал: ИНТЕРНЕТ-ЭКВАЙРИНГ. НДС не облагается.;30232810999900000001;9900000030;990001003;АО ДЕМО ЭКВАЙРИНГ;044500996;30101810999990000996;40802810999900000001;DEMO-ACQ-001;990000000001;0;ИП ДЕМОНОВ АЛЕКСЕЙ ТЕСТОВИЧ;044500999;30101810999990000999;30232810999900000001;9900000030;АО ДЕМО ЭКВАЙРИНГ;044500996;;АО ДЕМО ЭКВАЙРИНГ;;;;
40802810999900000001;Дебет;Исходящие платежи;Транзакция;07.06.2025;07.06.2025;100366;01;643;10864;643;Подписка на программное обеспечение;Лицензии и облачные сервисы за 06.2025.;40802810999900000001;990000000001;0;ИП ДЕМОНОВ АЛЕКСЕЙ ТЕСТОВИЧ;044500999;30101810999990000999;40702810999930000005;SOFT-DEMO-001;9903000005;990301005;ООО СОФТ ДЕМО;044500925;30101810999990000925;40702810999930000005;9903000005;ООО СОФТ ДЕМО;044500925;;АО ДЕМО БАНК;;;;
40802810999900000001;Дебет;Исходящие платежи;Транзакция;08.06.2025;08.06.2025;100360;01;643;38942;643;Маркетинг и реклама за 06.2025;"Рекламная кампания MEDIA-202506; продвижение и аналитика.";40802810999900000001;990000000001;0;ИП ДЕМОНОВ АЛЕКСЕЙ ТЕСТОВИЧ;044500999;30101810999990000999;40702810999930000002;DEMO-MEDIA-001;9903000002;990301002;ООО МЕДИА ТЕСТ;044500922;30101810999990000922;40702810999930000002;9903000002;ООО МЕДИА ТЕСТ;044500922;;АО ДЕМО БАНК;;;;
40802810999900000001;Кредит;Входящие платежи;Транзакция;09.06.2025;07.06.2025;100349;17;643;61949,56;643;Зачисление выручки ИНТЕРНЕТ-ЭКВАЙРИНГ по реестру 202506002;Перевод средств по реестру операций 202506002. Канал: ИНТЕРНЕТ-ЭКВАЙРИНГ. НДС не облагается.;30232810999900000001;9900000030;990001003;АО ДЕМО ЭКВАЙРИНГ;044500996;30101810999990000996;40802810999900000001;DEMO-ACQ-001;990000000001;0;ИП ДЕМОНОВ АЛЕКСЕЙ ТЕСТОВИЧ;044500999;30101810999990000999;30232810999900000001;9900000030;АО ДЕМО ЭКВАЙРИНГ;044500996;;АО ДЕМО ЭКВАЙРИНГ;;;;
40802810999900000001;Кредит;Входящие платежи;Транзакция;09.06.2025;09.06.2025;100347;01;643;102370,63;643;Оплата от покупателя по счету DEMO-202506-004;Оплата товаров по счету DEMO-202506-004. НДС не облагается.;40702810999910000004;9901000003;990101003;ООО ГАММА-МАРКЕТ;044500903;30101810999990000903;40802810999900000001;Договор DEMO-0003;990000000001;0;ИП ДЕМОНОВ АЛЕКСЕЙ ТЕСТОВИЧ;044500999;30101810999990000999;40702810999910000004;9901000003;ООО ГАММА-МАРКЕТ;044500903;;АО ДЕМО БАНК;;;;
40802810999900000001;Дебет;Оплата картой;Транзакция;10.06.2025;10.06.2025;;17;643;1463,52;643;Оплата корпоративной подписки DEMO CLOUD;Оплата по корпоративной карте: облачное программное обеспечение.;40802810999900000001;990000000001;0;ИП ДЕМОНОВ АЛЕКСЕЙ ТЕСТОВИЧ;044500999;30101810999990000999;40702810999930000005;;9903000005;990301005;ООО СОФТ ДЕМО;044500925;30101810999990000925;40702810999930000005;9903000005;ООО СОФТ ДЕМО;044500925;5734;АО ДЕМО БАНК;;;;
40802810999900000001;Дебет;Исходящие платежи;Транзакция;11.06.2025;11.06.2025;100355;01;643;142386,29;643;Оплата поставщику за партию сырья 2025-06-1;Оплата материалов и производства по счету SUP-202506-1. В том числе НДС 20%.;40802810999900000001;990000000001;0;ИП ДЕМОНОВ АЛЕКСЕЙ ТЕСТОВИЧ;044500999;30101810999990000999;40702810999920000002;DEMO-SUPPLY-001;9902000001;990201001;ООО ДЕМО СЫРЬЁ;044500911;30101810999990000912;40702810999920000002;9902000001;ООО ДЕМО СЫРЬЁ;044500911;;АО ДЕМО БАНК;;;;
40802810999900000001;Дебет;Исходящие платежи;Транзакция;11.06.2025;11.06.2025;100358;01;643;67183;643;Разработка продукта и тестовые образцы за 06.2025;Изготовление прототипов и тестовой партии по этапу DEV-202506.;40802810999900000001;990000000001;0;ИП ДЕМОНОВ АЛЕКСЕЙ ТЕСТОВИЧ;044500999;30101810999990000999;40702810999920000003;DEMO-RND-001;9902000003;990201003;ООО МАКЕТ-ЛАБ;044500913;30101810999990000913;40702810999920000003;9902000003;ООО МАКЕТ-ЛАБ;044500913;;АО ДЕМО БАНК;;;;
40802810999900000001;Дебет;Кредитование;Транзакция;12.06.2025;12.06.2025;100376;35;643;65000;643;Погашение основной суммы кредита;Погашение основного долга по договору LOAN-DEMO-001 за 06.2025.;40802810999900000001;990000000001;0;ИП ДЕМОНОВ АЛЕКСЕЙ ТЕСТОВИЧ;044500999;30101810999990000999;45207810999900000001;LOAN-DEMO-001;9900000020;990001002;АО ДЕМО КРЕДИТ;044500997;30101810999990000997;45207810999900000001;9900000020;АО ДЕМО КРЕДИТ;044500997;;АО ДЕМО КРЕДИТ;;;;
40802810999900000001;Дебет;Кредитование;Транзакция;12.06.2025;12.06.2025;100377;35;643;12200;643;Проценты по кредиту;Уплата процентов по договору LOAN-DEMO-001 за 06.2025.;40802810999900000001;990000000001;0;ИП ДЕМОНОВ АЛЕКСЕЙ ТЕСТОВИЧ;044500999;30101810999990000999;45207810999900000001;LOAN-DEMO-001;9900000020;990001002;АО ДЕМО КРЕДИТ;044500997;30101810999990000997;45207810999900000001;9900000020;АО ДЕМО КРЕДИТ;044500997;;АО ДЕМО КРЕДИТ;;;;
40802810999900000001;Дебет;Исходящие платежи;Транзакция;14.06.2025;14.06.2025;100359;01;643;20323;643;Логистика и доставка заказов за 06.2025;Транспортные услуги по реестру LOG-202506.;40802810999900000001;990000000001;0;ИП ДЕМОНОВ АЛЕКСЕЙ ТЕСТОВИЧ;044500999;30101810999990000999;40702810999930000001;DEMO-LOG-001;9903000001;990301001;ООО ДЕМО ЛОГИСТИКА;044500921;30101810999990000921;40702810999930000001;9903000001;ООО ДЕМО ЛОГИСТИКА;044500921;;АО ДЕМО БАНК;;;;
40802810999900000001;Кредит;Входящие платежи;Транзакция;16.06.2025;16.06.2025;100353;17;643;66299,82;643;Зачисление выручки СБП по реестру 202506006;Перевод средств по реестру операций 202506006. Канал: СБП. НДС не облагается.;30232810999900000001;9900000030;990001003;АО ДЕМО ЭКВАЙРИНГ;044500996;30101810999990000996;40802810999900000001;DEMO-ACQ-001;990000000001;0;ИП ДЕМОНОВ АЛЕКСЕЙ ТЕСТОВИЧ;044500999;30101810999990000999;30232810999900000001;9900000030;АО ДЕМО ЭКВАЙРИНГ;044500996;;АО ДЕМО ЭКВАЙРИНГ;;;;
40802810999900000001;Дебет;Исходящие платежи;Транзакция;16.06.2025;16.06.2025;100365;01;643;12512;643;Коммунальные расходы за 06.2025;Электроэнергия, связь и коммунальные услуги за 06.2025.;40802810999900000001;990000000001;0;ИП ДЕМОНОВ АЛЕКСЕЙ ТЕСТОВИЧ;044500999;30101810999990000999;40702810999930000005;UTIL-DEMO-001;9903000004;990301004;ООО ОБЛАКО ДЕМО;044500924;30101810999990000925;40702810999930000005;9903000004;ООО ОБЛАКО ДЕМО;044500924;;АО ДЕМО БАНК;;;;
40802810999900000001;Дебет;Исходящие платежи;Транзакция;17.06.2025;17.06.2025;100356;01;643;99973,35;643;Оплата поставщику за партию сырья 2025-06-2;Оплата материалов и производства по счету SUP-202506-2. В том числе НДС 20%.;40802810999900000001;990000000001;0;ИП ДЕМОНОВ АЛЕКСЕЙ ТЕСТОВИЧ;044500999;30101810999990000999;40702810999920000002;DEMO-SUPPLY-001;9902000002;990201002;ООО ТЕСТ ПРОИЗВОДСТВО;044500912;30101810999990000912;40702810999920000002;9902000002;ООО ТЕСТ ПРОИЗВОДСТВО;044500912;;АО ДЕМО БАНК;;;;
40802810999900000001;Дебет;Переводы между счетами;Транзакция;17.06.2025;17.06.2025;100375;01;643;62716;643;Внутренний перевод между собственными счетами;Перевод между собственными счетами. Не является доходом или расходом.;40802810999900000001;990000000001;0;ИП ДЕМОНОВ АЛЕКСЕЙ ТЕСТОВИЧ;044500999;30101810999990000999;40817810999900000002;INTERNAL-DEMO;990000000001;0;ДЕМОНОВ АЛЕКСЕЙ ТЕСТОВИЧ;044500998;30101810999990000998;40817810999900000002;990000000001;ДЕМОНОВ АЛЕКСЕЙ ТЕСТОВИЧ;044500998;;АО ДЕМО БАНК;;;;
40802810999900000001;Кредит;Входящие платежи;Транзакция;19.06.2025;19.06.2025;100345;01;643;78511,64;643;Оплата от покупателя по счету DEMO-202506-002;Оплата товаров по счету DEMO-202506-002. НДС не облагается.;40702810999910000001;9901000001;990101001;ООО АЛЬФА-ДЕМО;044500901;30101810999990000901;40802810999900000001;Договор DEMO-0001;990000000001;0;ИП ДЕМОНОВ АЛЕКСЕЙ ТЕСТОВИЧ;044500999;30101810999990000999;40702810999910000001;9901000001;ООО АЛЬФА-ДЕМО;044500901;;АО ДЕМО БАНК;;;;
40802810999900000001;Кредит;Входящие платежи;Транзакция;19.06.2025;19.06.2025;100352;17;643;41962,93;643;Зачисление выручки ИНТЕРНЕТ-ЭКВАЙРИНГ по реестру 202506005;Перевод средств по реестру операций 202506005. Канал: ИНТЕРНЕТ-ЭКВАЙРИНГ. НДС не облагается.;30232810999900000001;9900000030;990001003;АО ДЕМО ЭКВАЙРИНГ;044500996;30101810999990000996;40802810999900000001;DEMO-ACQ-001;990000000001;0;ИП ДЕМОНОВ АЛЕКСЕЙ ТЕСТОВИЧ;044500999;30101810999990000999;30232810999900000001;9900000030;АО ДЕМО ЭКВАЙРИНГ;044500996;;АО ДЕМО ЭКВАЙРИНГ;;;;
40802810999900000001;Дебет;Исходящие платежи;Транзакция;19.06.2025;19.06.2025;100361;01;643;55859;643;Вознаграждение подрядчику за 06.2025;Оплата услуг подрядчика по акту HR-202506-1. НДС не облагается.;40802810999900000001;990000000001;0;ИП ДЕМОНОВ АЛЕКСЕЙ ТЕСТОВИЧ;044500999;30101810999990000999;40817810999940000001;DEMO-HR-001;990400000001;0;САМОЗАНЯТЫЙ ДЕМО СПЕЦИАЛИСТ 01;044500931;30101810999990000931;40817810999940000001;990400000001;САМОЗАНЯТЫЙ ДЕМО СПЕЦИАЛИСТ 01;044500931;;АО ДЕМО БАНК;;;;
40802810999900000001;Дебет;Исходящие платежи;Транзакция;20.06.2025;20.06.2025;100362;01;643;44506;643;Вознаграждение подрядчику за 06.2025;Оплата услуг подрядчика по акту HR-202506-2. НДС не облагается.;40802810999900000001;990000000001;0;ИП ДЕМОНОВ АЛЕКСЕЙ ТЕСТОВИЧ;044500999;30101810999990000999;40817810999940000002;DEMO-HR-002;990400000002;0;САМОЗАНЯТЫЙ ДЕМО СПЕЦИАЛИСТ 02;044500932;30101810999990000932;40817810999940000002;990400000002;САМОЗАНЯТЫЙ ДЕМО СПЕЦИАЛИСТ 02;044500932;;АО ДЕМО БАНК;;;;
40802810999900000001;Дебет;Услуги банка;Транзакция;20.06.2025;20.06.2025;100367;17;643;490;643;Плата за обслуживание счета;Плата за обслуживание расчетного счета за 06.2025. Договор DEMO-BANK-001.;40802810999900000001;990000000001;0;ИП ДЕМОНОВ АЛЕКСЕЙ ТЕСТОВИЧ;044500999;30101810999990000999;47423810999900000001;DEMO-BANK-001;9900000002;990001001;АО ДЕМО БАНК;044500999;30101810999990000999;47423810999900000001;9900000002;АО ДЕМО БАНК;044500999;;АО ДЕМО БАНК;;;;
40802810999900000001;Дебет;Услуги банка;Транзакция;20.06.2025;20.06.2025;100368;17;643;199;643;Плата за услугу оповещения об операциях;Плата за уведомления и SMS-банк за 06.2025.;40802810999900000001;990000000001;0;ИП ДЕМОНОВ АЛЕКСЕЙ ТЕСТОВИЧ;044500999;30101810999990000999;47423810999900000001;DEMO-BANK-001;9900000002;990001001;АО ДЕМО БАНК;044500999;30101810999990000999;47423810999900000001;9900000002;АО ДЕМО БАНК;044500999;;АО ДЕМО БАНК;;;;
40802810999900000001;Дебет;Оплата картой;Транзакция;21.06.2025;21.06.2025;;17;643;3309,67;643;Канцелярские и хозяйственные товары;Оплата по корпоративной карте: офисные и хозяйственные расходы.;40802810999900000001;990000000001;0;ИП ДЕМОНОВ АЛЕКСЕЙ ТЕСТОВИЧ;044500999;30101810999990000999;40702810999930000006;;9903000006;990301006;ООО ОФИС ДЕМО;044500926;30101810999990000926;40702810999930000006;9903000006;ООО ОФИС ДЕМО;044500926;5943;АО ДЕМО БАНК;;;;
40802810999900000001;Дебет;Исходящие платежи;Транзакция;21.06.2025;21.06.2025;100363;01;643;58748;643;Вознаграждение подрядчику за 06.2025;Оплата услуг подрядчика по акту HR-202506-3. НДС не облагается.;40802810999900000001;990000000001;0;ИП ДЕМОНОВ АЛЕКСЕЙ ТЕСТОВИЧ;044500999;30101810999990000999;40802810999940000003;DEMO-HR-003;990400000003;0;ИП ТЕСТОВА МАРИЯ ДЕМО;044500933;30101810999990000933;40802810999940000003;990400000003;ИП ТЕСТОВА МАРИЯ ДЕМО;044500933;;АО ДЕМО БАНК;;;;
40802810999900000001;Кредит;Возвраты от контрагентов;Транзакция;22.06.2025;22.06.2025;100373;01;643;15840;643;Возврат переплаты от поставщика;Возврат излишне перечисленных средств по акту сверки 2025-06.;40702810999920000002;9902000001;990201001;ООО ДЕМО СЫРЬЁ;044500911;30101810999990000912;40802810999900000001;DEMO-SUPPLY-001;990000000001;0;ИП ДЕМОНОВ АЛЕКСЕЙ ТЕСТОВИЧ;044500999;30101810999990000999;40702810999920000002;9902000001;ООО ДЕМО СЫРЬЁ;044500911;;АО ДЕМО БАНК;;;;
40802810999900000001;Кредит;Входящие платежи;Транзакция;23.06.2025;22.06.2025;100351;17;643;77614,95;643;Зачисление выручки ИНТЕРНЕТ-ЭКВАЙРИНГ по реестру 202506004;Перевод средств по реестру операций 202506004. Канал: ИНТЕРНЕТ-ЭКВАЙРИНГ. НДС не облагается.;30232810999900000001;9900000030;990001003;АО ДЕМО ЭКВАЙРИНГ;044500996;30101810999990000996;40802810999900000001;DEMO-ACQ-001;990000000001;0;ИП ДЕМОНОВ АЛЕКСЕЙ ТЕСТОВИЧ;044500999;30101810999990000999;30232810999900000001;9900000030;АО ДЕМО ЭКВАЙРИНГ;044500996;;АО ДЕМО ЭКВАЙРИНГ;;;;
40802810999900000001;Дебет;Исходящие платежи;Транзакция;23.06.2025;23.06.2025;100357;01;643;60589,91;643;Оплата поставщику за партию сырья 2025-06-3;Оплата материалов и производства по счету SUP-202506-3. В том числе НДС 20%.;40802810999900000001;990000000001;0;ИП ДЕМОНОВ АЛЕКСЕЙ ТЕСТОВИЧ;044500999;30101810999990000999;40702810999920000002;DEMO-SUPPLY-001;9902000001;990201001;ООО ДЕМО СЫРЬЁ;044500911;30101810999990000912;40702810999920000002;9902000001;ООО ДЕМО СЫРЬЁ;044500911;;АО ДЕМО БАНК;;;;
40802810999900000001;Кредит;Входящие платежи;Транзакция;25.06.2025;25.06.2025;100344;01;643;134482,65;643;Оплата от покупателя по счету DEMO-202506-001;Оплата товаров по счету DEMO-202506-001. НДС не облагается.;40702810999910000004;9901000004;990101004;ООО ДЕЛЬТА-ШОП;044500904;30101810999990000904;40802810999900000001;Договор DEMO-0004;990000000001;0;ИП ДЕМОНОВ АЛЕКСЕЙ ТЕСТОВИЧ;044500999;30101810999990000999;40702810999910000004;9901000004;ООО ДЕЛЬТА-ШОП;044500904;;АО ДЕМО БАНК;;;;
40802810999900000001;Кредит;Входящие платежи;Транзакция;25.06.2025;25.06.2025;100354;17;643;50341,55;643;Зачисление выручки ИНТЕРНЕТ-ЭКВАЙРИНГ по реестру 202506007;Перевод средств по реестру операций 202506007. Канал: ИНТЕРНЕТ-ЭКВАЙРИНГ. НДС не облагается.;30232810999900000001;9900000030;990001003;АО ДЕМО ЭКВАЙРИНГ;044500996;30101810999990000996;40802810999900000001;DEMO-ACQ-001;990000000001;0;ИП ДЕМОНОВ АЛЕКСЕЙ ТЕСТОВИЧ;044500999;30101810999990000999;30232810999900000001;9900000030;АО ДЕМО ЭКВАЙРИНГ;044500996;;АО ДЕМО ЭКВАЙРИНГ;;;;
40802810999900000001;Дебет;Платежи в налоговую;Транзакция;25.06.2025;25.06.2025;100370;01;643;54795,09;643;ЕНП. Налог по УСН;Единый налоговый платеж. УСН 6%. Период 06.2025.;40802810999900000001;990000000001;0;ИП ДЕМОНОВ АЛЕКСЕЙ ТЕСТОВИЧ;044500999;30101810999990000999;03100643999900000001;;9900000010;990001001;КАЗНАЧЕЙСТВО ДЕМО (ФНС ДЕМО);017000999;40102810999990000999;03100643999900000001;9900000010;КАЗНАЧЕЙСТВО ДЕМО (ФНС ДЕМО);017000999;;КАЗНАЧЕЙСТВО ДЕМО;18210501011011000110;ТП;МС.06.2025;0
40802810999900000001;Дебет;Платежи в налоговую;Транзакция;26.06.2025;26.06.2025;100371;01;643;34506;643;Страховые взносы за работников;Страховые взносы за квартал, окончание 06.2025.;40802810999900000001;990000000001;0;ИП ДЕМОНОВ АЛЕКСЕЙ ТЕСТОВИЧ;044500999;30101810999990000999;03100643999900000001;;9900000010;990001001;КАЗНАЧЕЙСТВО ДЕМО (ФНС ДЕМО);017000999;40102810999990000999;03100643999900000001;9900000010;КАЗНАЧЕЙСТВО ДЕМО (ФНС ДЕМО);017000999;;КАЗНАЧЕЙСТВО ДЕМО;18210202010061010160;ТП;КВ.02.2025;0
40802810999900000001;Дебет;Услуги банка;Транзакция;27.06.2025;27.06.2025;100369;17;643;7818,93;643;Комиссия за интернет-эквайринг и СБП;Комиссия за обработку платежей по реестрам 06.2025.;40802810999900000001;990000000001;0;ИП ДЕМОНОВ АЛЕКСЕЙ ТЕСТОВИЧ;044500999;30101810999990000999;30232810999900000001;DEMO-ACQ-001;9900000030;990001003;АО ДЕМО ЭКВАЙРИНГ;044500996;30101810999990000996;30232810999900000001;9900000030;АО ДЕМО ЭКВАЙРИНГ;044500996;;АО ДЕМО ЭКВАЙРИНГ;;;;
40802810999900000001;Кредит;Входящие платежи;Транзакция;28.06.2025;28.06.2025;100372;17;643;2324,85;643;Проценты на остаток и бизнес-кэшбэк;Начисление процентов и кэшбэка за 06.2025.;47423810999900000001;9900000002;990001001;АО ДЕМО БАНК;044500999;30101810999990000999;40802810999900000001;DEMO-BANK-001;990000000001;0;ИП ДЕМОНОВ АЛЕКСЕЙ ТЕСТОВИЧ;044500999;30101810999990000999;47423810999900000001;9900000002;АО ДЕМО БАНК;044500999;;АО ДЕМО БАНК;;;;
40802810999900000001;Дебет;Исходящие платежи;Транзакция;29.06.2025;29.06.2025;100374;01;643;81936;643;Изъятие собственника;Перевод собственных средств предпринимателю. НДС не облагается.;40802810999900000001;990000000001;0;ИП ДЕМОНОВ АЛЕКСЕЙ ТЕСТОВИЧ;044500999;30101810999990000999;40817810999900000002;OWNER-DEMO;990000000001;0;ДЕМОНОВ АЛЕКСЕЙ ТЕСТОВИЧ;044500998;30101810999990000998;40817810999900000002;990000000001;ДЕМОНОВ АЛЕКСЕЙ ТЕСТОВИЧ;044500998;;АО ДЕМО БАНК;;;;
40802810999900000001;Дебет;Исходящие платежи;Транзакция;02.07.2025;02.07.2025;100400;01;643;85000;643;Аренда помещения за 07.2025;Арендная плата по договору RENT-DEMO-001 за 07.2025.;40802810999900000001;990000000001;0;ИП ДЕМОНОВ АЛЕКСЕЙ ТЕСТОВИЧ;044500999;30101810999990000999;40702810999930000003;RENT-DEMO-001;9903000003;990301003;ООО БИЗНЕС-ЦЕНТР ДЕМО;044500923;30101810999990000923;40702810999930000003;9903000003;ООО БИЗНЕС-ЦЕНТР ДЕМО;044500923;;АО ДЕМО БАНК;;;;
40802810999900000001;Кредит;Входящие платежи;Транзакция;03.07.2025;03.07.2025;100378;01;643;86964,88;643;Оплата от покупателя по счету DEMO-202507-001;Оплата товаров по счету DEMO-202507-001. НДС не облагается.;40702810999910000001;9901000001;990101001;ООО АЛЬФА-ДЕМО;044500901;30101810999990000901;40802810999900000001;Договор DEMO-0001;990000000001;0;ИП ДЕМОНОВ АЛЕКСЕЙ ТЕСТОВИЧ;044500999;30101810999990000999;40702810999910000001;9901000001;ООО АЛЬФА-ДЕМО;044500901;;АО ДЕМО БАНК;;;;
40802810999900000001;Кредит;Входящие платежи;Транзакция;07.07.2025;05.07.2025;100380;01;643;54877,92;643;Оплата от покупателя по счету DEMO-202507-003;Оплата товаров по счету DEMO-202507-003. НДС не облагается.;40702810999910000004;9901000003;990101003;ООО ГАММА-МАРКЕТ;044500903;30101810999990000903;40802810999900000001;Договор DEMO-0003;990000000001;0;ИП ДЕМОНОВ АЛЕКСЕЙ ТЕСТОВИЧ;044500999;30101810999990000999;40702810999910000004;9901000003;ООО ГАММА-МАРКЕТ;044500903;;АО ДЕМО БАНК;;;;
40802810999900000001;Кредит;Входящие платежи;Транзакция;07.07.2025;05.07.2025;100383;01;643;84768,04;643;Оплата от покупателя по счету DEMO-202507-006;Оплата товаров по счету DEMO-202507-006. НДС не облагается.;40702810999910000002;9901000003;990101002;ООО БЕТА-ТЕСТ;044500902;30101810999990000902;40802810999900000001;Договор DEMO-0002;990000000001;0;ИП ДЕМОНОВ АЛЕКСЕЙ ТЕСТОВИЧ;044500999;30101810999990000999;40702810999910000002;9901000003;ООО БЕТА-ТЕСТ;044500902;;АО ДЕМО БАНК;;;;
40802810999900000001;Кредит;Входящие платежи;Транзакция;07.07.2025;06.07.2025;100382;01;643;74960,9;643;Оплата от покупателя по счету DEMO-202507-005;Оплата товаров по счету DEMO-202507-005. НДС не облагается.;40702810999910000001;9901000001;990101001;ООО АЛЬФА-ДЕМО;044500901;30101810999990000901;40802810999900000001;Договор DEMO-0001;990000000001;0;ИП ДЕМОНОВ АЛЕКСЕЙ ТЕСТОВИЧ;044500999;30101810999990000999;40702810999910000001;9901000001;ООО АЛЬФА-ДЕМО;044500901;;АО ДЕМО БАНК;;;;
40802810999900000001;Кредит;Входящие платежи;Транзакция;07.07.2025;07.07.2025;100384;17;643;37847,13;643;Зачисление выручки ИНТЕРНЕТ-ЭКВАЙРИНГ по реестру 202507001;Перевод средств по реестру операций 202507001. Канал: ИНТЕРНЕТ-ЭКВАЙРИНГ. НДС не облагается.;30232810999900000001;9900000030;990001003;АО ДЕМО ЭКВАЙРИНГ;044500996;30101810999990000996;40802810999900000001;DEMO-ACQ-001;990000000001;0;ИП ДЕМОНОВ АЛЕКСЕЙ ТЕСТОВИЧ;044500999;30101810999990000999;30232810999900000001;9900000030;АО ДЕМО ЭКВАЙРИНГ;044500996;;АО ДЕМО ЭКВАЙРИНГ;;;;
40802810999900000001;Кредит;Входящие платежи;Транзакция;07.07.2025;07.07.2025;100385;17;643;77189,26;643;Зачисление выручки ИНТЕРНЕТ-ЭКВАЙРИНГ по реестру 202507002;Перевод средств по реестру операций 202507002. Канал: ИНТЕРНЕТ-ЭКВАЙРИНГ. НДС не облагается.;30232810999900000001;9900000030;990001003;АО ДЕМО ЭКВАЙРИНГ;044500996;30101810999990000996;40802810999900000001;DEMO-ACQ-001;990000000001;0;ИП ДЕМОНОВ АЛЕКСЕЙ ТЕСТОВИЧ;044500999;30101810999990000999;30232810999900000001;9900000030;АО ДЕМО ЭКВАЙРИНГ;044500996;;АО ДЕМО ЭКВАЙРИНГ;;;;
40802810999900000001;Дебет;Исходящие платежи;Транзакция;07.07.2025;07.07.2025;100402;01;643;12347;643;Подписка на программное обеспечение;Лицензии и облачные сервисы за 07.2025.;40802810999900000001;990000000001;0;ИП ДЕМОНОВ АЛЕКСЕЙ ТЕСТОВИЧ;044500999;30101810999990000999;40702810999930000005;SOFT-DEMO-001;9903000005;990301005;ООО СОФТ ДЕМО;044500925;30101810999990000925;40702810999930000005;9903000005;ООО СОФТ ДЕМО;044500925;;АО ДЕМО БАНК;;;;
40802810999900000001;Дебет;Исходящие платежи;Транзакция;08.07.2025;08.07.2025;100396;01;643;43506;643;Маркетинг и реклама за 07.2025;"Рекламная кампания MEDIA-202507; продвижение и аналитика.";40802810999900000001;990000000001;0;ИП ДЕМОНОВ АЛЕКСЕЙ ТЕСТОВИЧ;044500999;30101810999990000999;40702810999930000002;DEMO-MEDIA-001;9903000002;990301002;ООО МЕДИА ТЕСТ;044500922;30101810999990000922;40702810999930000002;9903000002;ООО МЕДИА ТЕСТ;044500922;;АО ДЕМО БАНК;;;;
40802810999900000001;Кредит;Входящие платежи;Транзакция;09.07.2025;09.07.2025;100386;17;643;73075,16;643;Зачисление выручки СБП по реестру 202507003;Перевод средств по реестру операций 202507003. Канал: СБП. НДС не облагается.;30232810999900000001;9900000030;990001003;АО ДЕМО ЭКВАЙРИНГ;044500996;30101810999990000996;40802810999900000001;DEMO-ACQ-001;990000000001;0;ИП ДЕМОНОВ АЛЕКСЕЙ ТЕСТОВИЧ;044500999;30101810999990000999;30232810999900000001;9900000030;АО ДЕМО ЭКВАЙРИНГ;044500996;;АО ДЕМО ЭКВАЙРИНГ;;;;
40802810999900000001;Дебет;Исходящие платежи;Транзакция;11.07.2025;11.07.2025;100391;01;643;139272,65;643;Оплата поставщику за партию сырья 2025-07-1;Оплата материалов и производства по счету SUP-202507-1. В том числе НДС 20%.;40802810999900000001;990000000001;0;ИП ДЕМОНОВ АЛЕКСЕЙ ТЕСТОВИЧ;044500999;30101810999990000999;40702810999920000002;DEMO-SUPPLY-001;9902000001;990201001;ООО ДЕМО СЫРЬЁ;044500911;30101810999990000912;40702810999920000002;9902000001;ООО ДЕМО СЫРЬЁ;044500911;;АО ДЕМО БАНК;;;;
40802810999900000001;Дебет;Исходящие платежи;Транзакция;11.07.2025;11.07.2025;100394;01;643;25814;643;Разработка продукта и тестовые образцы за 07.2025;Изготовление прототипов и тестовой партии по этапу DEV-202507.;40802810999900000001;990000000001;0;ИП ДЕМОНОВ АЛЕКСЕЙ ТЕСТОВИЧ;044500999;30101810999990000999;40702810999920000003;DEMO-RND-001;9902000003;990201003;ООО МАКЕТ-ЛАБ;044500913;30101810999990000913;40702810999920000003;9902000003;ООО МАКЕТ-ЛАБ;044500913;;АО ДЕМО БАНК;;;;
40802810999900000001;Дебет;Кредитование;Транзакция;12.07.2025;12.07.2025;100409;35;643;65000;643;Погашение основной суммы кредита;Погашение основного долга по договору LOAN-DEMO-001 за 07.2025.;40802810999900000001;990000000001;0;ИП ДЕМОНОВ АЛЕКСЕЙ ТЕСТОВИЧ;044500999;30101810999990000999;45207810999900000001;LOAN-DEMO-001;9900000020;990001002;АО ДЕМО КРЕДИТ;044500997;30101810999990000997;45207810999900000001;9900000020;АО ДЕМО КРЕДИТ;044500997;;АО ДЕМО КРЕДИТ;;;;
40802810999900000001;Дебет;Кредитование;Транзакция;12.07.2025;12.07.2025;100410;35;643;11770;643;Проценты по кредиту;Уплата процентов по договору LOAN-DEMO-001 за 07.2025.;40802810999900000001;990000000001;0;ИП ДЕМОНОВ АЛЕКСЕЙ ТЕСТОВИЧ;044500999;30101810999990000999;45207810999900000001;LOAN-DEMO-001;9900000020;990001002;АО ДЕМО КРЕДИТ;044500997;30101810999990000997;45207810999900000001;9900000020;АО ДЕМО КРЕДИТ;044500997;;АО ДЕМО КРЕДИТ;;;;
40802810999900000001;Кредит;Входящие платежи;Транзакция;14.07.2025;12.07.2025;100387;17;643;71354,47;643;Зачисление выручки ИНТЕРНЕТ-ЭКВАЙРИНГ по реестру 202507004;Перевод средств по реестру операций 202507004. Канал: ИНТЕРНЕТ-ЭКВАЙРИНГ. НДС не облагается.;30232810999900000001;9900000030;990001003;АО ДЕМО ЭКВАЙРИНГ;044500996;30101810999990000996;40802810999900000001;DEMO-ACQ-001;990000000001;0;ИП ДЕМОНОВ АЛЕКСЕЙ ТЕСТОВИЧ;044500999;30101810999990000999;30232810999900000001;9900000030;АО ДЕМО ЭКВАЙРИНГ;044500996;;АО ДЕМО ЭКВАЙРИНГ;;;;
40802810999900000001;Дебет;Оплата картой;Транзакция;14.07.2025;14.07.2025;;17;643;1480,9;643;Оплата корпоративной подписки DEMO CLOUD;Оплата по корпоративной карте: облачное программное обеспечение.;40802810999900000001;990000000001;0;ИП ДЕМОНОВ АЛЕКСЕЙ ТЕСТОВИЧ;044500999;30101810999990000999;40702810999930000005;;9903000005;990301005;ООО СОФТ ДЕМО;044500925;30101810999990000925;40702810999930000005;9903000005;ООО СОФТ ДЕМО;044500925;5734;АО ДЕМО БАНК;;;;
40802810999900000001;Дебет;Оплата картой;Транзакция;14.07.2025;14.07.2025;;17;643;3717,61;643;Канцелярские и хозяйственные товары;Оплата по корпоративной карте: офисные и хозяйственные расходы.;40802810999900000001;990000000001;0;ИП ДЕМОНОВ АЛЕКСЕЙ ТЕСТОВИЧ;044500999;30101810999990000999;40702810999930000006;;9903000006;990301006;ООО ОФИС ДЕМО;044500926;30101810999990000926;40702810999930000006;9903000006;ООО ОФИС ДЕМО;044500926;5943;АО ДЕМО БАНК;;;;
40802810999900000001;Кредит;Входящие платежи;Транзакция;14.07.2025;14.07.2025;100381;01;643;54596,6;643;Оплата от покупателя по счету DEMO-202507-004;Оплата товаров по счету DEMO-202507-004. НДС не облагается.;40702810999910000004;9901000004;990101004;ООО ДЕЛЬТА-ШОП;044500904;30101810999990000904;40802810999900000001;Договор DEMO-0004;990000000001;0;ИП ДЕМОНОВ АЛЕКСЕЙ ТЕСТОВИЧ;044500999;30101810999990000999;40702810999910000004;9901000004;ООО ДЕЛЬТА-ШОП;044500904;;АО ДЕМО БАНК;;;;
40802810999900000001;Дебет;Исходящие платежи;Транзакция;14.07.2025;14.07.2025;100395;01;643;20651;643;Логистика и доставка заказов за 07.2025;Транспортные услуги по реестру LOG-202507.;40802810999900000001;990000000001;0;ИП ДЕМОНОВ АЛЕКСЕЙ ТЕСТОВИЧ;044500999;30101810999990000999;40702810999930000001;DEMO-LOG-001;9903000001;990301001;ООО ДЕМО ЛОГИСТИКА;044500921;30101810999990000921;40702810999930000001;9903000001;ООО ДЕМО ЛОГИСТИКА;044500921;;АО ДЕМО БАНК;;;;
40802810999900000001;Кредит;Входящие платежи;Транзакция;15.07.2025;15.07.2025;100390;17;643;61863,48;643;Зачисление выручки ИНТЕРНЕТ-ЭКВАЙРИНГ по реестру 202507007;Перевод средств по реестру операций 202507007. Канал: ИНТЕРНЕТ-ЭКВАЙРИНГ. НДС не облагается.;30232810999900000001;9900000030;990001003;АО ДЕМО ЭКВАЙРИНГ;044500996;30101810999990000996;40802810999900000001;DEMO-ACQ-001;990000000001;0;ИП ДЕМОНОВ АЛЕКСЕЙ ТЕСТОВИЧ;044500999;30101810999990000999;30232810999900000001;9900000030;АО ДЕМО ЭКВАЙРИНГ;044500996;;АО ДЕМО ЭКВАЙРИНГ;;;;
40802810999900000001;Дебет;Исходящие платежи;Транзакция;16.07.2025;16.07.2025;100401;01;643;21763;643;Коммунальные расходы за 07.2025;Электроэнергия, связь и коммунальные услуги за 07.2025.;40802810999900000001;990000000001;0;ИП ДЕМОНОВ АЛЕКСЕЙ ТЕСТОВИЧ;044500999;30101810999990000999;40702810999930000005;UTIL-DEMO-001;9903000004;990301004;ООО ОБЛАКО ДЕМО;044500924;30101810999990000925;40702810999930000005;9903000004;ООО ОБЛАКО ДЕМО;044500924;;АО ДЕМО БАНК;;;;
40802810999900000001;Дебет;Исходящие платежи;Транзакция;17.07.2025;17.07.2025;100392;01;643;97787,18;643;Оплата поставщику за партию сырья 2025-07-2;Оплата материалов и производства по счету SUP-202507-2. В том числе НДС 20%.;40802810999900000001;990000000001;0;ИП ДЕМОНОВ АЛЕКСЕЙ ТЕСТОВИЧ;044500999;30101810999990000999;40702810999920000002;DEMO-SUPPLY-001;9902000002;990201002;ООО ТЕСТ ПРОИЗВОДСТВО;044500912;30101810999990000912;40702810999920000002;9902000002;ООО ТЕСТ ПРОИЗВОДСТВО;044500912;;АО ДЕМО БАНК;;;;
40802810999900000001;Кредит;Входящие платежи;Транзакция;18.07.2025;18.07.2025;100388;17;643;34334,27;643;Зачисление выручки ИНТЕРНЕТ-ЭКВАЙРИНГ по реестру 202507005;Перевод средств по реестру операций 202507005. Канал: ИНТЕРНЕТ-ЭКВАЙРИНГ. НДС не облагается.;30232810999900000001;9900000030;990001003;АО ДЕМО ЭКВАЙРИНГ;044500996;30101810999990000996;40802810999900000001;DEMO-ACQ-001;990000000001;0;ИП ДЕМОНОВ АЛЕКСЕЙ ТЕСТОВИЧ;044500999;30101810999990000999;30232810999900000001;9900000030;АО ДЕМО ЭКВАЙРИНГ;044500996;;АО ДЕМО ЭКВАЙРИНГ;;;;
40802810999900000001;Дебет;Исходящие платежи;Транзакция;19.07.2025;19.07.2025;100397;01;643;53626;643;Вознаграждение подрядчику за 07.2025;Оплата услуг подрядчика по акту HR-202507-1. НДС не облагается.;40802810999900000001;990000000001;0;ИП ДЕМОНОВ АЛЕКСЕЙ ТЕСТОВИЧ;044500999;30101810999990000999;40817810999940000001;DEMO-HR-001;990400000001;0;САМОЗАНЯТЫЙ ДЕМО СПЕЦИАЛИСТ 01;044500931;30101810999990000931;40817810999940000001;990400000001;САМОЗАНЯТЫЙ ДЕМО СПЕЦИАЛИСТ 01;044500931;;АО ДЕМО БАНК;;;;
40802810999900000001;Дебет;Исходящие платежи;Транзакция;20.07.2025;20.07.2025;100398;01;643;46122;643;Вознаграждение подрядчику за 07.2025;Оплата услуг подрядчика по акту HR-202507-2. НДС не облагается.;40802810999900000001;990000000001;0;ИП ДЕМОНОВ АЛЕКСЕЙ ТЕСТОВИЧ;044500999;30101810999990000999;40817810999940000002;DEMO-HR-002;990400000002;0;САМОЗАНЯТЫЙ ДЕМО СПЕЦИАЛИСТ 02;044500932;30101810999990000932;40817810999940000002;990400000002;САМОЗАНЯТЫЙ ДЕМО СПЕЦИАЛИСТ 02;044500932;;АО ДЕМО БАНК;;;;
40802810999900000001;Дебет;Услуги банка;Транзакция;20.07.2025;20.07.2025;100403;17;643;490;643;Плата за обслуживание счета;Плата за обслуживание расчетного счета за 07.2025. Договор DEMO-BANK-001.;40802810999900000001;990000000001;0;ИП ДЕМОНОВ АЛЕКСЕЙ ТЕСТОВИЧ;044500999;30101810999990000999;47423810999900000001;DEMO-BANK-001;9900000002;990001001;АО ДЕМО БАНК;044500999;30101810999990000999;47423810999900000001;9900000002;АО ДЕМО БАНК;044500999;;АО ДЕМО БАНК;;;;
40802810999900000001;Дебет;Услуги банка;Транзакция;20.07.2025;20.07.2025;100404;17;643;199;643;Плата за услугу оповещения об операциях;Плата за уведомления и SMS-банк за 07.2025.;40802810999900000001;990000000001;0;ИП ДЕМОНОВ АЛЕКСЕЙ ТЕСТОВИЧ;044500999;30101810999990000999;47423810999900000001;DEMO-BANK-001;9900000002;990001001;АО ДЕМО БАНК;044500999;30101810999990000999;47423810999900000001;9900000002;АО ДЕМО БАНК;044500999;;АО ДЕМО БАНК;;;;
40802810999900000001;Кредит;Входящие платежи;Транзакция;21.07.2025;19.07.2025;100389;17;643;70209,39;643;Зачисление выручки СБП по реестру 202507006;Перевод средств по реестру операций 202507006. Канал: СБП. НДС не облагается.;30232810999900000001;9900000030;990001003;АО ДЕМО ЭКВАЙРИНГ;044500996;30101810999990000996;40802810999900000001;DEMO-ACQ-001;990000000001;0;ИП ДЕМОНОВ АЛЕКСЕЙ ТЕСТОВИЧ;044500999;30101810999990000999;30232810999900000001;9900000030;АО ДЕМО ЭКВАЙРИНГ;044500996;;АО ДЕМО ЭКВАЙРИНГ;;;;
40802810999900000001;Дебет;Исходящие платежи;Транзакция;21.07.2025;21.07.2025;100399;01;643;58580;643;Вознаграждение подрядчику за 07.2025;Оплата услуг подрядчика по акту HR-202507-3. НДС не облагается.;40802810999900000001;990000000001;0;ИП ДЕМОНОВ АЛЕКСЕЙ ТЕСТОВИЧ;044500999;30101810999990000999;40802810999940000003;DEMO-HR-003;990400000003;0;ИП ТЕСТОВА МАРИЯ ДЕМО;044500933;30101810999990000933;40802810999940000003;990400000003;ИП ТЕСТОВА МАРИЯ ДЕМО;044500933;;АО ДЕМО БАНК;;;;
40802810999900000001;Дебет;Возвраты контрагентам;Транзакция;21.07.2025;21.07.2025;100408;17;643;6669,93;643;Возврат денежных средств покупателю;Возврат покупателю по реестру REFUND-202507.;40802810999900000001;990000000001;0;ИП ДЕМОНОВ АЛЕКСЕЙ ТЕСТОВИЧ;044500999;30101810999990000999;30232810999900000001;DEMO-ACQ-001;9900000030;990001003;АО ДЕМО ЭКВАЙРИНГ;044500996;30101810999990000996;30232810999900000001;9900000030;АО ДЕМО ЭКВАЙРИНГ;044500996;;АО ДЕМО ЭКВАЙРИНГ;;;;
40802810999900000001;Кредит;Входящие платежи;Транзакция;23.07.2025;23.07.2025;100379;01;643;80859,64;643;Оплата от покупателя по счету DEMO-202507-002;Оплата товаров по счету DEMO-202507-002. НДС не облагается.;40702810999910000002;9901000003;990101002;ООО БЕТА-ТЕСТ;044500902;30101810999990000902;40802810999900000001;Договор DEMO-0002;990000000001;0;ИП ДЕМОНОВ АЛЕКСЕЙ ТЕСТОВИЧ;044500999;30101810999990000999;40702810999910000002;9901000003;ООО БЕТА-ТЕСТ;044500902;;АО ДЕМО БАНК;;;;
40802810999900000001;Дебет;Исходящие платежи;Транзакция;23.07.2025;23.07.2025;100393;01;643;59264,96;643;Оплата поставщику за партию сырья 2025-07-3;Оплата материалов и производства по счету SUP-202507-3. В том числе НДС 20%.;40802810999900000001;990000000001;0;ИП ДЕМОНОВ АЛЕКСЕЙ ТЕСТОВИЧ;044500999;30101810999990000999;40702810999920000002;DEMO-SUPPLY-001;9902000001;990201001;ООО ДЕМО СЫРЬЁ;044500911;30101810999990000912;40702810999920000002;9902000001;ООО ДЕМО СЫРЬЁ;044500911;;АО ДЕМО БАНК;;;;
40802810999900000001;Дебет;Платежи в налоговую;Транзакция;25.07.2025;25.07.2025;100406;01;643;51774,07;643;ЕНП. Налог по УСН;Единый налоговый платеж. УСН 6%. Период 07.2025.;40802810999900000001;990000000001;0;ИП ДЕМОНОВ АЛЕКСЕЙ ТЕСТОВИЧ;044500999;30101810999990000999;03100643999900000001;;9900000010;990001001;КАЗНАЧЕЙСТВО ДЕМО (ФНС ДЕМО);017000999;40102810999990000999;03100643999900000001;9900000010;КАЗНАЧЕЙСТВО ДЕМО (ФНС ДЕМО);017000999;;КАЗНАЧЕЙСТВО ДЕМО;18210501011011000110;ТП;МС.07.2025;0
40802810999900000001;Дебет;Услуги банка;Транзакция;27.07.2025;27.07.2025;100405;17;643;8384,11;643;Комиссия за интернет-эквайринг и СБП;Комиссия за обработку платежей по реестрам 07.2025.;40802810999900000001;990000000001;0;ИП ДЕМОНОВ АЛЕКСЕЙ ТЕСТОВИЧ;044500999;30101810999990000999;30232810999900000001;DEMO-ACQ-001;9900000030;990001003;АО ДЕМО ЭКВАЙРИНГ;044500996;30101810999990000996;30232810999900000001;9900000030;АО ДЕМО ЭКВАЙРИНГ;044500996;;АО ДЕМО ЭКВАЙРИНГ;;;;
40802810999900000001;Кредит;Входящие платежи;Транзакция;28.07.2025;28.07.2025;100407;17;643;1307,31;643;Проценты на остаток и бизнес-кэшбэк;Начисление процентов и кэшбэка за 07.2025.;47423810999900000001;9900000002;990001001;АО ДЕМО БАНК;044500999;30101810999990000999;40802810999900000001;DEMO-BANK-001;990000000001;0;ИП ДЕМОНОВ АЛЕКСЕЙ ТЕСТОВИЧ;044500999;30101810999990000999;47423810999900000001;9900000002;АО ДЕМО БАНК;044500999;;АО ДЕМО БАНК;;;;
40802810999900000001;Дебет;Исходящие платежи;Транзакция;02.08.2025;02.08.2025;100433;01;643;93000;643;Аренда помещения за 08.2025;Арендная плата по договору RENT-DEMO-001 за 08.2025.;40802810999900000001;990000000001;0;ИП ДЕМОНОВ АЛЕКСЕЙ ТЕСТОВИЧ;044500999;30101810999990000999;40702810999930000003;RENT-DEMO-001;9903000003;990301003;ООО БИЗНЕС-ЦЕНТР ДЕМО;044500923;30101810999990000923;40702810999930000003;9903000003;ООО БИЗНЕС-ЦЕНТР ДЕМО;044500923;;АО ДЕМО БАНК;;;;
40802810999900000001;Кредит;Входящие платежи;Транзакция;03.08.2025;03.08.2025;100441;01;643;150000;643;Взнос собственника на развитие бизнеса;Внесение собственных средств предпринимателя. НДС не облагается.;40817810999900000002;990000000001;0;ДЕМОНОВ АЛЕКСЕЙ ТЕСТОВИЧ;044500998;30101810999990000998;40802810999900000001;OWNER-DEMO;990000000001;0;ИП ДЕМОНОВ АЛЕКСЕЙ ТЕСТОВИЧ;044500999;30101810999990000999;40817810999900000002;990000000001;ДЕМОНОВ АЛЕКСЕЙ ТЕСТОВИЧ;044500998;;АО ДЕМО БАНК;;;;
40802810999900000001;Кредит;Входящие платежи;Транзакция;04.08.2025;03.08.2025;100411;01;643;42107,28;643;Оплата от покупателя по счету DEMO-202508-001;Оплата товаров по счету DEMO-202508-001. НДС не облагается.;40702810999910000002;9901000003;990101002;ООО БЕТА-ТЕСТ;044500902;30101810999990000902;40802810999900000001;Договор DEMO-0002;990000000001;0;ИП ДЕМОНОВ АЛЕКСЕЙ ТЕСТОВИЧ;044500999;30101810999990000999;40702810999910000002;9901000003;ООО БЕТА-ТЕСТ;044500902;;АО ДЕМО БАНК;;;;
40802810999900000001;Кредит;Входящие платежи;Транзакция;04.08.2025;03.08.2025;100414;01;643;65556,42;643;Оплата от покупателя по счету DEMO-202508-004;Оплата товаров по счету DEMO-202508-004. НДС не облагается.;40702810999910000001;9901000001;990101001;ООО АЛЬФА-ДЕМО;044500901;30101810999990000901;40802810999900000001;Договор DEMO-0001;990000000001;0;ИП ДЕМОНОВ АЛЕКСЕЙ ТЕСТОВИЧ;044500999;30101810999990000999;40702810999910000001;9901000001;ООО АЛЬФА-ДЕМО;044500901;;АО ДЕМО БАНК;;;;
40802810999900000001;Кредит;Входящие платежи;Транзакция;04.08.2025;03.08.2025;100422;17;643;77684,78;643;Зачисление выручки ИНТЕРНЕТ-ЭКВАЙРИНГ по реестру 202508005;Перевод средств по реестру операций 202508005. Канал: ИНТЕРНЕТ-ЭКВАЙРИНГ. НДС не облагается.;30232810999900000001;9900000030;990001003;АО ДЕМО ЭКВАЙРИНГ;044500996;30101810999990000996;40802810999900000001;DEMO-ACQ-001;990000000001;0;ИП ДЕМОНОВ АЛЕКСЕЙ ТЕСТОВИЧ;044500999;30101810999990000999;30232810999900000001;9900000030;АО ДЕМО ЭКВАЙРИНГ;044500996;;АО ДЕМО ЭКВАЙРИНГ;;;;
40802810999900000001;Кредит;Входящие платежи;Транзакция;05.08.2025;05.08.2025;100423;17;643;89311,4;643;Зачисление выручки СБП по реестру 202508006;Перевод средств по реестру операций 202508006. Канал: СБП. НДС не облагается.;30232810999900000001;9900000030;990001003;АО ДЕМО ЭКВАЙРИНГ;044500996;30101810999990000996;40802810999900000001;DEMO-ACQ-001;990000000001;0;ИП ДЕМОНОВ АЛЕКСЕЙ ТЕСТОВИЧ;044500999;30101810999990000999;30232810999900000001;9900000030;АО ДЕМО ЭКВАЙРИНГ;044500996;;АО ДЕМО ЭКВАЙРИНГ;;;;
40802810999900000001;Дебет;Исходящие платежи;Транзакция;07.08.2025;07.08.2025;100435;01;643;9948;643;Подписка на программное обеспечение;Лицензии и облачные сервисы за 08.2025.;40802810999900000001;990000000001;0;ИП ДЕМОНОВ АЛЕКСЕЙ ТЕСТОВИЧ;044500999;30101810999990000999;40702810999930000005;SOFT-DEMO-001;9903000005;990301005;ООО СОФТ ДЕМО;044500925;30101810999990000925;40702810999930000005;9903000005;ООО СОФТ ДЕМО;044500925;;АО ДЕМО БАНК;;;;
40802810999900000001;Кредит;Входящие платежи;Транзакция;08.08.2025;08.08.2025;100418;17;643;94397,9;643;Зачисление выручки ИНТЕРНЕТ-ЭКВАЙРИНГ по реестру 202508001;Перевод средств по реестру операций 202508001. Канал: ИНТЕРНЕТ-ЭКВАЙРИНГ. НДС не облагается.;30232810999900000001;9900000030;990001003;АО ДЕМО ЭКВАЙРИНГ;044500996;30101810999990000996;40802810999900000001;DEMO-ACQ-001;990000000001;0;ИП ДЕМОНОВ АЛЕКСЕЙ ТЕСТОВИЧ;044500999;30101810999990000999;30232810999900000001;9900000030;АО ДЕМО ЭКВАЙРИНГ;044500996;;АО ДЕМО ЭКВАЙРИНГ;;;;
40802810999900000001;Дебет;Исходящие платежи;Транзакция;08.08.2025;08.08.2025;100429;01;643;35326;643;Маркетинг и реклама за 08.2025;"Рекламная кампания MEDIA-202508; продвижение и аналитика.";40802810999900000001;990000000001;0;ИП ДЕМОНОВ АЛЕКСЕЙ ТЕСТОВИЧ;044500999;30101810999990000999;40702810999930000002;DEMO-MEDIA-001;9903000002;990301002;ООО МЕДИА ТЕСТ;044500922;30101810999990000922;40702810999930000002;9903000002;ООО МЕДИА ТЕСТ;044500922;;АО ДЕМО БАНК;;;;
40802810999900000001;Дебет;Исходящие платежи;Транзакция;10.08.2025;10.08.2025;100445;01;643;310000;643;Модернизация производственного оборудования;Приобретение дополнительного оборудования по счету EQUIP-DEMO-002.;40802810999900000001;990000000001;0;ИП ДЕМОНОВ АЛЕКСЕЙ ТЕСТОВИЧ;044500999;30101810999990000999;40702810999930000007;EQUIP-DEMO-002;9903000007;990301007;ООО ДЕМО ОБОРУДОВАНИЕ;044500927;30101810999990000927;40702810999930000007;9903000007;ООО ДЕМО ОБОРУДОВАНИЕ;044500927;;АО ДЕМО БАНК;;;;
40802810999900000001;Кредит;Входящие платежи;Транзакция;11.08.2025;10.08.2025;100413;01;643;43329,15;643;Оплата от покупателя по счету DEMO-202508-003;Оплата товаров по счету DEMO-202508-003. НДС не облагается.;40702810999910000004;9901000004;990101004;ООО ДЕЛЬТА-ШОП;044500904;30101810999990000904;40802810999900000001;Договор DEMO-0004;990000000001;0;ИП ДЕМОНОВ АЛЕКСЕЙ ТЕСТОВИЧ;044500999;30101810999990000999;40702810999910000004;9901000004;ООО ДЕЛЬТА-ШОП;044500904;;АО ДЕМО БАНК;;;;
40802810999900000001;Дебет;Оплата картой;Транзакция;11.08.2025;11.08.2025;;17;643;6759,79;643;Канцелярские и хозяйственные товары;Оплата по корпоративной карте: офисные и хозяйственные расходы.;40802810999900000001;990000000001;0;ИП ДЕМОНОВ АЛЕКСЕЙ ТЕСТОВИЧ;044500999;30101810999990000999;40702810999930000006;;9903000006;990301006;ООО ОФИС ДЕМО;044500926;30101810999990000926;40702810999930000006;9903000006;ООО ОФИС ДЕМО;044500926;5943;АО ДЕМО БАНК;;;;
40802810999900000001;Дебет;Исходящие платежи;Транзакция;11.08.2025;11.08.2025;100424;01;643;132270,85;643;Оплата поставщику за партию сырья 2025-08-1;Оплата материалов и производства по счету SUP-202508-1. В том числе НДС 20%.;40802810999900000001;990000000001;0;ИП ДЕМОНОВ АЛЕКСЕЙ ТЕСТОВИЧ;044500999;30101810999990000999;40702810999920000002;DEMO-SUPPLY-001;9902000001;990201001;ООО ДЕМО СЫРЬЁ;044500911;30101810999990000912;40702810999920000002;9902000001;ООО ДЕМО СЫРЬЁ;044500911;;АО ДЕМО БАНК;;;;
40802810999900000001;Дебет;Исходящие платежи;Транзакция;11.08.2025;11.08.2025;100427;01;643;32647;643;Разработка продукта и тестовые образцы за 08.2025;Изготовление прототипов и тестовой партии по этапу DEV-202508.;40802810999900000001;990000000001;0;ИП ДЕМОНОВ АЛЕКСЕЙ ТЕСТОВИЧ;044500999;30101810999990000999;40702810999920000003;DEMO-RND-001;9902000003;990201003;ООО МАКЕТ-ЛАБ;044500913;30101810999990000913;40702810999920000003;9902000003;ООО МАКЕТ-ЛАБ;044500913;;АО ДЕМО БАНК;;;;
40802810999900000001;Дебет;Кредитование;Транзакция;12.08.2025;12.08.2025;100443;35;643;65000;643;Погашение основной суммы кредита;Погашение основного долга по договору LOAN-DEMO-001 за 08.2025.;40802810999900000001;990000000001;0;ИП ДЕМОНОВ АЛЕКСЕЙ ТЕСТОВИЧ;044500999;30101810999990000999;45207810999900000001;LOAN-DEMO-001;9900000020;990001002;АО ДЕМО КРЕДИТ;044500997;30101810999990000997;45207810999900000001;9900000020;АО ДЕМО КРЕДИТ;044500997;;АО ДЕМО КРЕДИТ;;;;
40802810999900000001;Дебет;Кредитование;Транзакция;12.08.2025;12.08.2025;100444;35;643;11340;643;Проценты по кредиту;Уплата процентов по договору LOAN-DEMO-001 за 08.2025.;40802810999900000001;990000000001;0;ИП ДЕМОНОВ АЛЕКСЕЙ ТЕСТОВИЧ;044500999;30101810999990000999;45207810999900000001;LOAN-DEMO-001;9900000020;990001002;АО ДЕМО КРЕДИТ;044500997;30101810999990000997;45207810999900000001;9900000020;АО ДЕМО КРЕДИТ;044500997;;АО ДЕМО КРЕДИТ;;;;
40802810999900000001;Кредит;Входящие платежи;Транзакция;14.08.2025;14.08.2025;100416;01;643;39350,33;643;Оплата от покупателя по счету DEMO-202508-006;Оплата товаров по счету DEMO-202508-006. НДС не облагается.;40702810999910000004;9901000003;990101003;ООО ГАММА-МАРКЕТ;044500903;30101810999990000903;40802810999900000001;Договор DEMO-0003;990000000001;0;ИП ДЕМОНОВ АЛЕКСЕЙ ТЕСТОВИЧ;044500999;30101810999990000999;40702810999910000004;9901000003;ООО ГАММА-МАРКЕТ;044500903;;АО ДЕМО БАНК;;;;
40802810999900000001;Дебет;Исходящие платежи;Транзакция;14.08.2025;14.08.2025;100428;01;643;12337;643;Логистика и доставка заказов за 08.2025;Транспортные услуги по реестру LOG-202508.;40802810999900000001;990000000001;0;ИП ДЕМОНОВ АЛЕКСЕЙ ТЕСТОВИЧ;044500999;30101810999990000999;40702810999930000001;DEMO-LOG-001;9903000001;990301001;ООО ДЕМО ЛОГИСТИКА;044500921;30101810999990000921;40702810999930000001;9903000001;ООО ДЕМО ЛОГИСТИКА;044500921;;АО ДЕМО БАНК;;;;
40802810999900000001;Дебет;Оплата картой;Транзакция;16.08.2025;16.08.2025;;17;643;2268,27;643;Оплата корпоративной подписки DEMO CLOUD;Оплата по корпоративной карте: облачное программное обеспечение.;40802810999900000001;990000000001;0;ИП ДЕМОНОВ АЛЕКСЕЙ ТЕСТОВИЧ;044500999;30101810999990000999;40702810999930000005;;9903000005;990301005;ООО СОФТ ДЕМО;044500925;30101810999990000925;40702810999930000005;9903000005;ООО СОФТ ДЕМО;044500925;5734;АО ДЕМО БАНК;;;;
40802810999900000001;Дебет;Исходящие платежи;Транзакция;16.08.2025;16.08.2025;100434;01;643;13189;643;Коммунальные расходы за 08.2025;Электроэнергия, связь и коммунальные услуги за 08.2025.;40802810999900000001;990000000001;0;ИП ДЕМОНОВ АЛЕКСЕЙ ТЕСТОВИЧ;044500999;30101810999990000999;40702810999930000005;UTIL-DEMO-001;9903000004;990301004;ООО ОБЛАКО ДЕМО;044500924;30101810999990000925;40702810999930000005;9903000004;ООО ОБЛАКО ДЕМО;044500924;;АО ДЕМО БАНК;;;;
40802810999900000001;Дебет;Исходящие платежи;Транзакция;17.08.2025;17.08.2025;100425;01;643;92871,02;643;Оплата поставщику за партию сырья 2025-08-2;Оплата материалов и производства по счету SUP-202508-2. В том числе НДС 20%.;40802810999900000001;990000000001;0;ИП ДЕМОНОВ АЛЕКСЕЙ ТЕСТОВИЧ;044500999;30101810999990000999;40702810999920000002;DEMO-SUPPLY-001;9902000002;990201002;ООО ТЕСТ ПРОИЗВОДСТВО;044500912;30101810999990000912;40702810999920000002;9902000002;ООО ТЕСТ ПРОИЗВОДСТВО;044500912;;АО ДЕМО БАНК;;;;
40802810999900000001;Кредит;Входящие платежи;Транзакция;18.08.2025;17.08.2025;100417;01;643;40544,75;643;Оплата от покупателя по счету DEMO-202508-007;Оплата товаров по счету DEMO-202508-007. НДС не облагается.;40702810999910000004;9901000004;990101004;ООО ДЕЛЬТА-ШОП;044500904;30101810999990000904;40802810999900000001;Договор DEMO-0004;990000000001;0;ИП ДЕМОНОВ АЛЕКСЕЙ ТЕСТОВИЧ;044500999;30101810999990000999;40702810999910000004;9901000004;ООО ДЕЛЬТА-ШОП;044500904;;АО ДЕМО БАНК;;;;
40802810999900000001;Кредит;Входящие платежи;Транзакция;18.08.2025;18.08.2025;100419;17;643;71050,44;643;Зачисление выручки ИНТЕРНЕТ-ЭКВАЙРИНГ по реестру 202508002;Перевод средств по реестру операций 202508002. Канал: ИНТЕРНЕТ-ЭКВАЙРИНГ. НДС не облагается.;30232810999900000001;9900000030;990001003;АО ДЕМО ЭКВАЙРИНГ;044500996;30101810999990000996;40802810999900000001;DEMO-ACQ-001;990000000001;0;ИП ДЕМОНОВ АЛЕКСЕЙ ТЕСТОВИЧ;044500999;30101810999990000999;30232810999900000001;9900000030;АО ДЕМО ЭКВАЙРИНГ;044500996;;АО ДЕМО ЭКВАЙРИНГ;;;;
40802810999900000001;Дебет;Исходящие платежи;Транзакция;19.08.2025;19.08.2025;100430;01;643;67856;643;Вознаграждение подрядчику за 08.2025;Оплата услуг подрядчика по акту HR-202508-1. НДС не облагается.;40802810999900000001;990000000001;0;ИП ДЕМОНОВ АЛЕКСЕЙ ТЕСТОВИЧ;044500999;30101810999990000999;40817810999940000001;DEMO-HR-001;990400000001;0;САМОЗАНЯТЫЙ ДЕМО СПЕЦИАЛИСТ 01;044500931;30101810999990000931;40817810999940000001;990400000001;САМОЗАНЯТЫЙ ДЕМО СПЕЦИАЛИСТ 01;044500931;;АО ДЕМО БАНК;;;;
40802810999900000001;Дебет;Исходящие платежи;Транзакция;20.08.2025;20.08.2025;100431;01;643;43025;643;Вознаграждение подрядчику за 08.2025;Оплата услуг подрядчика по акту HR-202508-2. НДС не облагается.;40802810999900000001;990000000001;0;ИП ДЕМОНОВ АЛЕКСЕЙ ТЕСТОВИЧ;044500999;30101810999990000999;40817810999940000002;DEMO-HR-002;990400000002;0;САМОЗАНЯТЫЙ ДЕМО СПЕЦИАЛИСТ 02;044500932;30101810999990000932;40817810999940000002;990400000002;САМОЗАНЯТЫЙ ДЕМО СПЕЦИАЛИСТ 02;044500932;;АО ДЕМО БАНК;;;;
40802810999900000001;Дебет;Услуги банка;Транзакция;20.08.2025;20.08.2025;100436;17;643;490;643;Плата за обслуживание счета;Плата за обслуживание расчетного счета за 08.2025. Договор DEMO-BANK-001.;40802810999900000001;990000000001;0;ИП ДЕМОНОВ АЛЕКСЕЙ ТЕСТОВИЧ;044500999;30101810999990000999;47423810999900000001;DEMO-BANK-001;9900000002;990001001;АО ДЕМО БАНК;044500999;30101810999990000999;47423810999900000001;9900000002;АО ДЕМО БАНК;044500999;;АО ДЕМО БАНК;;;;
40802810999900000001;Дебет;Услуги банка;Транзакция;20.08.2025;20.08.2025;100437;17;643;199;643;Плата за услугу оповещения об операциях;Плата за уведомления и SMS-банк за 08.2025.;40802810999900000001;990000000001;0;ИП ДЕМОНОВ АЛЕКСЕЙ ТЕСТОВИЧ;044500999;30101810999990000999;47423810999900000001;DEMO-BANK-001;9900000002;990001001;АО ДЕМО БАНК;044500999;30101810999990000999;47423810999900000001;9900000002;АО ДЕМО БАНК;044500999;;АО ДЕМО БАНК;;;;
40802810999900000001;Кредит;Входящие платежи;Транзакция;21.08.2025;21.08.2025;100421;17;643;42935,26;643;Зачисление выручки ИНТЕРНЕТ-ЭКВАЙРИНГ по реестру 202508004;Перевод средств по реестру операций 202508004. Канал: ИНТЕРНЕТ-ЭКВАЙРИНГ. НДС не облагается.;30232810999900000001;9900000030;990001003;АО ДЕМО ЭКВАЙРИНГ;044500996;30101810999990000996;40802810999900000001;DEMO-ACQ-001;990000000001;0;ИП ДЕМОНОВ АЛЕКСЕЙ ТЕСТОВИЧ;044500999;30101810999990000999;30232810999900000001;9900000030;АО ДЕМО ЭКВАЙРИНГ;044500996;;АО ДЕМО ЭКВАЙРИНГ;;;;
40802810999900000001;Дебет;Исходящие платежи;Транзакция;21.08.2025;21.08.2025;100432;01;643;73030;643;Вознаграждение подрядчику за 08.2025;Оплата услуг подрядчика по акту HR-202508-3. НДС не облагается.;40802810999900000001;990000000001;0;ИП ДЕМОНОВ АЛЕКСЕЙ ТЕСТОВИЧ;044500999;30101810999990000999;40802810999940000003;DEMO-HR-003;990400000003;0;ИП ТЕСТОВА МАРИЯ ДЕМО;044500933;30101810999990000933;40802810999940000003;990400000003;ИП ТЕСТОВА МАРИЯ ДЕМО;044500933;;АО ДЕМО БАНК;;;;
40802810999900000001;Кредит;Входящие платежи;Транзакция;22.08.2025;22.08.2025;100415;01;643;66917,67;643;Оплата от покупателя по счету DEMO-202508-005;Оплата товаров по счету DEMO-202508-005. НДС не облагается.;40702810999910000002;9901000003;990101002;ООО БЕТА-ТЕСТ;044500902;30101810999990000902;40802810999900000001;Договор DEMO-0002;990000000001;0;ИП ДЕМОНОВ АЛЕКСЕЙ ТЕСТОВИЧ;044500999;30101810999990000999;40702810999910000002;9901000003;ООО БЕТА-ТЕСТ;044500902;;АО ДЕМО БАНК;;;;
40802810999900000001;Дебет;Исходящие платежи;Транзакция;23.08.2025;23.08.2025;100426;01;643;56285,47;643;Оплата поставщику за партию сырья 2025-08-3;Оплата материалов и производства по счету SUP-202508-3. В том числе НДС 20%.;40802810999900000001;990000000001;0;ИП ДЕМОНОВ АЛЕКСЕЙ ТЕСТОВИЧ;044500999;30101810999990000999;40702810999920000002;DEMO-SUPPLY-001;9902000001;990201001;ООО ДЕМО СЫРЬЁ;044500911;30101810999990000912;40702810999920000002;9902000001;ООО ДЕМО СЫРЬЁ;044500911;;АО ДЕМО БАНК;;;;
40802810999900000001;Кредит;Входящие платежи;Транзакция;25.08.2025;25.08.2025;100412;01;643;70652,16;643;Оплата от покупателя по счету DEMO-202508-002;Оплата товаров по счету DEMO-202508-002. НДС не облагается.;40702810999910000004;9901000003;990101003;ООО ГАММА-МАРКЕТ;044500903;30101810999990000903;40802810999900000001;Договор DEMO-0003;990000000001;0;ИП ДЕМОНОВ АЛЕКСЕЙ ТЕСТОВИЧ;044500999;30101810999990000999;40702810999910000004;9901000003;ООО ГАММА-МАРКЕТ;044500903;;АО ДЕМО БАНК;;;;
40802810999900000001;Кредит;Входящие платежи;Транзакция;25.08.2025;25.08.2025;100420;17;643;93703;643;Зачисление выручки СБП по реестру 202508003;Перевод средств по реестру операций 202508003. Канал: СБП. НДС не облагается.;30232810999900000001;9900000030;990001003;АО ДЕМО ЭКВАЙРИНГ;044500996;30101810999990000996;40802810999900000001;DEMO-ACQ-001;990000000001;0;ИП ДЕМОНОВ АЛЕКСЕЙ ТЕСТОВИЧ;044500999;30101810999990000999;30232810999900000001;9900000030;АО ДЕМО ЭКВАЙРИНГ;044500996;;АО ДЕМО ЭКВАЙРИНГ;;;;
40802810999900000001;Дебет;Платежи в налоговую;Транзакция;25.08.2025;25.08.2025;100439;01;643;50252,43;643;ЕНП. Налог по УСН;Единый налоговый платеж. УСН 6%. Период 08.2025.;40802810999900000001;990000000001;0;ИП ДЕМОНОВ АЛЕКСЕЙ ТЕСТОВИЧ;044500999;30101810999990000999;03100643999900000001;;9900000010;990001001;КАЗНАЧЕЙСТВО ДЕМО (ФНС ДЕМО);017000999;40102810999990000999;03100643999900000001;9900000010;КАЗНАЧЕЙСТВО ДЕМО (ФНС ДЕМО);017000999;;КАЗНАЧЕЙСТВО ДЕМО;18210501011011000110;ТП;МС.08.2025;0
40802810999900000001;Дебет;Услуги банка;Транзакция;27.08.2025;27.08.2025;100438;17;643;8762,77;643;Комиссия за интернет-эквайринг и СБП;Комиссия за обработку платежей по реестрам 08.2025.;40802810999900000001;990000000001;0;ИП ДЕМОНОВ АЛЕКСЕЙ ТЕСТОВИЧ;044500999;30101810999990000999;30232810999900000001;DEMO-ACQ-001;9900000030;990001003;АО ДЕМО ЭКВАЙРИНГ;044500996;30101810999990000996;30232810999900000001;9900000030;АО ДЕМО ЭКВАЙРИНГ;044500996;;АО ДЕМО ЭКВАЙРИНГ;;;;
40802810999900000001;Кредит;Входящие платежи;Транзакция;28.08.2025;28.08.2025;100440;17;643;1943,09;643;Проценты на остаток и бизнес-кэшбэк;Начисление процентов и кэшбэка за 08.2025.;47423810999900000001;9900000002;990001001;АО ДЕМО БАНК;044500999;30101810999990000999;40802810999900000001;DEMO-BANK-001;990000000001;0;ИП ДЕМОНОВ АЛЕКСЕЙ ТЕСТОВИЧ;044500999;30101810999990000999;47423810999900000001;9900000002;АО ДЕМО БАНК;044500999;;АО ДЕМО БАНК;;;;
40802810999900000001;Дебет;Исходящие платежи;Транзакция;29.08.2025;29.08.2025;100442;01;643;87964;643;Изъятие собственника;Перевод собственных средств предпринимателю. НДС не облагается.;40802810999900000001;990000000001;0;ИП ДЕМОНОВ АЛЕКСЕЙ ТЕСТОВИЧ;044500999;30101810999990000999;40817810999900000002;OWNER-DEMO;990000000001;0;ДЕМОНОВ АЛЕКСЕЙ ТЕСТОВИЧ;044500998;30101810999990000998;40817810999900000002;990000000001;ДЕМОНОВ АЛЕКСЕЙ ТЕСТОВИЧ;044500998;;АО ДЕМО БАНК;;;;
40802810999900000001;Дебет;Исходящие платежи;Транзакция;02.09.2025;02.09.2025;100469;01;643;93000;643;Аренда помещения за 09.2025;Арендная плата по договору RENT-DEMO-001 за 09.2025.;40802810999900000001;990000000001;0;ИП ДЕМОНОВ АЛЕКСЕЙ ТЕСТОВИЧ;044500999;30101810999990000999;40702810999930000003;RENT-DEMO-001;9903000003;990301003;ООО БИЗНЕС-ЦЕНТР ДЕМО;044500923;30101810999990000923;40702810999930000003;9903000003;ООО БИЗНЕС-ЦЕНТР ДЕМО;044500923;;АО ДЕМО БАНК;;;;
40802810999900000001;Кредит;Входящие платежи;Транзакция;03.09.2025;03.09.2025;100446;01;643;75280,32;643;Оплата от покупателя по счету DEMO-202509-001;Оплата товаров по счету DEMO-202509-001. НДС не облагается.;40702810999910000004;9901000003;990101003;ООО ГАММА-МАРКЕТ;044500903;30101810999990000903;40802810999900000001;Договор DEMO-0003;990000000001;0;ИП ДЕМОНОВ АЛЕКСЕЙ ТЕСТОВИЧ;044500999;30101810999990000999;40702810999910000004;9901000003;ООО ГАММА-МАРКЕТ;044500903;;АО ДЕМО БАНК;;;;
40802810999900000001;Дебет;Исходящие платежи;Транзакция;07.09.2025;07.09.2025;100471;01;643;10778;643;Подписка на программное обеспечение;Лицензии и облачные сервисы за 09.2025.;40802810999900000001;990000000001;0;ИП ДЕМОНОВ АЛЕКСЕЙ ТЕСТОВИЧ;044500999;30101810999990000999;40702810999930000005;SOFT-DEMO-001;9903000005;990301005;ООО СОФТ ДЕМО;044500925;30101810999990000925;40702810999930000005;9903000005;ООО СОФТ ДЕМО;044500925;;АО ДЕМО БАНК;;;;
40802810999900000001;Кредит;Входящие платежи;Транзакция;08.09.2025;07.09.2025;100448;01;643;63837,41;643;Оплата от покупателя по счету DEMO-202509-003;Оплата товаров по счету DEMO-202509-003. НДС не облагается.;40702810999910000001;9901000001;990101001;ООО АЛЬФА-ДЕМО;044500901;30101810999990000901;40802810999900000001;Договор DEMO-0001;990000000001;0;ИП ДЕМОНОВ АЛЕКСЕЙ ТЕСТОВИЧ;044500999;30101810999990000999;40702810999910000001;9901000001;ООО АЛЬФА-ДЕМО;044500901;;АО ДЕМО БАНК;;;;
40802810999900000001;Дебет;Исходящие платежи;Транзакция;08.09.2025;08.09.2025;100465;01;643;40726,46;643;Маркетинг и реклама за 09.2025;"Рекламная кампания MEDIA-202509; продвижение и аналитика.";40802810999900000001;990000000001;0;ИП ДЕМОНОВ АЛЕКСЕЙ ТЕСТОВИЧ;044500999;30101810999990000999;40702810999930000002;DEMO-MEDIA-001;9903000002;990301002;ООО МЕДИА ТЕСТ;044500922;30101810999990000922;40702810999930000002;9903000002;ООО МЕДИА ТЕСТ;044500922;;АО ДЕМО БАНК;;;;
40802810999900000001;Кредит;Входящие платежи;Транзакция;09.09.2025;09.09.2025;100459;17;643;49043,29;643;Зачисление выручки ИНТЕРНЕТ-ЭКВАЙРИНГ по реестру 202509007;Перевод средств по реестру операций 202509007. Канал: ИНТЕРНЕТ-ЭКВАЙРИНГ. НДС не облагается.;30232810999900000001;9900000030;990001003;АО ДЕМО ЭКВАЙРИНГ;044500996;30101810999990000996;40802810999900000001;DEMO-ACQ-001;990000000001;0;ИП ДЕМОНОВ АЛЕКСЕЙ ТЕСТОВИЧ;044500999;30101810999990000999;30232810999900000001;9900000030;АО ДЕМО ЭКВАЙРИНГ;044500996;;АО ДЕМО ЭКВАЙРИНГ;;;;
40802810999900000001;Кредит;Входящие платежи;Транзакция;10.09.2025;10.09.2025;100454;17;643;76417,25;643;Зачисление выручки ИНТЕРНЕТ-ЭКВАЙРИНГ по реестру 202509002;Перевод средств по реестру операций 202509002. Канал: ИНТЕРНЕТ-ЭКВАЙРИНГ. НДС не облагается.;30232810999900000001;9900000030;990001003;АО ДЕМО ЭКВАЙРИНГ;044500996;30101810999990000996;40802810999900000001;DEMO-ACQ-001;990000000001;0;ИП ДЕМОНОВ АЛЕКСЕЙ ТЕСТОВИЧ;044500999;30101810999990000999;30232810999900000001;9900000030;АО ДЕМО ЭКВАЙРИНГ;044500996;;АО ДЕМО ЭКВАЙРИНГ;;;;
40802810999900000001;Кредит;Входящие платежи;Транзакция;11.09.2025;11.09.2025;100450;01;643;71896,59;643;Оплата от покупателя по счету DEMO-202509-005;Оплата товаров по счету DEMO-202509-005. НДС не облагается.;40702810999910000004;9901000003;990101003;ООО ГАММА-МАРКЕТ;044500903;30101810999990000903;40802810999900000001;Договор DEMO-0003;990000000001;0;ИП ДЕМОНОВ АЛЕКСЕЙ ТЕСТОВИЧ;044500999;30101810999990000999;40702810999910000004;9901000003;ООО ГАММА-МАРКЕТ;044500903;;АО ДЕМО БАНК;;;;
40802810999900000001;Дебет;Исходящие платежи;Транзакция;11.09.2025;11.09.2025;100460;01;643;154881,95;643;Оплата поставщику за партию сырья 2025-09-1;Оплата материалов и производства по счету SUP-202509-1. В том числе НДС 20%.;40802810999900000001;990000000001;0;ИП ДЕМОНОВ АЛЕКСЕЙ ТЕСТОВИЧ;044500999;30101810999990000999;40702810999920000002;DEMO-SUPPLY-001;9902000001;990201001;ООО ДЕМО СЫРЬЁ;044500911;30101810999990000912;40702810999920000002;9902000001;ООО ДЕМО СЫРЬЁ;044500911;;АО ДЕМО БАНК;;;;
40802810999900000001;Дебет;Исходящие платежи;Транзакция;11.09.2025;11.09.2025;100463;01;643;76171;643;Разработка продукта и тестовые образцы за 09.2025;Изготовление прототипов и тестовой партии по этапу DEV-202509.;40802810999900000001;990000000001;0;ИП ДЕМОНОВ АЛЕКСЕЙ ТЕСТОВИЧ;044500999;30101810999990000999;40702810999920000003;DEMO-RND-001;9902000003;990201003;ООО МАКЕТ-ЛАБ;044500913;30101810999990000913;40702810999920000003;9902000003;ООО МАКЕТ-ЛАБ;044500913;;АО ДЕМО БАНК;;;;
40802810999900000001;Дебет;Кредитование;Транзакция;12.09.2025;12.09.2025;100479;35;643;65000;643;Погашение основной суммы кредита;Погашение основного долга по договору LOAN-DEMO-001 за 09.2025.;40802810999900000001;990000000001;0;ИП ДЕМОНОВ АЛЕКСЕЙ ТЕСТОВИЧ;044500999;30101810999990000999;45207810999900000001;LOAN-DEMO-001;9900000020;990001002;АО ДЕМО КРЕДИТ;044500997;30101810999990000997;45207810999900000001;9900000020;АО ДЕМО КРЕДИТ;044500997;;АО ДЕМО КРЕДИТ;;;;
40802810999900000001;Дебет;Кредитование;Транзакция;12.09.2025;12.09.2025;100480;35;643;10910;643;Проценты по кредиту;Уплата процентов по договору LOAN-DEMO-001 за 09.2025.;40802810999900000001;990000000001;0;ИП ДЕМОНОВ АЛЕКСЕЙ ТЕСТОВИЧ;044500999;30101810999990000999;45207810999900000001;LOAN-DEMO-001;9900000020;990001002;АО ДЕМО КРЕДИТ;044500997;30101810999990000997;45207810999900000001;9900000020;АО ДЕМО КРЕДИТ;044500997;;АО ДЕМО КРЕДИТ;;;;
40802810999900000001;Дебет;Оплата картой;Транзакция;13.09.2025;13.09.2025;;17;643;1464,07;643;Оплата корпоративной подписки DEMO CLOUD;Оплата по корпоративной карте: облачное программное обеспечение.;40802810999900000001;990000000001;0;ИП ДЕМОНОВ АЛЕКСЕЙ ТЕСТОВИЧ;044500999;30101810999990000999;40702810999930000005;;9903000005;990301005;ООО СОФТ ДЕМО;044500925;30101810999990000925;40702810999930000005;9903000005;ООО СОФТ ДЕМО;044500925;5734;АО ДЕМО БАНК;;;;
40802810999900000001;Дебет;Исходящие платежи;Транзакция;14.09.2025;14.09.2025;100464;01;643;22069;643;Логистика и доставка заказов за 09.2025;Транспортные услуги по реестру LOG-202509.;40802810999900000001;990000000001;0;ИП ДЕМОНОВ АЛЕКСЕЙ ТЕСТОВИЧ;044500999;30101810999990000999;40702810999930000001;DEMO-LOG-001;9903000001;990301001;ООО ДЕМО ЛОГИСТИКА;044500921;30101810999990000921;40702810999930000001;9903000001;ООО ДЕМО ЛОГИСТИКА;044500921;;АО ДЕМО БАНК;;;;
40802810999900000001;Кредит;Входящие платежи;Транзакция;15.09.2025;14.09.2025;100447;01;643;85572,06;643;Оплата от покупателя по счету DEMO-202509-002;Оплата товаров по счету DEMO-202509-002. НДС не облагается.;40702810999910000004;9901000004;990101004;ООО ДЕЛЬТА-ШОП;044500904;30101810999990000904;40802810999900000001;Договор DEMO-0004;990000000001;0;ИП ДЕМОНОВ АЛЕКСЕЙ ТЕСТОВИЧ;044500999;30101810999990000999;40702810999910000004;9901000004;ООО ДЕЛЬТА-ШОП;044500904;;АО ДЕМО БАНК;;;;
40802810999900000001;Кредит;Входящие платежи;Транзакция;15.09.2025;15.09.2025;100456;17;643;66359,33;643;Зачисление выручки ИНТЕРНЕТ-ЭКВАЙРИНГ по реестру 202509004;Перевод средств по реестру операций 202509004. Канал: ИНТЕРНЕТ-ЭКВАЙРИНГ. НДС не облагается.;30232810999900000001;9900000030;990001003;АО ДЕМО ЭКВАЙРИНГ;044500996;30101810999990000996;40802810999900000001;DEMO-ACQ-001;990000000001;0;ИП ДЕМОНОВ АЛЕКСЕЙ ТЕСТОВИЧ;044500999;30101810999990000999;30232810999900000001;9900000030;АО ДЕМО ЭКВАЙРИНГ;044500996;;АО ДЕМО ЭКВАЙРИНГ;;;;
40802810999900000001;Дебет;Исходящие платежи;Транзакция;16.09.2025;16.09.2025;100470;01;643;20641;643;Коммунальные расходы за 09.2025;Электроэнергия, связь и коммунальные услуги за 09.2025.;40802810999900000001;990000000001;0;ИП ДЕМОНОВ АЛЕКСЕЙ ТЕСТОВИЧ;044500999;30101810999990000999;40702810999930000005;UTIL-DEMO-001;9903000004;990301004;ООО ОБЛАКО ДЕМО;044500924;30101810999990000925;40702810999930000005;9903000004;ООО ОБЛАКО ДЕМО;044500924;;АО ДЕМО БАНК;;;;
40802810999900000001;Кредит;Входящие платежи;Транзакция;17.09.2025;17.09.2025;100451;01;643;80179,95;643;Оплата от покупателя по счету DEMO-202509-006;Оплата товаров по счету DEMO-202509-006. НДС не облагается.;40702810999910000004;9901000004;990101004;ООО ДЕЛЬТА-ШОП;044500904;30101810999990000904;40802810999900000001;Договор DEMO-0004;990000000001;0;ИП ДЕМОНОВ АЛЕКСЕЙ ТЕСТОВИЧ;044500999;30101810999990000999;40702810999910000004;9901000004;ООО ДЕЛЬТА-ШОП;044500904;;АО ДЕМО БАНК;;;;
40802810999900000001;Дебет;Исходящие платежи;Транзакция;17.09.2025;17.09.2025;100461;01;643;108746,9;643;Оплата поставщику за партию сырья 2025-09-2;Оплата материалов и производства по счету SUP-202509-2. В том числе НДС 20%.;40802810999900000001;990000000001;0;ИП ДЕМОНОВ АЛЕКСЕЙ ТЕСТОВИЧ;044500999;30101810999990000999;40702810999920000002;DEMO-SUPPLY-001;9902000002;990201002;ООО ТЕСТ ПРОИЗВОДСТВО;044500912;30101810999990000912;40702810999920000002;9902000002;ООО ТЕСТ ПРОИЗВОДСТВО;044500912;;АО ДЕМО БАНК;;;;
40802810999900000001;Дебет;Исходящие платежи;Транзакция;19.09.2025;19.09.2025;100466;01;643;60128;643;Вознаграждение подрядчику за 09.2025;Оплата услуг подрядчика по акту HR-202509-1. НДС не облагается.;40802810999900000001;990000000001;0;ИП ДЕМОНОВ АЛЕКСЕЙ ТЕСТОВИЧ;044500999;30101810999990000999;40817810999940000001;DEMO-HR-001;990400000001;0;САМОЗАНЯТЫЙ ДЕМО СПЕЦИАЛИСТ 01;044500931;30101810999990000931;40817810999940000001;990400000001;САМОЗАНЯТЫЙ ДЕМО СПЕЦИАЛИСТ 01;044500931;;АО ДЕМО БАНК;;;;
40802810999900000001;Дебет;Исходящие платежи;Транзакция;20.09.2025;20.09.2025;100467;01;643;47962;643;Вознаграждение подрядчику за 09.2025;Оплата услуг подрядчика по акту HR-202509-2. НДС не облагается.;40802810999900000001;990000000001;0;ИП ДЕМОНОВ АЛЕКСЕЙ ТЕСТОВИЧ;044500999;30101810999990000999;40817810999940000002;DEMO-HR-002;990400000002;0;САМОЗАНЯТЫЙ ДЕМО СПЕЦИАЛИСТ 02;044500932;30101810999990000932;40817810999940000002;990400000002;САМОЗАНЯТЫЙ ДЕМО СПЕЦИАЛИСТ 02;044500932;;АО ДЕМО БАНК;;;;
40802810999900000001;Дебет;Услуги банка;Транзакция;20.09.2025;20.09.2025;100473;17;643;490;643;Плата за обслуживание счета;Плата за обслуживание расчетного счета за 09.2025. Договор DEMO-BANK-001.;40802810999900000001;990000000001;0;ИП ДЕМОНОВ АЛЕКСЕЙ ТЕСТОВИЧ;044500999;30101810999990000999;47423810999900000001;DEMO-BANK-001;9900000002;990001001;АО ДЕМО БАНК;044500999;30101810999990000999;47423810999900000001;9900000002;АО ДЕМО БАНК;044500999;;АО ДЕМО БАНК;;;;
40802810999900000001;Дебет;Услуги банка;Транзакция;20.09.2025;20.09.2025;100474;17;643;199;643;Плата за услугу оповещения об операциях;Плата за уведомления и SMS-банк за 09.2025.;40802810999900000001;990000000001;0;ИП ДЕМОНОВ АЛЕКСЕЙ ТЕСТОВИЧ;044500999;30101810999990000999;47423810999900000001;DEMO-BANK-001;9900000002;990001001;АО ДЕМО БАНК;044500999;30101810999990000999;47423810999900000001;9900000002;АО ДЕМО БАНК;044500999;;АО ДЕМО БАНК;;;;
40802810999900000001;Дебет;Исходящие платежи;Транзакция;21.09.2025;21.09.2025;100468;01;643;70146;643;Вознаграждение подрядчику за 09.2025;Оплата услуг подрядчика по акту HR-202509-3. НДС не облагается.;40802810999900000001;990000000001;0;ИП ДЕМОНОВ АЛЕКСЕЙ ТЕСТОВИЧ;044500999;30101810999990000999;40802810999940000003;DEMO-HR-003;990400000003;0;ИП ТЕСТОВА МАРИЯ ДЕМО;044500933;30101810999990000933;40802810999940000003;990400000003;ИП ТЕСТОВА МАРИЯ ДЕМО;044500933;;АО ДЕМО БАНК;;;;
40802810999900000001;Кредит;Входящие платежи;Транзакция;22.09.2025;21.09.2025;100458;17;643;47175,48;643;Зачисление выручки СБП по реестру 202509006;Перевод средств по реестру операций 202509006. Канал: СБП. НДС не облагается.;30232810999900000001;9900000030;990001003;АО ДЕМО ЭКВАЙРИНГ;044500996;30101810999990000996;40802810999900000001;DEMO-ACQ-001;990000000001;0;ИП ДЕМОНОВ АЛЕКСЕЙ ТЕСТОВИЧ;044500999;30101810999990000999;30232810999900000001;9900000030;АО ДЕМО ЭКВАЙРИНГ;044500996;;АО ДЕМО ЭКВАЙРИНГ;;;;
40802810999900000001;Дебет;Оплата картой;Транзакция;22.09.2025;22.09.2025;;17;643;5499,81;643;Канцелярские и хозяйственные товары;Оплата по корпоративной карте: офисные и хозяйственные расходы.;40802810999900000001;990000000001;0;ИП ДЕМОНОВ АЛЕКСЕЙ ТЕСТОВИЧ;044500999;30101810999990000999;40702810999930000006;;9903000006;990301006;ООО ОФИС ДЕМО;044500926;30101810999990000926;40702810999930000006;9903000006;ООО ОФИС ДЕМО;044500926;5943;АО ДЕМО БАНК;;;;
40802810999900000001;Кредит;Входящие платежи;Транзакция;22.09.2025;22.09.2025;100452;01;643;71134,41;643;Оплата от покупателя по счету DEMO-202509-007;Оплата товаров по счету DEMO-202509-007. НДС не облагается.;40702810999910000001;9901000001;990101001;ООО АЛЬФА-ДЕМО;044500901;30101810999990000901;40802810999900000001;Договор DEMO-0001;990000000001;0;ИП ДЕМОНОВ АЛЕКСЕЙ ТЕСТОВИЧ;044500999;30101810999990000999;40702810999910000001;9901000001;ООО АЛЬФА-ДЕМО;044500901;;АО ДЕМО БАНК;;;;
40802810999900000001;Кредит;Входящие платежи;Транзакция;22.09.2025;22.09.2025;100455;17;643;61919,54;643;Зачисление выручки СБП по реестру 202509003;Перевод средств по реестру операций 202509003. Канал: СБП. НДС не облагается.;30232810999900000001;9900000030;990001003;АО ДЕМО ЭКВАЙРИНГ;044500996;30101810999990000996;40802810999900000001;DEMO-ACQ-001;990000000001;0;ИП ДЕМОНОВ АЛЕКСЕЙ ТЕСТОВИЧ;044500999;30101810999990000999;30232810999900000001;9900000030;АО ДЕМО ЭКВАЙРИНГ;044500996;;АО ДЕМО ЭКВАЙРИНГ;;;;
40802810999900000001;Кредит;Входящие платежи;Транзакция;22.09.2025;22.09.2025;100457;17;643;73156,19;643;Зачисление выручки ИНТЕРНЕТ-ЭКВАЙРИНГ по реестру 202509005;Перевод средств по реестру операций 202509005. Канал: ИНТЕРНЕТ-ЭКВАЙРИНГ. НДС не облагается.;30232810999900000001;9900000030;990001003;АО ДЕМО ЭКВАЙРИНГ;044500996;30101810999990000996;40802810999900000001;DEMO-ACQ-001;990000000001;0;ИП ДЕМОНОВ АЛЕКСЕЙ ТЕСТОВИЧ;044500999;30101810999990000999;30232810999900000001;9900000030;АО ДЕМО ЭКВАЙРИНГ;044500996;;АО ДЕМО ЭКВАЙРИНГ;;;;
40802810999900000001;Дебет;Исходящие платежи;Транзакция;23.09.2025;23.09.2025;100462;01;643;65907,21;643;Оплата поставщику за партию сырья 2025-09-3;Оплата материалов и производства по счету SUP-202509-3. В том числе НДС 20%.;40802810999900000001;990000000001;0;ИП ДЕМОНОВ АЛЕКСЕЙ ТЕСТОВИЧ;044500999;30101810999990000999;40702810999920000002;DEMO-SUPPLY-001;9902000001;990201001;ООО ДЕМО СЫРЬЁ;044500911;30101810999990000912;40702810999920000002;9902000001;ООО ДЕМО СЫРЬЁ;044500911;;АО ДЕМО БАНК;;;;
40802810999900000001;Дебет;Исходящие платежи;Транзакция;23.09.2025;23.09.2025;100472;01;643;8197;643;Прочие операционные услуги;Разовые операционные услуги MISC-202509.;40802810999900000001;990000000001;0;ИП ДЕМОНОВ АЛЕКСЕЙ ТЕСТОВИЧ;044500999;30101810999990000999;40702810999950000001;MISC-DEMO-001;9905000001;990501001;ООО ПРОЧИЕ УСЛУГИ ДЕМО;044500941;30101810999990000941;40702810999950000001;9905000001;ООО ПРОЧИЕ УСЛУГИ ДЕМО;044500941;;АО ДЕМО БАНК;;;;
40802810999900000001;Кредит;Входящие платежи;Транзакция;25.09.2025;25.09.2025;100449;01;643;82596,14;643;Оплата от покупателя по счету DEMO-202509-004;Оплата товаров по счету DEMO-202509-004. НДС не облагается.;40702810999910000002;9901000003;990101002;ООО БЕТА-ТЕСТ;044500902;30101810999990000902;40802810999900000001;Договор DEMO-0002;990000000001;0;ИП ДЕМОНОВ АЛЕКСЕЙ ТЕСТОВИЧ;044500999;30101810999990000999;40702810999910000002;9901000003;ООО БЕТА-ТЕСТ;044500902;;АО ДЕМО БАНК;;;;
40802810999900000001;Дебет;Платежи в налоговую;Транзакция;25.09.2025;25.09.2025;100476;01;643;57437,71;643;ЕНП. Налог по УСН;Единый налоговый платеж. УСН 6%. Период 09.2025.;40802810999900000001;990000000001;0;ИП ДЕМОНОВ АЛЕКСЕЙ ТЕСТОВИЧ;044500999;30101810999990000999;03100643999900000001;;9900000010;990001001;КАЗНАЧЕЙСТВО ДЕМО (ФНС ДЕМО);017000999;40102810999990000999;03100643999900000001;9900000010;КАЗНАЧЕЙСТВО ДЕМО (ФНС ДЕМО);017000999;;КАЗНАЧЕЙСТВО ДЕМО;18210501011011000110;ТП;МС.09.2025;0
40802810999900000001;Кредит;Входящие платежи;Транзакция;26.09.2025;26.09.2025;100453;17;643;52727,14;643;Зачисление выручки ИНТЕРНЕТ-ЭКВАЙРИНГ по реестру 202509001;Перевод средств по реестру операций 202509001. Канал: ИНТЕРНЕТ-ЭКВАЙРИНГ. НДС не облагается.;30232810999900000001;9900000030;990001003;АО ДЕМО ЭКВАЙРИНГ;044500996;30101810999990000996;40802810999900000001;DEMO-ACQ-001;990000000001;0;ИП ДЕМОНОВ АЛЕКСЕЙ ТЕСТОВИЧ;044500999;30101810999990000999;30232810999900000001;9900000030;АО ДЕМО ЭКВАЙРИНГ;044500996;;АО ДЕМО ЭКВАЙРИНГ;;;;
40802810999900000001;Дебет;Платежи в налоговую;Транзакция;26.09.2025;26.09.2025;100477;01;643;28040;643;Страховые взносы за работников;Страховые взносы за квартал, окончание 09.2025.;40802810999900000001;990000000001;0;ИП ДЕМОНОВ АЛЕКСЕЙ ТЕСТОВИЧ;044500999;30101810999990000999;03100643999900000001;;9900000010;990001001;КАЗНАЧЕЙСТВО ДЕМО (ФНС ДЕМО);017000999;40102810999990000999;03100643999900000001;9900000010;КАЗНАЧЕЙСТВО ДЕМО (ФНС ДЕМО);017000999;;КАЗНАЧЕЙСТВО ДЕМО;18210202010061010160;ТП;КВ.03.2025;0
40802810999900000001;Дебет;Услуги банка;Транзакция;27.09.2025;27.09.2025;100475;17;643;8078,83;643;Комиссия за интернет-эквайринг и СБП;Комиссия за обработку платежей по реестрам 09.2025.;40802810999900000001;990000000001;0;ИП ДЕМОНОВ АЛЕКСЕЙ ТЕСТОВИЧ;044500999;30101810999990000999;30232810999900000001;DEMO-ACQ-001;9900000030;990001003;АО ДЕМО ЭКВАЙРИНГ;044500996;30101810999990000996;30232810999900000001;9900000030;АО ДЕМО ЭКВАЙРИНГ;044500996;;АО ДЕМО ЭКВАЙРИНГ;;;;
40802810999900000001;Кредит;Входящие платежи;Транзакция;28.09.2025;28.09.2025;100478;17;643;562,28;643;Проценты на остаток и бизнес-кэшбэк;Начисление процентов и кэшбэка за 09.2025.;47423810999900000001;9900000002;990001001;АО ДЕМО БАНК;044500999;30101810999990000999;40802810999900000001;DEMO-BANK-001;990000000001;0;ИП ДЕМОНОВ АЛЕКСЕЙ ТЕСТОВИЧ;044500999;30101810999990000999;47423810999900000001;9900000002;АО ДЕМО БАНК;044500999;;АО ДЕМО БАНК;;;;
40802810999900000001;Кредит;Входящие платежи;Транзакция;02.10.2025;02.10.2025;100486;17;643;39160,38;643;Зачисление выручки ИНТЕРНЕТ-ЭКВАЙРИНГ по реестру 202510001;Перевод средств по реестру операций 202510001. Канал: ИНТЕРНЕТ-ЭКВАЙРИНГ. НДС не облагается.;30232810999900000001;9900000030;990001003;АО ДЕМО ЭКВАЙРИНГ;044500996;30101810999990000996;40802810999900000001;DEMO-ACQ-001;990000000001;0;ИП ДЕМОНОВ АЛЕКСЕЙ ТЕСТОВИЧ;044500999;30101810999990000999;30232810999900000001;9900000030;АО ДЕМО ЭКВАЙРИНГ;044500996;;АО ДЕМО ЭКВАЙРИНГ;;;;
40802810999900000001;Дебет;Исходящие платежи;Транзакция;02.10.2025;02.10.2025;100504;01;643;93000;643;Аренда помещения за 10.2025;Арендная плата по договору RENT-DEMO-001 за 10.2025.;40802810999900000001;990000000001;0;ИП ДЕМОНОВ АЛЕКСЕЙ ТЕСТОВИЧ;044500999;30101810999990000999;40702810999930000003;RENT-DEMO-001;9903000003;990301003;ООО БИЗНЕС-ЦЕНТР ДЕМО;044500923;30101810999990000923;40702810999930000003;9903000003;ООО БИЗНЕС-ЦЕНТР ДЕМО;044500923;;АО ДЕМО БАНК;;;;
40802810999900000001;Кредит;Входящие платежи;Транзакция;07.10.2025;07.10.2025;100482;01;643;96284,39;643;Оплата от покупателя по счету DEMO-202510-002;Оплата товаров по счету DEMO-202510-002. НДС не облагается.;40702810999910000001;9901000001;990101001;ООО АЛЬФА-ДЕМО;044500901;30101810999990000901;40802810999900000001;Договор DEMO-0001;990000000001;0;ИП ДЕМОНОВ АЛЕКСЕЙ ТЕСТОВИЧ;044500999;30101810999990000999;40702810999910000001;9901000001;ООО АЛЬФА-ДЕМО;044500901;;АО ДЕМО БАНК;;;;
40802810999900000001;Дебет;Исходящие платежи;Транзакция;07.10.2025;07.10.2025;100506;01;643;11144;643;Подписка на программное обеспечение;Лицензии и облачные сервисы за 10.2025.;40802810999900000001;990000000001;0;ИП ДЕМОНОВ АЛЕКСЕЙ ТЕСТОВИЧ;044500999;30101810999990000999;40702810999930000005;SOFT-DEMO-001;9903000005;990301005;ООО СОФТ ДЕМО;044500925;30101810999990000925;40702810999930000005;9903000005;ООО СОФТ ДЕМО;044500925;;АО ДЕМО БАНК;;;;
40802810999900000001;Дебет;Исходящие платежи;Транзакция;08.10.2025;08.10.2025;100500;01;643;38499,73;643;Маркетинг и реклама за 10.2025;"Рекламная кампания MEDIA-202510; продвижение и аналитика.";40802810999900000001;990000000001;0;ИП ДЕМОНОВ АЛЕКСЕЙ ТЕСТОВИЧ;044500999;30101810999990000999;40702810999930000002;DEMO-MEDIA-001;9903000002;990301002;ООО МЕДИА ТЕСТ;044500922;30101810999990000922;40702810999930000002;9903000002;ООО МЕДИА ТЕСТ;044500922;;АО ДЕМО БАНК;;;;
40802810999900000001;Кредит;Входящие платежи;Транзакция;09.10.2025;09.10.2025;100487;17;643;72630,22;643;Зачисление выручки ИНТЕРНЕТ-ЭКВАЙРИНГ по реестру 202510002;Перевод средств по реестру операций 202510002. Канал: ИНТЕРНЕТ-ЭКВАЙРИНГ. НДС не облагается.;30232810999900000001;9900000030;990001003;АО ДЕМО ЭКВАЙРИНГ;044500996;30101810999990000996;40802810999900000001;DEMO-ACQ-001;990000000001;0;ИП ДЕМОНОВ АЛЕКСЕЙ ТЕСТОВИЧ;044500999;30101810999990000999;30232810999900000001;9900000030;АО ДЕМО ЭКВАЙРИНГ;044500996;;АО ДЕМО ЭКВАЙРИНГ;;;;
40802810999900000001;Кредит;Входящие платежи;Транзакция;10.10.2025;10.10.2025;100483;01;643;82942,22;643;Оплата от покупателя по счету DEMO-202510-003;Оплата товаров по счету DEMO-202510-003. НДС не облагается.;40702810999910000002;9901000003;990101002;ООО БЕТА-ТЕСТ;044500902;30101810999990000902;40802810999900000001;Договор DEMO-0002;990000000001;0;ИП ДЕМОНОВ АЛЕКСЕЙ ТЕСТОВИЧ;044500999;30101810999990000999;40702810999910000002;9901000003;ООО БЕТА-ТЕСТ;044500902;;АО ДЕМО БАНК;;;;
40802810999900000001;Дебет;Оплата картой;Транзакция;11.10.2025;11.10.2025;;17;643;949,55;643;Оплата корпоративной подписки DEMO CLOUD;Оплата по корпоративной карте: облачное программное обеспечение.;40802810999900000001;990000000001;0;ИП ДЕМОНОВ АЛЕКСЕЙ ТЕСТОВИЧ;044500999;30101810999990000999;40702810999930000005;;9903000005;990301005;ООО СОФТ ДЕМО;044500925;30101810999990000925;40702810999930000005;9903000005;ООО СОФТ ДЕМО;044500925;5734;АО ДЕМО БАНК;;;;
40802810999900000001;Дебет;Исходящие платежи;Транзакция;11.10.2025;11.10.2025;100495;01;643;153779,89;643;Оплата поставщику за партию сырья 2025-10-1;Оплата материалов и производства по счету SUP-202510-1. В том числе НДС 20%.;40802810999900000001;990000000001;0;ИП ДЕМОНОВ АЛЕКСЕЙ ТЕСТОВИЧ;044500999;30101810999990000999;40702810999920000002;DEMO-SUPPLY-001;9902000001;990201001;ООО ДЕМО СЫРЬЁ;044500911;30101810999990000912;40702810999920000002;9902000001;ООО ДЕМО СЫРЬЁ;044500911;;АО ДЕМО БАНК;;;;
40802810999900000001;Дебет;Исходящие платежи;Транзакция;11.10.2025;11.10.2025;100498;01;643;28002;643;Разработка продукта и тестовые образцы за 10.2025;Изготовление прототипов и тестовой партии по этапу DEV-202510.;40802810999900000001;990000000001;0;ИП ДЕМОНОВ АЛЕКСЕЙ ТЕСТОВИЧ;044500999;30101810999990000999;40702810999920000003;DEMO-RND-001;9902000003;990201003;ООО МАКЕТ-ЛАБ;044500913;30101810999990000913;40702810999920000003;9902000003;ООО МАКЕТ-ЛАБ;044500913;;АО ДЕМО БАНК;;;;
40802810999900000001;Дебет;Кредитование;Транзакция;12.10.2025;12.10.2025;100514;35;643;65000;643;Погашение основной суммы кредита;Погашение основного долга по договору LOAN-DEMO-001 за 10.2025.;40802810999900000001;990000000001;0;ИП ДЕМОНОВ АЛЕКСЕЙ ТЕСТОВИЧ;044500999;30101810999990000999;45207810999900000001;LOAN-DEMO-001;9900000020;990001002;АО ДЕМО КРЕДИТ;044500997;30101810999990000997;45207810999900000001;9900000020;АО ДЕМО КРЕДИТ;044500997;;АО ДЕМО КРЕДИТ;;;;
40802810999900000001;Дебет;Кредитование;Транзакция;12.10.2025;12.10.2025;100515;35;643;10480;643;Проценты по кредиту;Уплата процентов по договору LOAN-DEMO-001 за 10.2025.;40802810999900000001;990000000001;0;ИП ДЕМОНОВ АЛЕКСЕЙ ТЕСТОВИЧ;044500999;30101810999990000999;45207810999900000001;LOAN-DEMO-001;9900000020;990001002;АО ДЕМО КРЕДИТ;044500997;30101810999990000997;45207810999900000001;9900000020;АО ДЕМО КРЕДИТ;044500997;;АО ДЕМО КРЕДИТ;;;;
40802810999900000001;Кредит;Входящие платежи;Транзакция;13.10.2025;11.10.2025;100491;17;643;55893,77;643;Зачисление выручки СБП по реестру 202510006;Перевод средств по реестру операций 202510006. Канал: СБП. НДС не облагается.;30232810999900000001;9900000030;990001003;АО ДЕМО ЭКВАЙРИНГ;044500996;30101810999990000996;40802810999900000001;DEMO-ACQ-001;990000000001;0;ИП ДЕМОНОВ АЛЕКСЕЙ ТЕСТОВИЧ;044500999;30101810999990000999;30232810999900000001;9900000030;АО ДЕМО ЭКВАЙРИНГ;044500996;;АО ДЕМО ЭКВАЙРИНГ;;;;
40802810999900000001;Дебет;Исходящие платежи;Транзакция;14.10.2025;14.10.2025;100499;01;643;16711;643;Логистика и доставка заказов за 10.2025;Транспортные услуги по реестру LOG-202510.;40802810999900000001;990000000001;0;ИП ДЕМОНОВ АЛЕКСЕЙ ТЕСТОВИЧ;044500999;30101810999990000999;40702810999930000001;DEMO-LOG-001;9903000001;990301001;ООО ДЕМО ЛОГИСТИКА;044500921;30101810999990000921;40702810999930000001;9903000001;ООО ДЕМО ЛОГИСТИКА;044500921;;АО ДЕМО БАНК;;;;
40802810999900000001;Кредит;Входящие платежи;Транзакция;15.10.2025;15.10.2025;100489;17;643;46085,58;643;Зачисление выручки ИНТЕРНЕТ-ЭКВАЙРИНГ по реестру 202510004;Перевод средств по реестру операций 202510004. Канал: ИНТЕРНЕТ-ЭКВАЙРИНГ. НДС не облагается.;30232810999900000001;9900000030;990001003;АО ДЕМО ЭКВАЙРИНГ;044500996;30101810999990000996;40802810999900000001;DEMO-ACQ-001;990000000001;0;ИП ДЕМОНОВ АЛЕКСЕЙ ТЕСТОВИЧ;044500999;30101810999990000999;30232810999900000001;9900000030;АО ДЕМО ЭКВАЙРИНГ;044500996;;АО ДЕМО ЭКВАЙРИНГ;;;;
40802810999900000001;Кредит;Входящие платежи;Транзакция;15.10.2025;15.10.2025;100492;17;643;63615,43;643;Зачисление выручки ИНТЕРНЕТ-ЭКВАЙРИНГ по реестру 202510007;Перевод средств по реестру операций 202510007. Канал: ИНТЕРНЕТ-ЭКВАЙРИНГ. НДС не облагается.;30232810999900000001;9900000030;990001003;АО ДЕМО ЭКВАЙРИНГ;044500996;30101810999990000996;40802810999900000001;DEMO-ACQ-001;990000000001;0;ИП ДЕМОНОВ АЛЕКСЕЙ ТЕСТОВИЧ;044500999;30101810999990000999;30232810999900000001;9900000030;АО ДЕМО ЭКВАЙРИНГ;044500996;;АО ДЕМО ЭКВАЙРИНГ;;;;
40802810999900000001;Кредит;Входящие платежи;Транзакция;16.10.2025;16.10.2025;100488;17;643;60749,92;643;Зачисление выручки СБП по реестру 202510003;Перевод средств по реестру операций 202510003. Канал: СБП. НДС не облагается.;30232810999900000001;9900000030;990001003;АО ДЕМО ЭКВАЙРИНГ;044500996;30101810999990000996;40802810999900000001;DEMO-ACQ-001;990000000001;0;ИП ДЕМОНОВ АЛЕКСЕЙ ТЕСТОВИЧ;044500999;30101810999990000999;30232810999900000001;9900000030;АО ДЕМО ЭКВАЙРИНГ;044500996;;АО ДЕМО ЭКВАЙРИНГ;;;;
40802810999900000001;Кредит;Входящие платежи;Транзакция;16.10.2025;16.10.2025;100490;17;643;57085,79;643;Зачисление выручки ИНТЕРНЕТ-ЭКВАЙРИНГ по реестру 202510005;Перевод средств по реестру операций 202510005. Канал: ИНТЕРНЕТ-ЭКВАЙРИНГ. НДС не облагается.;30232810999900000001;9900000030;990001003;АО ДЕМО ЭКВАЙРИНГ;044500996;30101810999990000996;40802810999900000001;DEMO-ACQ-001;990000000001;0;ИП ДЕМОНОВ АЛЕКСЕЙ ТЕСТОВИЧ;044500999;30101810999990000999;30232810999900000001;9900000030;АО ДЕМО ЭКВАЙРИНГ;044500996;;АО ДЕМО ЭКВАЙРИНГ;;;;
40802810999900000001;Кредит;Входящие платежи;Транзакция;16.10.2025;16.10.2025;100493;17;643;44232,28;643;Зачисление выручки ИНТЕРНЕТ-ЭКВАЙРИНГ по реестру 202510008;Перевод средств по реестру операций 202510008. Канал: ИНТЕРНЕТ-ЭКВАЙРИНГ. НДС не облагается.;30232810999900000001;9900000030;990001003;АО ДЕМО ЭКВАЙРИНГ;044500996;30101810999990000996;40802810999900000001;DEMO-ACQ-001;990000000001;0;ИП ДЕМОНОВ АЛЕКСЕЙ ТЕСТОВИЧ;044500999;30101810999990000999;30232810999900000001;9900000030;АО ДЕМО ЭКВАЙРИНГ;044500996;;АО ДЕМО ЭКВАЙРИНГ;;;;
40802810999900000001;Дебет;Исходящие платежи;Транзакция;16.10.2025;16.10.2025;100505;01;643;15587;643;Коммунальные расходы за 10.2025;Электроэнергия, связь и коммунальные услуги за 10.2025.;40802810999900000001;990000000001;0;ИП ДЕМОНОВ АЛЕКСЕЙ ТЕСТОВИЧ;044500999;30101810999990000999;40702810999930000005;UTIL-DEMO-001;9903000004;990301004;ООО ОБЛАКО ДЕМО;044500924;30101810999990000925;40702810999930000005;9903000004;ООО ОБЛАКО ДЕМО;044500924;;АО ДЕМО БАНК;;;;
40802810999900000001;Дебет;Оплата картой;Транзакция;17.10.2025;17.10.2025;;17;643;5415,98;643;Канцелярские и хозяйственные товары;Оплата по корпоративной карте: офисные и хозяйственные расходы.;40802810999900000001;990000000001;0;ИП ДЕМОНОВ АЛЕКСЕЙ ТЕСТОВИЧ;044500999;30101810999990000999;40702810999930000006;;9903000006;990301006;ООО ОФИС ДЕМО;044500926;30101810999990000926;40702810999930000006;9903000006;ООО ОФИС ДЕМО;044500926;5943;АО ДЕМО БАНК;;;;
40802810999900000001;Дебет;Исходящие платежи;Транзакция;17.10.2025;17.10.2025;100496;01;643;107973,12;643;Оплата поставщику за партию сырья 2025-10-2;Оплата материалов и производства по счету SUP-202510-2. В том числе НДС 20%.;40802810999900000001;990000000001;0;ИП ДЕМОНОВ АЛЕКСЕЙ ТЕСТОВИЧ;044500999;30101810999990000999;40702810999920000002;DEMO-SUPPLY-001;9902000002;990201002;ООО ТЕСТ ПРОИЗВОДСТВО;044500912;30101810999990000912;40702810999920000002;9902000002;ООО ТЕСТ ПРОИЗВОДСТВО;044500912;;АО ДЕМО БАНК;;;;
40802810999900000001;Дебет;Исходящие платежи;Транзакция;19.10.2025;19.10.2025;100501;01;643;66283;643;Вознаграждение подрядчику за 10.2025;Оплата услуг подрядчика по акту HR-202510-1. НДС не облагается.;40802810999900000001;990000000001;0;ИП ДЕМОНОВ АЛЕКСЕЙ ТЕСТОВИЧ;044500999;30101810999990000999;40817810999940000001;DEMO-HR-001;990400000001;0;САМОЗАНЯТЫЙ ДЕМО СПЕЦИАЛИСТ 01;044500931;30101810999990000931;40817810999940000001;990400000001;САМОЗАНЯТЫЙ ДЕМО СПЕЦИАЛИСТ 01;044500931;;АО ДЕМО БАНК;;;;
40802810999900000001;Кредит;Входящие платежи;Транзакция;20.10.2025;;100494;17;643;28577,65;643;Зачисление выручки СБП по реестру 202510009;Перевод средств по реестру операций 202510009. Канал: СБП. НДС не облагается.;30232810999900000001;9900000030;990001003;АО ДЕМО ЭКВАЙРИНГ;044500996;30101810999990000996;40802810999900000001;DEMO-ACQ-001;990000000001;0;ИП ДЕМОНОВ АЛЕКСЕЙ ТЕСТОВИЧ;044500999;30101810999990000999;30232810999900000001;9900000030;АО ДЕМО ЭКВАЙРИНГ;044500996;;АО ДЕМО ЭКВАЙРИНГ;;;;
40802810999900000001;Кредит;Входящие платежи;Транзакция;20.10.2025;20.10.2025;100481;01;643;84464,46;643;Оплата от покупателя по счету DEMO-202510-001;Оплата товаров по счету DEMO-202510-001. НДС не облагается.;40702810999910000004;9901000004;990101004;ООО ДЕЛЬТА-ШОП;044500904;30101810999990000904;40802810999900000001;Договор DEMO-0004;990000000001;0;ИП ДЕМОНОВ АЛЕКСЕЙ ТЕСТОВИЧ;044500999;30101810999990000999;40702810999910000004;9901000004;ООО ДЕЛЬТА-ШОП;044500904;;АО ДЕМО БАНК;;;;
40802810999900000001;Дебет;Исходящие платежи;Транзакция;20.10.2025;20.10.2025;100502;01;643;53346;643;Вознаграждение подрядчику за 10.2025;Оплата услуг подрядчика по акту HR-202510-2. НДС не облагается.;40802810999900000001;990000000001;0;ИП ДЕМОНОВ АЛЕКСЕЙ ТЕСТОВИЧ;044500999;30101810999990000999;40817810999940000002;DEMO-HR-002;990400000002;0;САМОЗАНЯТЫЙ ДЕМО СПЕЦИАЛИСТ 02;044500932;30101810999990000932;40817810999940000002;990400000002;САМОЗАНЯТЫЙ ДЕМО СПЕЦИАЛИСТ 02;044500932;;АО ДЕМО БАНК;;;;
40802810999900000001;Дебет;Услуги банка;Транзакция;20.10.2025;20.10.2025;100507;17;643;490;643;Плата за обслуживание счета;Плата за обслуживание расчетного счета за 10.2025. Договор DEMO-BANK-001.;40802810999900000001;990000000001;0;ИП ДЕМОНОВ АЛЕКСЕЙ ТЕСТОВИЧ;044500999;30101810999990000999;47423810999900000001;DEMO-BANK-001;9900000002;990001001;АО ДЕМО БАНК;044500999;30101810999990000999;47423810999900000001;9900000002;АО ДЕМО БАНК;044500999;;АО ДЕМО БАНК;;;;
40802810999900000001;Дебет;Услуги банка;Транзакция;20.10.2025;20.10.2025;100508;17;643;199;643;Плата за услугу оповещения об операциях;Плата за уведомления и SMS-банк за 10.2025.;40802810999900000001;990000000001;0;ИП ДЕМОНОВ АЛЕКСЕЙ ТЕСТОВИЧ;044500999;30101810999990000999;47423810999900000001;DEMO-BANK-001;9900000002;990001001;АО ДЕМО БАНК;044500999;30101810999990000999;47423810999900000001;9900000002;АО ДЕМО БАНК;044500999;;АО ДЕМО БАНК;;;;
40802810999900000001;Дебет;Исходящие платежи;Транзакция;21.10.2025;21.10.2025;100503;01;643;61653;643;Вознаграждение подрядчику за 10.2025;Оплата услуг подрядчика по акту HR-202510-3. НДС не облагается.;40802810999900000001;990000000001;0;ИП ДЕМОНОВ АЛЕКСЕЙ ТЕСТОВИЧ;044500999;30101810999990000999;40802810999940000003;DEMO-HR-003;990400000003;0;ИП ТЕСТОВА МАРИЯ ДЕМО;044500933;30101810999990000933;40802810999940000003;990400000003;ИП ТЕСТОВА МАРИЯ ДЕМО;044500933;;АО ДЕМО БАНК;;;;
40802810999900000001;Дебет;Возвраты контрагентам;Транзакция;21.10.2025;21.10.2025;100512;17;643;13899,22;643;Возврат денежных средств покупателю;Возврат покупателю по реестру REFUND-202510.;40802810999900000001;990000000001;0;ИП ДЕМОНОВ АЛЕКСЕЙ ТЕСТОВИЧ;044500999;30101810999990000999;30232810999900000001;DEMO-ACQ-001;9900000030;990001003;АО ДЕМО ЭКВАЙРИНГ;044500996;30101810999990000996;30232810999900000001;9900000030;АО ДЕМО ЭКВАЙРИНГ;044500996;;АО ДЕМО ЭКВАЙРИНГ;;;;
40802810999900000001;Кредит;Входящие платежи;Транзакция;22.10.2025;22.10.2025;100484;01;643;134266,68;643;Оплата от покупателя по счету DEMO-202510-004;Оплата товаров по счету DEMO-202510-004. НДС не облагается.;40702810999910000004;9901000003;990101003;ООО ГАММА-МАРКЕТ;044500903;30101810999990000903;40802810999900000001;Договор DEMO-0003;990000000001;0;ИП ДЕМОНОВ АЛЕКСЕЙ ТЕСТОВИЧ;044500999;30101810999990000999;40702810999910000004;9901000003;ООО ГАММА-МАРКЕТ;044500903;;АО ДЕМО БАНК;;;;
40802810999900000001;Дебет;Исходящие платежи;Транзакция;23.10.2025;23.10.2025;100497;01;643;65438,25;643;Оплата поставщику за партию сырья 2025-10-3;Оплата материалов и производства по счету SUP-202510-3. В том числе НДС 20%.;40802810999900000001;990000000001;0;ИП ДЕМОНОВ АЛЕКСЕЙ ТЕСТОВИЧ;044500999;30101810999990000999;40702810999920000002;DEMO-SUPPLY-001;9902000001;990201001;ООО ДЕМО СЫРЬЁ;044500911;30101810999990000912;40702810999920000002;9902000001;ООО ДЕМО СЫРЬЁ;044500911;;АО ДЕМО БАНК;;;;
40802810999900000001;Дебет;Платежи в налоговую;Транзакция;25.10.2025;25.10.2025;100510;01;643;58866,01;643;ЕНП. Налог по УСН;Единый налоговый платеж. УСН 6%. Период 10.2025.;40802810999900000001;990000000001;0;ИП ДЕМОНОВ АЛЕКСЕЙ ТЕСТОВИЧ;044500999;30101810999990000999;03100643999900000001;;9900000010;990001001;КАЗНАЧЕЙСТВО ДЕМО (ФНС ДЕМО);017000999;40102810999990000999;03100643999900000001;9900000010;КАЗНАЧЕЙСТВО ДЕМО (ФНС ДЕМО);017000999;;КАЗНАЧЕЙСТВО ДЕМО;18210501011011000110;ТП;МС.10.2025;0
40802810999900000001;Кредит;Входящие платежи;Транзакция;27.10.2025;25.10.2025;100485;01;643;115111,46;643;Оплата от покупателя по счету DEMO-202510-005;Оплата товаров по счету DEMO-202510-005. НДС не облагается.;40702810999910000004;9901000004;990101004;ООО ДЕЛЬТА-ШОП;044500904;30101810999990000904;40802810999900000001;Договор DEMO-0004;990000000001;0;ИП ДЕМОНОВ АЛЕКСЕЙ ТЕСТОВИЧ;044500999;30101810999990000999;40702810999910000004;9901000004;ООО ДЕЛЬТА-ШОП;044500904;;АО ДЕМО БАНК;;;;
40802810999900000001;Дебет;Услуги банка;Транзакция;27.10.2025;27.10.2025;100509;17;643;9284,76;643;Комиссия за интернет-эквайринг и СБП;Комиссия за обработку платежей по реестрам 10.2025.;40802810999900000001;990000000001;0;ИП ДЕМОНОВ АЛЕКСЕЙ ТЕСТОВИЧ;044500999;30101810999990000999;30232810999900000001;DEMO-ACQ-001;9900000030;990001003;АО ДЕМО ЭКВАЙРИНГ;044500996;30101810999990000996;30232810999900000001;9900000030;АО ДЕМО ЭКВАЙРИНГ;044500996;;АО ДЕМО ЭКВАЙРИНГ;;;;
40802810999900000001;Кредит;Входящие платежи;Транзакция;28.10.2025;28.10.2025;100511;17;643;515,76;643;Проценты на остаток и бизнес-кэшбэк;Начисление процентов и кэшбэка за 10.2025.;47423810999900000001;9900000002;990001001;АО ДЕМО БАНК;044500999;30101810999990000999;40802810999900000001;DEMO-BANK-001;990000000001;0;ИП ДЕМОНОВ АЛЕКСЕЙ ТЕСТОВИЧ;044500999;30101810999990000999;47423810999900000001;9900000002;АО ДЕМО БАНК;044500999;;АО ДЕМО БАНК;;;;
40802810999900000001;Дебет;Исходящие платежи;Транзакция;29.10.2025;29.10.2025;100513;01;643;67393;643;Изъятие собственника;Перевод собственных средств предпринимателю. НДС не облагается.;40802810999900000001;990000000001;0;ИП ДЕМОНОВ АЛЕКСЕЙ ТЕСТОВИЧ;044500999;30101810999990000999;40817810999900000002;OWNER-DEMO;990000000001;0;ДЕМОНОВ АЛЕКСЕЙ ТЕСТОВИЧ;044500998;30101810999990000998;40817810999900000002;990000000001;ДЕМОНОВ АЛЕКСЕЙ ТЕСТОВИЧ;044500998;;АО ДЕМО БАНК;;;;
40802810999900000001;Дебет;Исходящие платежи;Транзакция;02.11.2025;02.11.2025;100540;01;643;93000;643;Аренда помещения за 11.2025;Арендная плата по договору RENT-DEMO-001 за 11.2025.;40802810999900000001;990000000001;0;ИП ДЕМОНОВ АЛЕКСЕЙ ТЕСТОВИЧ;044500999;30101810999990000999;40702810999930000003;RENT-DEMO-001;9903000003;990301003;ООО БИЗНЕС-ЦЕНТР ДЕМО;044500923;30101810999990000923;40702810999930000003;9903000003;ООО БИЗНЕС-ЦЕНТР ДЕМО;044500923;;АО ДЕМО БАНК;;;;
40802810999900000001;Кредит;Входящие платежи;Транзакция;04.11.2025;04.11.2025;100527;17;643;51700,12;643;Зачисление выручки ИНТЕРНЕТ-ЭКВАЙРИНГ по реестру 202511007;Перевод средств по реестру операций 202511007. Канал: ИНТЕРНЕТ-ЭКВАЙРИНГ. НДС не облагается.;30232810999900000001;9900000030;990001003;АО ДЕМО ЭКВАЙРИНГ;044500996;30101810999990000996;40802810999900000001;DEMO-ACQ-001;990000000001;0;ИП ДЕМОНОВ АЛЕКСЕЙ ТЕСТОВИЧ;044500999;30101810999990000999;30232810999900000001;9900000030;АО ДЕМО ЭКВАЙРИНГ;044500996;;АО ДЕМО ЭКВАЙРИНГ;;;;
40802810999900000001;Кредит;Входящие платежи;Транзакция;06.11.2025;06.11.2025;100518;01;643;135871,06;643;Оплата от покупателя по счету DEMO-202511-003;Оплата товаров по счету DEMO-202511-003. НДС не облагается.;40702810999910000004;9901000003;990101003;ООО ГАММА-МАРКЕТ;044500903;30101810999990000903;40802810999900000001;Договор DEMO-0003;990000000001;0;ИП ДЕМОНОВ АЛЕКСЕЙ ТЕСТОВИЧ;044500999;30101810999990000999;40702810999910000004;9901000003;ООО ГАММА-МАРКЕТ;044500903;;АО ДЕМО БАНК;;;;
40802810999900000001;Дебет;Исходящие платежи;Транзакция;07.11.2025;07.11.2025;100542;01;643;8780;643;Подписка на программное обеспечение;Лицензии и облачные сервисы за 11.2025.;40802810999900000001;990000000001;0;ИП ДЕМОНОВ АЛЕКСЕЙ ТЕСТОВИЧ;044500999;30101810999990000999;40702810999930000005;SOFT-DEMO-001;9903000005;990301005;ООО СОФТ ДЕМО;044500925;30101810999990000925;40702810999930000005;9903000005;ООО СОФТ ДЕМО;044500925;;АО ДЕМО БАНК;;;;
40802810999900000001;Дебет;Исходящие платежи;Транзакция;08.11.2025;08.11.2025;100536;01;643;50064,78;643;Маркетинг и реклама за 11.2025;"Рекламная кампания MEDIA-202511; продвижение и аналитика.";40802810999900000001;990000000001;0;ИП ДЕМОНОВ АЛЕКСЕЙ ТЕСТОВИЧ;044500999;30101810999990000999;40702810999930000002;DEMO-MEDIA-001;9903000002;990301002;ООО МЕДИА ТЕСТ;044500922;30101810999990000922;40702810999930000002;9903000002;ООО МЕДИА ТЕСТ;044500922;;АО ДЕМО БАНК;;;;
40802810999900000001;Кредит;Входящие платежи;Транзакция;10.11.2025;08.11.2025;100519;01;643;107720,33;643;Оплата от покупателя по счету DEMO-202511-004;Оплата товаров по счету DEMO-202511-004. НДС не облагается.;40702810999910000004;9901000004;990101004;ООО ДЕЛЬТА-ШОП;044500904;30101810999990000904;40802810999900000001;Договор DEMO-0004;990000000001;0;ИП ДЕМОНОВ АЛЕКСЕЙ ТЕСТОВИЧ;044500999;30101810999990000999;40702810999910000004;9901000004;ООО ДЕЛЬТА-ШОП;044500904;;АО ДЕМО БАНК;;;;
40802810999900000001;Кредит;Входящие платежи;Транзакция;11.11.2025;11.11.2025;100522;17;643;48557,97;643;Зачисление выручки ИНТЕРНЕТ-ЭКВАЙРИНГ по реестру 202511002;Перевод средств по реестру операций 202511002. Канал: ИНТЕРНЕТ-ЭКВАЙРИНГ. НДС не облагается.;30232810999900000001;9900000030;990001003;АО ДЕМО ЭКВАЙРИНГ;044500996;30101810999990000996;40802810999900000001;DEMO-ACQ-001;990000000001;0;ИП ДЕМОНОВ АЛЕКСЕЙ ТЕСТОВИЧ;044500999;30101810999990000999;30232810999900000001;9900000030;АО ДЕМО ЭКВАЙРИНГ;044500996;;АО ДЕМО ЭКВАЙРИНГ;;;;
40802810999900000001;Кредит;Входящие платежи;Транзакция;11.11.2025;11.11.2025;100524;17;643;49171,38;643;Зачисление выручки ИНТЕРНЕТ-ЭКВАЙРИНГ по реестру 202511004;Перевод средств по реестру операций 202511004. Канал: ИНТЕРНЕТ-ЭКВАЙРИНГ. НДС не облагается.;30232810999900000001;9900000030;990001003;АО ДЕМО ЭКВАЙРИНГ;044500996;30101810999990000996;40802810999900000001;DEMO-ACQ-001;990000000001;0;ИП ДЕМОНОВ АЛЕКСЕЙ ТЕСТОВИЧ;044500999;30101810999990000999;30232810999900000001;9900000030;АО ДЕМО ЭКВАЙРИНГ;044500996;;АО ДЕМО ЭКВАЙРИНГ;;;;
40802810999900000001;Кредит;Входящие платежи;Транзакция;11.11.2025;11.11.2025;100526;17;643;68660,71;643;Зачисление выручки СБП по реестру 202511006;Перевод средств по реестру операций 202511006. Канал: СБП. НДС не облагается.;30232810999900000001;9900000030;990001003;АО ДЕМО ЭКВАЙРИНГ;044500996;30101810999990000996;40802810999900000001;DEMO-ACQ-001;990000000001;0;ИП ДЕМОНОВ АЛЕКСЕЙ ТЕСТОВИЧ;044500999;30101810999990000999;30232810999900000001;9900000030;АО ДЕМО ЭКВАЙРИНГ;044500996;;АО ДЕМО ЭКВАЙРИНГ;;;;
40802810999900000001;Дебет;Исходящие платежи;Транзакция;11.11.2025;11.11.2025;100530;01;643;190886,96;643;Оплата поставщику за партию сырья 2025-11-1;Оплата материалов и производства по счету SUP-202511-1. В том числе НДС 20%.;40802810999900000001;990000000001;0;ИП ДЕМОНОВ АЛЕКСЕЙ ТЕСТОВИЧ;044500999;30101810999990000999;40702810999920000002;DEMO-SUPPLY-001;9902000001;990201001;ООО ДЕМО СЫРЬЁ;044500911;30101810999990000912;40702810999920000002;9902000001;ООО ДЕМО СЫРЬЁ;044500911;;АО ДЕМО БАНК;;;;
40802810999900000001;Дебет;Исходящие платежи;Транзакция;11.11.2025;11.11.2025;100533;01;643;30175;643;Разработка продукта и тестовые образцы за 11.2025;Изготовление прототипов и тестовой партии по этапу DEV-202511.;40802810999900000001;990000000001;0;ИП ДЕМОНОВ АЛЕКСЕЙ ТЕСТОВИЧ;044500999;30101810999990000999;40702810999920000003;DEMO-RND-001;9902000003;990201003;ООО МАКЕТ-ЛАБ;044500913;30101810999990000913;40702810999920000003;9902000003;ООО МАКЕТ-ЛАБ;044500913;;АО ДЕМО БАНК;;;;
40802810999900000001;Кредит;Входящие платежи;Транзакция;12.11.2025;12.11.2025;100523;17;643;32585,97;643;Зачисление выручки СБП по реестру 202511003;Перевод средств по реестру операций 202511003. Канал: СБП. НДС не облагается.;30232810999900000001;9900000030;990001003;АО ДЕМО ЭКВАЙРИНГ;044500996;30101810999990000996;40802810999900000001;DEMO-ACQ-001;990000000001;0;ИП ДЕМОНОВ АЛЕКСЕЙ ТЕСТОВИЧ;044500999;30101810999990000999;30232810999900000001;9900000030;АО ДЕМО ЭКВАЙРИНГ;044500996;;АО ДЕМО ЭКВАЙРИНГ;;;;
40802810999900000001;Дебет;Кредитование;Транзакция;12.11.2025;12.11.2025;100549;35;643;65000;643;Погашение основной суммы кредита;Погашение основного долга по договору LOAN-DEMO-001 за 11.2025.;40802810999900000001;990000000001;0;ИП ДЕМОНОВ АЛЕКСЕЙ ТЕСТОВИЧ;044500999;30101810999990000999;45207810999900000001;LOAN-DEMO-001;9900000020;990001002;АО ДЕМО КРЕДИТ;044500997;30101810999990000997;45207810999900000001;9900000020;АО ДЕМО КРЕДИТ;044500997;;АО ДЕМО КРЕДИТ;;;;
40802810999900000001;Дебет;Кредитование;Транзакция;12.11.2025;12.11.2025;100550;35;643;10050;643;Проценты по кредиту;Уплата процентов по договору LOAN-DEMO-001 за 11.2025.;40802810999900000001;990000000001;0;ИП ДЕМОНОВ АЛЕКСЕЙ ТЕСТОВИЧ;044500999;30101810999990000999;45207810999900000001;LOAN-DEMO-001;9900000020;990001002;АО ДЕМО КРЕДИТ;044500997;30101810999990000997;45207810999900000001;9900000020;АО ДЕМО КРЕДИТ;044500997;;АО ДЕМО КРЕДИТ;;;;
40802810999900000001;Кредит;Входящие платежи;Транзакция;13.11.2025;13.11.2025;100517;01;643;123456,53;643;Оплата от покупателя по счету DEMO-202511-002;Оплата товаров по счету DEMO-202511-002. НДС не облагается.;40702810999910000002;9901000003;990101002;ООО БЕТА-ТЕСТ;044500902;30101810999990000902;40802810999900000001;Договор DEMO-0002;990000000001;0;ИП ДЕМОНОВ АЛЕКСЕЙ ТЕСТОВИЧ;044500999;30101810999990000999;40702810999910000002;9901000003;ООО БЕТА-ТЕСТ;044500902;;АО ДЕМО БАНК;;;;
40802810999900000001;Кредит;Входящие платежи;Транзакция;14.11.2025;14.11.2025;100516;01;643;206855,64;643;Оплата от покупателя по счету DEMO-202511-001;Оплата товаров по счету DEMO-202511-001. НДС не облагается.;40702810999910000001;9901000001;990101001;ООО АЛЬФА-ДЕМО;044500901;30101810999990000901;40802810999900000001;Договор DEMO-0001;990000000001;0;ИП ДЕМОНОВ АЛЕКСЕЙ ТЕСТОВИЧ;044500999;30101810999990000999;40702810999910000001;9901000001;ООО АЛЬФА-ДЕМО;044500901;;АО ДЕМО БАНК;;;;
40802810999900000001;Дебет;Исходящие платежи;Транзакция;14.11.2025;14.11.2025;100534;01;643;21442;643;Логистика и доставка заказов за 11.2025;Транспортные услуги по реестру LOG-202511.;40802810999900000001;990000000001;0;ИП ДЕМОНОВ АЛЕКСЕЙ ТЕСТОВИЧ;044500999;30101810999990000999;40702810999930000001;DEMO-LOG-001;9903000001;990301001;ООО ДЕМО ЛОГИСТИКА;044500921;30101810999990000921;40702810999930000001;9903000001;ООО ДЕМО ЛОГИСТИКА;044500921;;АО ДЕМО БАНК;;;;
40802810999900000001;Дебет;Исходящие платежи;Транзакция;16.11.2025;16.11.2025;100541;01;643;14210;643;Коммунальные расходы за 11.2025;Электроэнергия, связь и коммунальные услуги за 11.2025.;40802810999900000001;990000000001;0;ИП ДЕМОНОВ АЛЕКСЕЙ ТЕСТОВИЧ;044500999;30101810999990000999;40702810999930000005;UTIL-DEMO-001;9903000004;990301004;ООО ОБЛАКО ДЕМО;044500924;30101810999990000925;40702810999930000005;9903000004;ООО ОБЛАКО ДЕМО;044500924;;АО ДЕМО БАНК;;;;
40802810999900000001;Кредит;Входящие платежи;Транзакция;17.11.2025;15.11.2025;100525;17;643;80495,6;643;Зачисление выручки ИНТЕРНЕТ-ЭКВАЙРИНГ по реестру 202511005;Перевод средств по реестру операций 202511005. Канал: ИНТЕРНЕТ-ЭКВАЙРИНГ. НДС не облагается.;30232810999900000001;9900000030;990001003;АО ДЕМО ЭКВАЙРИНГ;044500996;30101810999990000996;40802810999900000001;DEMO-ACQ-001;990000000001;0;ИП ДЕМОНОВ АЛЕКСЕЙ ТЕСТОВИЧ;044500999;30101810999990000999;30232810999900000001;9900000030;АО ДЕМО ЭКВАЙРИНГ;044500996;;АО ДЕМО ЭКВАЙРИНГ;;;;
40802810999900000001;Кредит;Входящие платежи;Транзакция;17.11.2025;16.11.2025;100520;01;643;112957,23;643;Оплата от покупателя по счету DEMO-202511-005;Оплата товаров по счету DEMO-202511-005. НДС не облагается.;40702810999910000001;9901000001;990101001;ООО АЛЬФА-ДЕМО;044500901;30101810999990000901;40802810999900000001;Договор DEMO-0001;990000000001;0;ИП ДЕМОНОВ АЛЕКСЕЙ ТЕСТОВИЧ;044500999;30101810999990000999;40702810999910000001;9901000001;ООО АЛЬФА-ДЕМО;044500901;;АО ДЕМО БАНК;;;;
40802810999900000001;Кредит;Входящие платежи;Транзакция;17.11.2025;16.11.2025;100528;17;643;76830,17;643;Зачисление выручки ИНТЕРНЕТ-ЭКВАЙРИНГ по реестру 202511008;Перевод средств по реестру операций 202511008. Канал: ИНТЕРНЕТ-ЭКВАЙРИНГ. НДС не облагается.;30232810999900000001;9900000030;990001003;АО ДЕМО ЭКВАЙРИНГ;044500996;30101810999990000996;40802810999900000001;DEMO-ACQ-001;990000000001;0;ИП ДЕМОНОВ АЛЕКСЕЙ ТЕСТОВИЧ;044500999;30101810999990000999;30232810999900000001;9900000030;АО ДЕМО ЭКВАЙРИНГ;044500996;;АО ДЕМО ЭКВАЙРИНГ;;;;
40802810999900000001;Дебет;Исходящие платежи;Транзакция;17.11.2025;17.11.2025;100531;01;643;134027,02;643;Оплата поставщику за партию сырья 2025-11-2;Оплата материалов и производства по счету SUP-202511-2. В том числе НДС 20%.;40802810999900000001;990000000001;0;ИП ДЕМОНОВ АЛЕКСЕЙ ТЕСТОВИЧ;044500999;30101810999990000999;40702810999920000002;DEMO-SUPPLY-001;9902000002;990201002;ООО ТЕСТ ПРОИЗВОДСТВО;044500912;30101810999990000912;40702810999920000002;9902000002;ООО ТЕСТ ПРОИЗВОДСТВО;044500912;;АО ДЕМО БАНК;;;;
40802810999900000001;Дебет;Переводы между счетами;Транзакция;17.11.2025;17.11.2025;100548;01;643;81027;643;Внутренний перевод между собственными счетами;Перевод между собственными счетами. Не является доходом или расходом.;40802810999900000001;990000000001;0;ИП ДЕМОНОВ АЛЕКСЕЙ ТЕСТОВИЧ;044500999;30101810999990000999;40817810999900000002;INTERNAL-DEMO;990000000001;0;ДЕМОНОВ АЛЕКСЕЙ ТЕСТОВИЧ;044500998;30101810999990000998;40817810999900000002;990000000001;ДЕМОНОВ АЛЕКСЕЙ ТЕСТОВИЧ;044500998;;АО ДЕМО БАНК;;;;
40802810999900000001;Дебет;Исходящие платежи;Транзакция;19.11.2025;19.11.2025;100537;01;643;59174;643;Вознаграждение подрядчику за 11.2025;Оплата услуг подрядчика по акту HR-202511-1. НДС не облагается.;40802810999900000001;990000000001;0;ИП ДЕМОНОВ АЛЕКСЕЙ ТЕСТОВИЧ;044500999;30101810999990000999;40817810999940000001;DEMO-HR-001;990400000001;0;САМОЗАНЯТЫЙ ДЕМО СПЕЦИАЛИСТ 01;044500931;30101810999990000931;40817810999940000001;990400000001;САМОЗАНЯТЫЙ ДЕМО СПЕЦИАЛИСТ 01;044500931;;АО ДЕМО БАНК;;;;
40802810999900000001;Дебет;Исходящие платежи;Транзакция;20.11.2025;20.11.2025;100538;01;643;52618;643;Вознаграждение подрядчику за 11.2025;Оплата услуг подрядчика по акту HR-202511-2. НДС не облагается.;40802810999900000001;990000000001;0;ИП ДЕМОНОВ АЛЕКСЕЙ ТЕСТОВИЧ;044500999;30101810999990000999;40817810999940000002;DEMO-HR-002;990400000002;0;САМОЗАНЯТЫЙ ДЕМО СПЕЦИАЛИСТ 02;044500932;30101810999990000932;40817810999940000002;990400000002;САМОЗАНЯТЫЙ ДЕМО СПЕЦИАЛИСТ 02;044500932;;АО ДЕМО БАНК;;;;
40802810999900000001;Дебет;Услуги банка;Транзакция;20.11.2025;20.11.2025;100543;17;643;490;643;Плата за обслуживание счета;Плата за обслуживание расчетного счета за 11.2025. Договор DEMO-BANK-001.;40802810999900000001;990000000001;0;ИП ДЕМОНОВ АЛЕКСЕЙ ТЕСТОВИЧ;044500999;30101810999990000999;47423810999900000001;DEMO-BANK-001;9900000002;990001001;АО ДЕМО БАНК;044500999;30101810999990000999;47423810999900000001;9900000002;АО ДЕМО БАНК;044500999;;АО ДЕМО БАНК;;;;
40802810999900000001;Дебет;Услуги банка;Транзакция;20.11.2025;20.11.2025;100544;17;643;199;643;Плата за услугу оповещения об операциях;Плата за уведомления и SMS-банк за 11.2025.;40802810999900000001;990000000001;0;ИП ДЕМОНОВ АЛЕКСЕЙ ТЕСТОВИЧ;044500999;30101810999990000999;47423810999900000001;DEMO-BANK-001;9900000002;990001001;АО ДЕМО БАНК;044500999;30101810999990000999;47423810999900000001;9900000002;АО ДЕМО БАНК;044500999;;АО ДЕМО БАНК;;;;
40802810999900000001;Дебет;Оплата картой;Транзакция;21.11.2025;21.11.2025;;17;643;1577,34;643;Оплата корпоративной подписки DEMO CLOUD;Оплата по корпоративной карте: облачное программное обеспечение.;40802810999900000001;990000000001;0;ИП ДЕМОНОВ АЛЕКСЕЙ ТЕСТОВИЧ;044500999;30101810999990000999;40702810999930000005;;9903000005;990301005;ООО СОФТ ДЕМО;044500925;30101810999990000925;40702810999930000005;9903000005;ООО СОФТ ДЕМО;044500925;5734;АО ДЕМО БАНК;;;;
40802810999900000001;Кредит;Входящие платежи;Транзакция;21.11.2025;21.11.2025;100529;17;643;58174,46;643;Зачисление выручки СБП по реестру 202511009;Перевод средств по реестру операций 202511009. Канал: СБП. НДС не облагается.;30232810999900000001;9900000030;990001003;АО ДЕМО ЭКВАЙРИНГ;044500996;30101810999990000996;40802810999900000001;DEMO-ACQ-001;990000000001;0;ИП ДЕМОНОВ АЛЕКСЕЙ ТЕСТОВИЧ;044500999;30101810999990000999;30232810999900000001;9900000030;АО ДЕМО ЭКВАЙРИНГ;044500996;;АО ДЕМО ЭКВАЙРИНГ;;;;
40802810999900000001;Дебет;Исходящие платежи;Транзакция;21.11.2025;21.11.2025;100539;01;643;72659;643;Вознаграждение подрядчику за 11.2025;Оплата услуг подрядчика по акту HR-202511-3. НДС не облагается.;40802810999900000001;990000000001;0;ИП ДЕМОНОВ АЛЕКСЕЙ ТЕСТОВИЧ;044500999;30101810999990000999;40802810999940000003;DEMO-HR-003;990400000003;0;ИП ТЕСТОВА МАРИЯ ДЕМО;044500933;30101810999990000933;40802810999940000003;990400000003;ИП ТЕСТОВА МАРИЯ ДЕМО;044500933;;АО ДЕМО БАНК;;;;
40802810999900000001;Дебет;Исходящие платежи;Транзакция;23.11.2025;23.11.2025;100532;01;643;81228,49;643;Оплата поставщику за партию сырья 2025-11-3;Оплата материалов и производства по счету SUP-202511-3. В том числе НДС 20%.;40802810999900000001;990000000001;0;ИП ДЕМОНОВ АЛЕКСЕЙ ТЕСТОВИЧ;044500999;30101810999990000999;40702810999920000002;DEMO-SUPPLY-001;9902000001;990201001;ООО ДЕМО СЫРЬЁ;044500911;30101810999990000912;40702810999920000002;9902000001;ООО ДЕМО СЫРЬЁ;044500911;;АО ДЕМО БАНК;;;;
40802810999900000001;Дебет;Оплата картой;Транзакция;24.11.2025;24.11.2025;;17;643;5800,4;643;Канцелярские и хозяйственные товары;Оплата по корпоративной карте: офисные и хозяйственные расходы.;40802810999900000001;990000000001;0;ИП ДЕМОНОВ АЛЕКСЕЙ ТЕСТОВИЧ;044500999;30101810999990000999;40702810999930000006;;9903000006;990301006;ООО ОФИС ДЕМО;044500926;30101810999990000926;40702810999930000006;9903000006;ООО ОФИС ДЕМО;044500926;5943;АО ДЕМО БАНК;;;;
40802810999900000001;Дебет;Исходящие платежи;Транзакция;24.11.2025;24.11.2025;100535;01;643;9278;643;Экспресс-доставка сезонных заказов;Дополнительная экспресс-доставка по реестру EXPRESS-202511.;40802810999900000001;990000000001;0;ИП ДЕМОНОВ АЛЕКСЕЙ ТЕСТОВИЧ;044500999;30101810999990000999;40702810999930000001;DEMO-LOG-001;9903000001;990301001;ООО ДЕМО ЛОГИСТИКА;044500921;30101810999990000921;40702810999930000001;9903000001;ООО ДЕМО ЛОГИСТИКА;044500921;;АО ДЕМО БАНК;;;;
40802810999900000001;Дебет;Платежи в налоговую;Транзакция;25.11.2025;25.11.2025;100546;01;643;71818,8;643;ЕНП. Налог по УСН;Единый налоговый платеж. УСН 6%. Период 11.2025.;40802810999900000001;990000000001;0;ИП ДЕМОНОВ АЛЕКСЕЙ ТЕСТОВИЧ;044500999;30101810999990000999;03100643999900000001;;9900000010;990001001;КАЗНАЧЕЙСТВО ДЕМО (ФНС ДЕМО);017000999;40102810999990000999;03100643999900000001;9900000010;КАЗНАЧЕЙСТВО ДЕМО (ФНС ДЕМО);017000999;;КАЗНАЧЕЙСТВО ДЕМО;18210501011011000110;ТП;МС.11.2025;0
40802810999900000001;Кредит;Входящие платежи;Транзакция;27.11.2025;27.11.2025;100521;17;643;43942,81;643;Зачисление выручки ИНТЕРНЕТ-ЭКВАЙРИНГ по реестру 202511001;Перевод средств по реестру операций 202511001. Канал: ИНТЕРНЕТ-ЭКВАЙРИНГ. НДС не облагается.;30232810999900000001;9900000030;990001003;АО ДЕМО ЭКВАЙРИНГ;044500996;30101810999990000996;40802810999900000001;DEMO-ACQ-001;990000000001;0;ИП ДЕМОНОВ АЛЕКСЕЙ ТЕСТОВИЧ;044500999;30101810999990000999;30232810999900000001;9900000030;АО ДЕМО ЭКВАЙРИНГ;044500996;;АО ДЕМО ЭКВАЙРИНГ;;;;
40802810999900000001;Дебет;Услуги банка;Транзакция;27.11.2025;27.11.2025;100545;17;643;8835,19;643;Комиссия за интернет-эквайринг и СБП;Комиссия за обработку платежей по реестрам 11.2025.;40802810999900000001;990000000001;0;ИП ДЕМОНОВ АЛЕКСЕЙ ТЕСТОВИЧ;044500999;30101810999990000999;30232810999900000001;DEMO-ACQ-001;9900000030;990001003;АО ДЕМО ЭКВАЙРИНГ;044500996;30101810999990000996;30232810999900000001;9900000030;АО ДЕМО ЭКВАЙРИНГ;044500996;;АО ДЕМО ЭКВАЙРИНГ;;;;
40802810999900000001;Кредит;Входящие платежи;Транзакция;28.11.2025;28.11.2025;100547;17;643;1015,59;643;Проценты на остаток и бизнес-кэшбэк;Начисление процентов и кэшбэка за 11.2025.;47423810999900000001;9900000002;990001001;АО ДЕМО БАНК;044500999;30101810999990000999;40802810999900000001;DEMO-BANK-001;990000000001;0;ИП ДЕМОНОВ АЛЕКСЕЙ ТЕСТОВИЧ;044500999;30101810999990000999;47423810999900000001;9900000002;АО ДЕМО БАНК;044500999;;АО ДЕМО БАНК;;;;
40802810999900000001;Дебет;Исходящие платежи;Транзакция;02.12.2025;02.12.2025;100573;01;643;93000;643;Аренда помещения за 12.2025;Арендная плата по договору RENT-DEMO-001 за 12.2025.;40802810999900000001;990000000001;0;ИП ДЕМОНОВ АЛЕКСЕЙ ТЕСТОВИЧ;044500999;30101810999990000999;40702810999930000003;RENT-DEMO-001;9903000003;990301003;ООО БИЗНЕС-ЦЕНТР ДЕМО;044500923;30101810999990000923;40702810999930000003;9903000003;ООО БИЗНЕС-ЦЕНТР ДЕМО;044500923;;АО ДЕМО БАНК;;;;
40802810999900000001;Кредит;Входящие платежи;Транзакция;05.12.2025;05.12.2025;100557;17;643;94891,52;643;Зачисление выручки ИНТЕРНЕТ-ЭКВАЙРИНГ по реестру 202512001;Перевод средств по реестру операций 202512001. Канал: ИНТЕРНЕТ-ЭКВАЙРИНГ. НДС не облагается.;30232810999900000001;9900000030;990001003;АО ДЕМО ЭКВАЙРИНГ;044500996;30101810999990000996;40802810999900000001;DEMO-ACQ-001;990000000001;0;ИП ДЕМОНОВ АЛЕКСЕЙ ТЕСТОВИЧ;044500999;30101810999990000999;30232810999900000001;9900000030;АО ДЕМО ЭКВАЙРИНГ;044500996;;АО ДЕМО ЭКВАЙРИНГ;;;;
40802810999900000001;Дебет;Исходящие платежи;Транзакция;07.12.2025;07.12.2025;100575;01;643;10027;643;Подписка на программное обеспечение;Лицензии и облачные сервисы за 12.2025.;40802810999900000001;990000000001;0;ИП ДЕМОНОВ АЛЕКСЕЙ ТЕСТОВИЧ;044500999;30101810999990000999;40702810999930000005;SOFT-DEMO-001;9903000005;990301005;ООО СОФТ ДЕМО;044500925;30101810999990000925;40702810999930000005;9903000005;ООО СОФТ ДЕМО;044500925;;АО ДЕМО БАНК;;;;
40802810999900000001;Кредит;Входящие платежи;Транзакция;08.12.2025;06.12.2025;100556;01;643;140358,58;643;Оплата от покупателя по счету DEMO-202512-006;Оплата товаров по счету DEMO-202512-006. НДС не облагается.;40702810999910000004;9901000003;990101003;ООО ГАММА-МАРКЕТ;044500903;30101810999990000903;40802810999900000001;Договор DEMO-0003;990000000001;0;ИП ДЕМОНОВ АЛЕКСЕЙ ТЕСТОВИЧ;044500999;30101810999990000999;40702810999910000004;9901000003;ООО ГАММА-МАРКЕТ;044500903;;АО ДЕМО БАНК;;;;
40802810999900000001;Кредит;Входящие платежи;Транзакция;08.12.2025;07.12.2025;100559;17;643;148987,74;643;Зачисление выручки СБП по реестру 202512003;Перевод средств по реестру операций 202512003. Канал: СБП. НДС не облагается.;30232810999900000001;9900000030;990001003;АО ДЕМО ЭКВАЙРИНГ;044500996;30101810999990000996;40802810999900000001;DEMO-ACQ-001;990000000001;0;ИП ДЕМОНОВ АЛЕКСЕЙ ТЕСТОВИЧ;044500999;30101810999990000999;30232810999900000001;9900000030;АО ДЕМО ЭКВАЙРИНГ;044500996;;АО ДЕМО ЭКВАЙРИНГ;;;;
40802810999900000001;Кредит;Входящие платежи;Транзакция;08.12.2025;07.12.2025;100560;17;643;74654,46;643;Зачисление выручки ИНТЕРНЕТ-ЭКВАЙРИНГ по реестру 202512004;Перевод средств по реестру операций 202512004. Канал: ИНТЕРНЕТ-ЭКВАЙРИНГ. НДС не облагается.;30232810999900000001;9900000030;990001003;АО ДЕМО ЭКВАЙРИНГ;044500996;30101810999990000996;40802810999900000001;DEMO-ACQ-001;990000000001;0;ИП ДЕМОНОВ АЛЕКСЕЙ ТЕСТОВИЧ;044500999;30101810999990000999;30232810999900000001;9900000030;АО ДЕМО ЭКВАЙРИНГ;044500996;;АО ДЕМО ЭКВАЙРИНГ;;;;
40802810999900000001;Кредит;Входящие платежи;Транзакция;08.12.2025;08.12.2025;100555;01;643;80698,87;643;Оплата от покупателя по счету DEMO-202512-005;Оплата товаров по счету DEMO-202512-005. НДС не облагается.;40702810999910000002;9901000003;990101002;ООО БЕТА-ТЕСТ;044500902;30101810999990000902;40802810999900000001;Договор DEMO-0002;990000000001;0;ИП ДЕМОНОВ АЛЕКСЕЙ ТЕСТОВИЧ;044500999;30101810999990000999;40702810999910000002;9901000003;ООО БЕТА-ТЕСТ;044500902;;АО ДЕМО БАНК;;;;
40802810999900000001;Кредит;Входящие платежи;Транзакция;08.12.2025;08.12.2025;100558;17;643;134259,07;643;Зачисление выручки ИНТЕРНЕТ-ЭКВАЙРИНГ по реестру 202512002;Перевод средств по реестру операций 202512002. Канал: ИНТЕРНЕТ-ЭКВАЙРИНГ. НДС не облагается.;30232810999900000001;9900000030;990001003;АО ДЕМО ЭКВАЙРИНГ;044500996;30101810999990000996;40802810999900000001;DEMO-ACQ-001;990000000001;0;ИП ДЕМОНОВ АЛЕКСЕЙ ТЕСТОВИЧ;044500999;30101810999990000999;30232810999900000001;9900000030;АО ДЕМО ЭКВАЙРИНГ;044500996;;АО ДЕМО ЭКВАЙРИНГ;;;;
40802810999900000001;Дебет;Исходящие платежи;Транзакция;08.12.2025;08.12.2025;100569;01;643;45775,7;643;Маркетинг и реклама за 12.2025;"Рекламная кампания MEDIA-202512; продвижение и аналитика.";40802810999900000001;990000000001;0;ИП ДЕМОНОВ АЛЕКСЕЙ ТЕСТОВИЧ;044500999;30101810999990000999;40702810999930000002;DEMO-MEDIA-001;9903000002;990301002;ООО МЕДИА ТЕСТ;044500922;30101810999990000922;40702810999930000002;9903000002;ООО МЕДИА ТЕСТ;044500922;;АО ДЕМО БАНК;;;;
40802810999900000001;Кредит;Входящие платежи;Транзакция;10.12.2025;10.12.2025;100553;01;643;129376,36;643;Оплата от покупателя по счету DEMO-202512-003;Оплата товаров по счету DEMO-202512-003. НДС не облагается.;40702810999910000004;9901000004;990101004;ООО ДЕЛЬТА-ШОП;044500904;30101810999990000904;40802810999900000001;Договор DEMO-0004;990000000001;0;ИП ДЕМОНОВ АЛЕКСЕЙ ТЕСТОВИЧ;044500999;30101810999990000999;40702810999910000004;9901000004;ООО ДЕЛЬТА-ШОП;044500904;;АО ДЕМО БАНК;;;;
40802810999900000001;Кредит;Входящие платежи;Транзакция;11.12.2025;11.12.2025;100552;01;643;118914,38;643;Оплата от покупателя по счету DEMO-202512-002;Оплата товаров по счету DEMO-202512-002. НДС не облагается.;40702810999910000004;9901000003;990101003;ООО ГАММА-МАРКЕТ;044500903;30101810999990000903;40802810999900000001;Договор DEMO-0003;990000000001;0;ИП ДЕМОНОВ АЛЕКСЕЙ ТЕСТОВИЧ;044500999;30101810999990000999;40702810999910000004;9901000003;ООО ГАММА-МАРКЕТ;044500903;;АО ДЕМО БАНК;;;;
40802810999900000001;Кредит;Входящие платежи;Транзакция;11.12.2025;11.12.2025;100562;17;643;140127,07;643;Зачисление выручки СБП по реестру 202512006;Перевод средств по реестру операций 202512006. Канал: СБП. НДС не облагается.;30232810999900000001;9900000030;990001003;АО ДЕМО ЭКВАЙРИНГ;044500996;30101810999990000996;40802810999900000001;DEMO-ACQ-001;990000000001;0;ИП ДЕМОНОВ АЛЕКСЕЙ ТЕСТОВИЧ;044500999;30101810999990000999;30232810999900000001;9900000030;АО ДЕМО ЭКВАЙРИНГ;044500996;;АО ДЕМО ЭКВАЙРИНГ;;;;
40802810999900000001;Дебет;Исходящие платежи;Транзакция;11.12.2025;11.12.2025;100563;01;643;229558,74;643;Оплата поставщику за партию сырья 2025-12-1;Оплата материалов и производства по счету SUP-202512-1. В том числе НДС 20%.;40802810999900000001;990000000001;0;ИП ДЕМОНОВ АЛЕКСЕЙ ТЕСТОВИЧ;044500999;30101810999990000999;40702810999920000002;DEMO-SUPPLY-001;9902000001;990201001;ООО ДЕМО СЫРЬЁ;044500911;30101810999990000912;40702810999920000002;9902000001;ООО ДЕМО СЫРЬЁ;044500911;;АО ДЕМО БАНК;;;;
40802810999900000001;Дебет;Исходящие платежи;Транзакция;11.12.2025;11.12.2025;100566;01;643;63157;643;Разработка продукта и тестовые образцы за 12.2025;Изготовление прототипов и тестовой партии по этапу DEV-202512.;40802810999900000001;990000000001;0;ИП ДЕМОНОВ АЛЕКСЕЙ ТЕСТОВИЧ;044500999;30101810999990000999;40702810999920000003;DEMO-RND-001;9902000003;990201003;ООО МАКЕТ-ЛАБ;044500913;30101810999990000913;40702810999920000003;9902000003;ООО МАКЕТ-ЛАБ;044500913;;АО ДЕМО БАНК;;;;
40802810999900000001;Дебет;Оплата картой;Транзакция;12.12.2025;;;17;643;1373,04;643;Оплата корпоративной подписки DEMO CLOUD;Оплата по корпоративной карте: облачное программное обеспечение.;40802810999900000001;990000000001;0;ИП ДЕМОНОВ АЛЕКСЕЙ ТЕСТОВИЧ;044500999;30101810999990000999;40702810999930000005;;9903000005;990301005;ООО СОФТ ДЕМО;044500925;30101810999990000925;40702810999930000005;9903000005;ООО СОФТ ДЕМО;044500925;5734;АО ДЕМО БАНК;;;;
40802810999900000001;Кредит;Входящие платежи;Транзакция;12.12.2025;12.12.2025;100551;01;643;92617,89;643;Оплата от покупателя по счету DEMO-202512-001;Оплата товаров по счету DEMO-202512-001. НДС не облагается.;40702810999910000002;9901000003;990101002;ООО БЕТА-ТЕСТ;044500902;30101810999990000902;40802810999900000001;Договор DEMO-0002;990000000001;0;ИП ДЕМОНОВ АЛЕКСЕЙ ТЕСТОВИЧ;044500999;30101810999990000999;40702810999910000002;9901000003;ООО БЕТА-ТЕСТ;044500902;;АО ДЕМО БАНК;;;;
40802810999900000001;Дебет;Кредитование;Транзакция;12.12.2025;12.12.2025;100584;35;643;65000;643;Погашение основной суммы кредита;Погашение основного долга по договору LOAN-DEMO-001 за 12.2025.;40802810999900000001;990000000001;0;ИП ДЕМОНОВ АЛЕКСЕЙ ТЕСТОВИЧ;044500999;30101810999990000999;45207810999900000001;LOAN-DEMO-001;9900000020;990001002;АО ДЕМО КРЕДИТ;044500997;30101810999990000997;45207810999900000001;9900000020;АО ДЕМО КРЕДИТ;044500997;;АО ДЕМО КРЕДИТ;;;;
40802810999900000001;Дебет;Кредитование;Транзакция;12.12.2025;12.12.2025;100585;35;643;9620;643;Проценты по кредиту;Уплата процентов по договору LOAN-DEMO-001 за 12.2025.;40802810999900000001;990000000001;0;ИП ДЕМОНОВ АЛЕКСЕЙ ТЕСТОВИЧ;044500999;30101810999990000999;45207810999900000001;LOAN-DEMO-001;9900000020;990001002;АО ДЕМО КРЕДИТ;044500997;30101810999990000997;45207810999900000001;9900000020;АО ДЕМО КРЕДИТ;044500997;;АО ДЕМО КРЕДИТ;;;;
40802810999900000001;Дебет;Исходящие платежи;Транзакция;14.12.2025;14.12.2025;100567;01;643;16439;643;Логистика и доставка заказов за 12.2025;Транспортные услуги по реестру LOG-202512.;40802810999900000001;990000000001;0;ИП ДЕМОНОВ АЛЕКСЕЙ ТЕСТОВИЧ;044500999;30101810999990000999;40702810999930000001;DEMO-LOG-001;9903000001;990301001;ООО ДЕМО ЛОГИСТИКА;044500921;30101810999990000921;40702810999930000001;9903000001;ООО ДЕМО ЛОГИСТИКА;044500921;;АО ДЕМО БАНК;;;;
40802810999900000001;Кредит;Входящие платежи;Транзакция;15.12.2025;15.12.2025;100561;17;643;130496,22;643;Зачисление выручки ИНТЕРНЕТ-ЭКВАЙРИНГ по реестру 202512005;Перевод средств по реестру операций 202512005. Канал: ИНТЕРНЕТ-ЭКВАЙРИНГ. НДС не облагается.;30232810999900000001;9900000030;990001003;АО ДЕМО ЭКВАЙРИНГ;044500996;30101810999990000996;40802810999900000001;DEMO-ACQ-001;990000000001;0;ИП ДЕМОНОВ АЛЕКСЕЙ ТЕСТОВИЧ;044500999;30101810999990000999;30232810999900000001;9900000030;АО ДЕМО ЭКВАЙРИНГ;044500996;;АО ДЕМО ЭКВАЙРИНГ;;;;
40802810999900000001;Дебет;Исходящие платежи;Транзакция;16.12.2025;16.12.2025;100574;01;643;22298;643;Коммунальные расходы за 12.2025;Электроэнергия, связь и коммунальные услуги за 12.2025.;40802810999900000001;990000000001;0;ИП ДЕМОНОВ АЛЕКСЕЙ ТЕСТОВИЧ;044500999;30101810999990000999;40702810999930000005;UTIL-DEMO-001;9903000004;990301004;ООО ОБЛАКО ДЕМО;044500924;30101810999990000925;40702810999930000005;9903000004;ООО ОБЛАКО ДЕМО;044500924;;АО ДЕМО БАНК;;;;
40802810999900000001;Дебет;Исходящие платежи;Транзакция;17.12.2025;17.12.2025;100564;01;643;161179,54;643;Оплата поставщику за партию сырья 2025-12-2;Оплата материалов и производства по счету SUP-202512-2. В том числе НДС 20%.;40802810999900000001;990000000001;0;ИП ДЕМОНОВ АЛЕКСЕЙ ТЕСТОВИЧ;044500999;30101810999990000999;40702810999920000002;DEMO-SUPPLY-001;9902000002;990201002;ООО ТЕСТ ПРОИЗВОДСТВО;044500912;30101810999990000912;40702810999920000002;9902000002;ООО ТЕСТ ПРОИЗВОДСТВО;044500912;;АО ДЕМО БАНК;;;;
40802810999900000001;Дебет;Исходящие платежи;Транзакция;19.12.2025;19.12.2025;100570;01;643;67844;643;Вознаграждение подрядчику за 12.2025;Оплата услуг подрядчика по акту HR-202512-1. НДС не облагается.;40802810999900000001;990000000001;0;ИП ДЕМОНОВ АЛЕКСЕЙ ТЕСТОВИЧ;044500999;30101810999990000999;40817810999940000001;DEMO-HR-001;990400000001;0;САМОЗАНЯТЫЙ ДЕМО СПЕЦИАЛИСТ 01;044500931;30101810999990000931;40817810999940000001;990400000001;САМОЗАНЯТЫЙ ДЕМО СПЕЦИАЛИСТ 01;044500931;;АО ДЕМО БАНК;;;;
40802810999900000001;Дебет;Исходящие платежи;Транзакция;20.12.2025;20.12.2025;100571;01;643;43511;643;Вознаграждение подрядчику за 12.2025;Оплата услуг подрядчика по акту HR-202512-2. НДС не облагается.;40802810999900000001;990000000001;0;ИП ДЕМОНОВ АЛЕКСЕЙ ТЕСТОВИЧ;044500999;30101810999990000999;40817810999940000002;DEMO-HR-002;990400000002;0;САМОЗАНЯТЫЙ ДЕМО СПЕЦИАЛИСТ 02;044500932;30101810999990000932;40817810999940000002;990400000002;САМОЗАНЯТЫЙ ДЕМО СПЕЦИАЛИСТ 02;044500932;;АО ДЕМО БАНК;;;;
40802810999900000001;Дебет;Услуги банка;Транзакция;20.12.2025;20.12.2025;100576;17;643;490;643;Плата за обслуживание счета;Плата за обслуживание расчетного счета за 12.2025. Договор DEMO-BANK-001.;40802810999900000001;990000000001;0;ИП ДЕМОНОВ АЛЕКСЕЙ ТЕСТОВИЧ;044500999;30101810999990000999;47423810999900000001;DEMO-BANK-001;9900000002;990001001;АО ДЕМО БАНК;044500999;30101810999990000999;47423810999900000001;9900000002;АО ДЕМО БАНК;044500999;;АО ДЕМО БАНК;;;;
40802810999900000001;Дебет;Услуги банка;Транзакция;20.12.2025;20.12.2025;100577;17;643;199;643;Плата за услугу оповещения об операциях;Плата за уведомления и SMS-банк за 12.2025.;40802810999900000001;990000000001;0;ИП ДЕМОНОВ АЛЕКСЕЙ ТЕСТОВИЧ;044500999;30101810999990000999;47423810999900000001;DEMO-BANK-001;9900000002;990001001;АО ДЕМО БАНК;044500999;30101810999990000999;47423810999900000001;9900000002;АО ДЕМО БАНК;044500999;;АО ДЕМО БАНК;;;;
40802810999900000001;Дебет;Исходящие платежи;Транзакция;21.12.2025;21.12.2025;100572;01;643;59068;643;Вознаграждение подрядчику за 12.2025;Оплата услуг подрядчика по акту HR-202512-3. НДС не облагается.;40802810999900000001;990000000001;0;ИП ДЕМОНОВ АЛЕКСЕЙ ТЕСТОВИЧ;044500999;30101810999990000999;40802810999940000003;DEMO-HR-003;990400000003;0;ИП ТЕСТОВА МАРИЯ ДЕМО;044500933;30101810999990000933;40802810999940000003;990400000003;ИП ТЕСТОВА МАРИЯ ДЕМО;044500933;;АО ДЕМО БАНК;;;;
40802810999900000001;Кредит;Входящие платежи;Транзакция;22.12.2025;20.12.2025;100554;01;643;123879,96;643;Оплата от покупателя по счету DEMO-202512-004;Оплата товаров по счету DEMO-202512-004. НДС не облагается.;40702810999910000001;9901000001;990101001;ООО АЛЬФА-ДЕМО;044500901;30101810999990000901;40802810999900000001;Договор DEMO-0001;990000000001;0;ИП ДЕМОНОВ АЛЕКСЕЙ ТЕСТОВИЧ;044500999;30101810999990000999;40702810999910000001;9901000001;ООО АЛЬФА-ДЕМО;044500901;;АО ДЕМО БАНК;;;;
40802810999900000001;Кредит;Возвраты от контрагентов;Транзакция;22.12.2025;22.12.2025;100582;01;643;13519;643;Возврат переплаты от поставщика;Возврат излишне перечисленных средств по акту сверки 2025-12.;40702810999920000002;9902000001;990201001;ООО ДЕМО СЫРЬЁ;044500911;30101810999990000912;40802810999900000001;DEMO-SUPPLY-001;990000000001;0;ИП ДЕМОНОВ АЛЕКСЕЙ ТЕСТОВИЧ;044500999;30101810999990000999;40702810999920000002;9902000001;ООО ДЕМО СЫРЬЁ;044500911;;АО ДЕМО БАНК;;;;
40802810999900000001;Дебет;Оплата картой;Транзакция;23.12.2025;23.12.2025;;17;643;8773,5;643;Канцелярские и хозяйственные товары;Оплата по корпоративной карте: офисные и хозяйственные расходы.;40802810999900000001;990000000001;0;ИП ДЕМОНОВ АЛЕКСЕЙ ТЕСТОВИЧ;044500999;30101810999990000999;40702810999930000006;;9903000006;990301006;ООО ОФИС ДЕМО;044500926;30101810999990000926;40702810999930000006;9903000006;ООО ОФИС ДЕМО;044500926;5943;АО ДЕМО БАНК;;;;
40802810999900000001;Дебет;Исходящие платежи;Транзакция;23.12.2025;23.12.2025;100565;01;643;97684,57;643;Оплата поставщику за партию сырья 2025-12-3;Оплата материалов и производства по счету SUP-202512-3. В том числе НДС 20%.;40802810999900000001;990000000001;0;ИП ДЕМОНОВ АЛЕКСЕЙ ТЕСТОВИЧ;044500999;30101810999990000999;40702810999920000002;DEMO-SUPPLY-001;9902000001;990201001;ООО ДЕМО СЫРЬЁ;044500911;30101810999990000912;40702810999920000002;9902000001;ООО ДЕМО СЫРЬЁ;044500911;;АО ДЕМО БАНК;;;;
40802810999900000001;Дебет;Исходящие платежи;Транзакция;24.12.2025;24.12.2025;100568;01;643;12677;643;Экспресс-доставка сезонных заказов;Дополнительная экспресс-доставка по реестру EXPRESS-202512.;40802810999900000001;990000000001;0;ИП ДЕМОНОВ АЛЕКСЕЙ ТЕСТОВИЧ;044500999;30101810999990000999;40702810999930000001;DEMO-LOG-001;9903000001;990301001;ООО ДЕМО ЛОГИСТИКА;044500921;30101810999990000921;40702810999930000001;9903000001;ООО ДЕМО ЛОГИСТИКА;044500921;;АО ДЕМО БАНК;;;;
40802810999900000001;Дебет;Платежи в налоговую;Транзакция;25.12.2025;25.12.2025;100579;01;643;84555,73;643;ЕНП. Налог по УСН;Единый налоговый платеж. УСН 6%. Период 12.2025.;40802810999900000001;990000000001;0;ИП ДЕМОНОВ АЛЕКСЕЙ ТЕСТОВИЧ;044500999;30101810999990000999;03100643999900000001;;9900000010;990001001;КАЗНАЧЕЙСТВО ДЕМО (ФНС ДЕМО);017000999;40102810999990000999;03100643999900000001;9900000010;КАЗНАЧЕЙСТВО ДЕМО (ФНС ДЕМО);017000999;;КАЗНАЧЕЙСТВО ДЕМО;18210501011011000110;ТП;МС.12.2025;0
40802810999900000001;Дебет;Платежи в налоговую;Транзакция;26.12.2025;26.12.2025;100580;01;643;24113;643;Страховые взносы за работников;Страховые взносы за квартал, окончание 12.2025.;40802810999900000001;990000000001;0;ИП ДЕМОНОВ АЛЕКСЕЙ ТЕСТОВИЧ;044500999;30101810999990000999;03100643999900000001;;9900000010;990001001;КАЗНАЧЕЙСТВО ДЕМО (ФНС ДЕМО);017000999;40102810999990000999;03100643999900000001;9900000010;КАЗНАЧЕЙСТВО ДЕМО (ФНС ДЕМО);017000999;;КАЗНАЧЕЙСТВО ДЕМО;18210202010061010160;ТП;КВ.04.2025;0
40802810999900000001;Дебет;Услуги банка;Транзакция;27.12.2025;27.12.2025;100578;17;643;13862,11;643;Комиссия за интернет-эквайринг и СБП;Комиссия за обработку платежей по реестрам 12.2025.;40802810999900000001;990000000001;0;ИП ДЕМОНОВ АЛЕКСЕЙ ТЕСТОВИЧ;044500999;30101810999990000999;30232810999900000001;DEMO-ACQ-001;9900000030;990001003;АО ДЕМО ЭКВАЙРИНГ;044500996;30101810999990000996;30232810999900000001;9900000030;АО ДЕМО ЭКВАЙРИНГ;044500996;;АО ДЕМО ЭКВАЙРИНГ;;;;
40802810999900000001;Кредит;Входящие платежи;Транзакция;28.12.2025;28.12.2025;100581;17;643;1093,64;643;Проценты на остаток и бизнес-кэшбэк;Начисление процентов и кэшбэка за 12.2025.;47423810999900000001;9900000002;990001001;АО ДЕМО БАНК;044500999;30101810999990000999;40802810999900000001;DEMO-BANK-001;990000000001;0;ИП ДЕМОНОВ АЛЕКСЕЙ ТЕСТОВИЧ;044500999;30101810999990000999;47423810999900000001;9900000002;АО ДЕМО БАНК;044500999;;АО ДЕМО БАНК;;;;
40802810999900000001;Дебет;Исходящие платежи;Транзакция;29.12.2025;29.12.2025;100583;01;643;93950;643;Изъятие собственника;Перевод собственных средств предпринимателю. НДС не облагается.;40802810999900000001;990000000001;0;ИП ДЕМОНОВ АЛЕКСЕЙ ТЕСТОВИЧ;044500999;30101810999990000999;40817810999900000002;OWNER-DEMO;990000000001;0;ДЕМОНОВ АЛЕКСЕЙ ТЕСТОВИЧ;044500998;30101810999990000998;40817810999900000002;990000000001;ДЕМОНОВ АЛЕКСЕЙ ТЕСТОВИЧ;044500998;;АО ДЕМО БАНК;;;;
40802810999900000001;Кредит;Входящие платежи;Транзакция;02.01.2026;02.01.2026;100600;17;643;53376,12;643;Зачисление выручки ИНТЕРНЕТ-ЭКВАЙРИНГ по реестру 202601008;Перевод средств по реестру операций 202601008. Канал: ИНТЕРНЕТ-ЭКВАЙРИНГ. НДС не облагается.;30232810999900000001;9900000030;990001003;АО ДЕМО ЭКВАЙРИНГ;044500996;30101810999990000996;40802810999900000001;DEMO-ACQ-001;990000000001;0;ИП ДЕМОНОВ АЛЕКСЕЙ ТЕСТОВИЧ;044500999;30101810999990000999;30232810999900000001;9900000030;АО ДЕМО ЭКВАЙРИНГ;044500996;;АО ДЕМО ЭКВАЙРИНГ;;;;
40802810999900000001;Дебет;Исходящие платежи;Транзакция;02.01.2026;02.01.2026;100610;01;643;93000;643;Аренда помещения за 01.2026;Арендная плата по договору RENT-DEMO-001 за 01.2026.;40802810999900000001;990000000001;0;ИП ДЕМОНОВ АЛЕКСЕЙ ТЕСТОВИЧ;044500999;30101810999990000999;40702810999930000003;RENT-DEMO-001;9903000003;990301003;ООО БИЗНЕС-ЦЕНТР ДЕМО;044500923;30101810999990000923;40702810999930000003;9903000003;ООО БИЗНЕС-ЦЕНТР ДЕМО;044500923;;АО ДЕМО БАНК;;;;
40802810999900000001;Кредит;Входящие платежи;Транзакция;05.01.2026;03.01.2026;100586;01;643;55718,42;643;Оплата от покупателя по счету DEMO-202601-001;Оплата товаров по счету DEMO-202601-001. НДС не облагается.;40702810999910000004;9901000003;990101003;ООО ГАММА-МАРКЕТ;044500903;30101810999990000903;40802810999900000001;Договор DEMO-0003;990000000001;0;ИП ДЕМОНОВ АЛЕКСЕЙ ТЕСТОВИЧ;044500999;30101810999990000999;40702810999910000004;9901000003;ООО ГАММА-МАРКЕТ;044500903;;АО ДЕМО БАНК;;;;
40802810999900000001;Кредит;Входящие платежи;Транзакция;05.01.2026;03.01.2026;100589;01;643;40562,4;643;Оплата от покупателя по счету DEMO-202601-004;Оплата товаров по счету DEMO-202601-004. НДС не облагается.;40702810999910000002;9901000003;990101002;ООО БЕТА-ТЕСТ;044500902;30101810999990000902;40802810999900000001;Договор DEMO-0002;990000000001;0;ИП ДЕМОНОВ АЛЕКСЕЙ ТЕСТОВИЧ;044500999;30101810999990000999;40702810999910000002;9901000003;ООО БЕТА-ТЕСТ;044500902;;АО ДЕМО БАНК;;;;
40802810999900000001;Кредит;Входящие платежи;Транзакция;05.01.2026;03.01.2026;100591;01;643;56316,29;643;Оплата от покупателя по счету DEMO-202601-006;Оплата товаров по счету DEMO-202601-006. НДС не облагается.;40702810999910000004;9901000004;990101004;ООО ДЕЛЬТА-ШОП;044500904;30101810999990000904;40802810999900000001;Договор DEMO-0004;990000000001;0;ИП ДЕМОНОВ АЛЕКСЕЙ ТЕСТОВИЧ;044500999;30101810999990000999;40702810999910000004;9901000004;ООО ДЕЛЬТА-ШОП;044500904;;АО ДЕМО БАНК;;;;
40802810999900000001;Кредит;Входящие платежи;Транзакция;05.01.2026;05.01.2026;100596;17;643;31554,83;643;Зачисление выручки ИНТЕРНЕТ-ЭКВАЙРИНГ по реестру 202601004;Перевод средств по реестру операций 202601004. Канал: ИНТЕРНЕТ-ЭКВАЙРИНГ. НДС не облагается.;30232810999900000001;9900000030;990001003;АО ДЕМО ЭКВАЙРИНГ;044500996;30101810999990000996;40802810999900000001;DEMO-ACQ-001;990000000001;0;ИП ДЕМОНОВ АЛЕКСЕЙ ТЕСТОВИЧ;044500999;30101810999990000999;30232810999900000001;9900000030;АО ДЕМО ЭКВАЙРИНГ;044500996;;АО ДЕМО ЭКВАЙРИНГ;;;;
40802810999900000001;Кредит;Входящие платежи;Транзакция;06.01.2026;06.01.2026;100588;01;643;59092,6;643;Оплата от покупателя по счету DEMO-202601-003;Оплата товаров по счету DEMO-202601-003. НДС не облагается.;40702810999910000001;9901000001;990101001;ООО АЛЬФА-ДЕМО;044500901;30101810999990000901;40802810999900000001;Договор DEMO-0001;990000000001;0;ИП ДЕМОНОВ АЛЕКСЕЙ ТЕСТОВИЧ;044500999;30101810999990000999;40702810999910000001;9901000001;ООО АЛЬФА-ДЕМО;044500901;;АО ДЕМО БАНК;;;;
40802810999900000001;Дебет;Исходящие платежи;Транзакция;07.01.2026;07.01.2026;100612;01;643;11743;643;Подписка на программное обеспечение;Лицензии и облачные сервисы за 01.2026.;40802810999900000001;990000000001;0;ИП ДЕМОНОВ АЛЕКСЕЙ ТЕСТОВИЧ;044500999;30101810999990000999;40702810999930000005;SOFT-DEMO-001;9903000005;990301005;ООО СОФТ ДЕМО;044500925;30101810999990000925;40702810999930000005;9903000005;ООО СОФТ ДЕМО;044500925;;АО ДЕМО БАНК;;;;
40802810999900000001;Кредит;Входящие платежи;Транзакция;08.01.2026;08.01.2026;100590;01;643;57233,6;643;Оплата от покупателя по счету DEMO-202601-005;Оплата товаров по счету DEMO-202601-005. НДС не облагается.;40702810999910000004;9901000003;990101003;ООО ГАММА-МАРКЕТ;044500903;30101810999990000903;40802810999900000001;Договор DEMO-0003;990000000001;0;ИП ДЕМОНОВ АЛЕКСЕЙ ТЕСТОВИЧ;044500999;30101810999990000999;40702810999910000004;9901000003;ООО ГАММА-МАРКЕТ;044500903;;АО ДЕМО БАНК;;;;
40802810999900000001;Дебет;Исходящие платежи;Транзакция;08.01.2026;08.01.2026;100606;01;643;23017;643;Маркетинг и реклама за 01.2026;"Рекламная кампания MEDIA-202601; продвижение и аналитика.";40802810999900000001;990000000001;0;ИП ДЕМОНОВ АЛЕКСЕЙ ТЕСТОВИЧ;044500999;30101810999990000999;40702810999930000002;DEMO-MEDIA-001;9903000002;990301002;ООО МЕДИА ТЕСТ;044500922;30101810999990000922;40702810999930000002;9903000002;ООО МЕДИА ТЕСТ;044500922;;АО ДЕМО БАНК;;;;
40802810999900000001;Кредит;Входящие платежи;Транзакция;09.01.2026;09.01.2026;100592;01;643;32805,91;643;Оплата от покупателя по счету DEMO-202601-007;Оплата товаров по счету DEMO-202601-007. НДС не облагается.;40702810999910000001;9901000001;990101001;ООО АЛЬФА-ДЕМО;044500901;30101810999990000901;40802810999900000001;Договор DEMO-0001;990000000001;0;ИП ДЕМОНОВ АЛЕКСЕЙ ТЕСТОВИЧ;044500999;30101810999990000999;40702810999910000001;9901000001;ООО АЛЬФА-ДЕМО;044500901;;АО ДЕМО БАНК;;;;
40802810999900000001;Дебет;Исходящие платежи;Транзакция;11.01.2026;11.01.2026;100601;01;643;137132,22;643;Оплата поставщику за партию сырья 2026-01-1;Оплата материалов и производства по счету SUP-202601-1. В том числе НДС 20%.;40802810999900000001;990000000001;0;ИП ДЕМОНОВ АЛЕКСЕЙ ТЕСТОВИЧ;044500999;30101810999990000999;40702810999920000002;DEMO-SUPPLY-001;9902000001;990201001;ООО ДЕМО СЫРЬЁ;044500911;30101810999990000912;40702810999920000002;9902000001;ООО ДЕМО СЫРЬЁ;044500911;;АО ДЕМО БАНК;;;;
40802810999900000001;Дебет;Исходящие платежи;Транзакция;11.01.2026;11.01.2026;100604;01;643;20830;643;Разработка продукта и тестовые образцы за 01.2026;Изготовление прототипов и тестовой партии по этапу DEV-202601.;40802810999900000001;990000000001;0;ИП ДЕМОНОВ АЛЕКСЕЙ ТЕСТОВИЧ;044500999;30101810999990000999;40702810999920000003;DEMO-RND-001;9902000003;990201003;ООО МАКЕТ-ЛАБ;044500913;30101810999990000913;40702810999920000003;9902000003;ООО МАКЕТ-ЛАБ;044500913;;АО ДЕМО БАНК;;;;
40802810999900000001;Кредит;Входящие платежи;Транзакция;12.01.2026;11.01.2026;100599;17;643;65575,64;643;Зачисление выручки ИНТЕРНЕТ-ЭКВАЙРИНГ по реестру 202601007;Перевод средств по реестру операций 202601007. Канал: ИНТЕРНЕТ-ЭКВАЙРИНГ. НДС не облагается.;30232810999900000001;9900000030;990001003;АО ДЕМО ЭКВАЙРИНГ;044500996;30101810999990000996;40802810999900000001;DEMO-ACQ-001;990000000001;0;ИП ДЕМОНОВ АЛЕКСЕЙ ТЕСТОВИЧ;044500999;30101810999990000999;30232810999900000001;9900000030;АО ДЕМО ЭКВАЙРИНГ;044500996;;АО ДЕМО ЭКВАЙРИНГ;;;;
40802810999900000001;Дебет;Кредитование;Транзакция;12.01.2026;12.01.2026;100620;35;643;65000;643;Погашение основной суммы кредита;Погашение основного долга по договору LOAN-DEMO-001 за 01.2026.;40802810999900000001;990000000001;0;ИП ДЕМОНОВ АЛЕКСЕЙ ТЕСТОВИЧ;044500999;30101810999990000999;45207810999900000001;LOAN-DEMO-001;9900000020;990001002;АО ДЕМО КРЕДИТ;044500997;30101810999990000997;45207810999900000001;9900000020;АО ДЕМО КРЕДИТ;044500997;;АО ДЕМО КРЕДИТ;;;;
40802810999900000001;Дебет;Кредитование;Транзакция;12.01.2026;12.01.2026;100621;35;643;9190;643;Проценты по кредиту;Уплата процентов по договору LOAN-DEMO-001 за 01.2026.;40802810999900000001;990000000001;0;ИП ДЕМОНОВ АЛЕКСЕЙ ТЕСТОВИЧ;044500999;30101810999990000999;45207810999900000001;LOAN-DEMO-001;9900000020;990001002;АО ДЕМО КРЕДИТ;044500997;30101810999990000997;45207810999900000001;9900000020;АО ДЕМО КРЕДИТ;044500997;;АО ДЕМО КРЕДИТ;;;;
40802810999900000001;Кредит;Входящие платежи;Транзакция;14.01.2026;14.01.2026;100593;17;643;39284,86;643;Зачисление выручки ИНТЕРНЕТ-ЭКВАЙРИНГ по реестру 202601001;Перевод средств по реестру операций 202601001. Канал: ИНТЕРНЕТ-ЭКВАЙРИНГ. НДС не облагается.;30232810999900000001;9900000030;990001003;АО ДЕМО ЭКВАЙРИНГ;044500996;30101810999990000996;40802810999900000001;DEMO-ACQ-001;990000000001;0;ИП ДЕМОНОВ АЛЕКСЕЙ ТЕСТОВИЧ;044500999;30101810999990000999;30232810999900000001;9900000030;АО ДЕМО ЭКВАЙРИНГ;044500996;;АО ДЕМО ЭКВАЙРИНГ;;;;
40802810999900000001;Кредит;Входящие платежи;Транзакция;14.01.2026;14.01.2026;100597;17;643;66525,9;643;Зачисление выручки ИНТЕРНЕТ-ЭКВАЙРИНГ по реестру 202601005;Перевод средств по реестру операций 202601005. Канал: ИНТЕРНЕТ-ЭКВАЙРИНГ. НДС не облагается.;30232810999900000001;9900000030;990001003;АО ДЕМО ЭКВАЙРИНГ;044500996;30101810999990000996;40802810999900000001;DEMO-ACQ-001;990000000001;0;ИП ДЕМОНОВ АЛЕКСЕЙ ТЕСТОВИЧ;044500999;30101810999990000999;30232810999900000001;9900000030;АО ДЕМО ЭКВАЙРИНГ;044500996;;АО ДЕМО ЭКВАЙРИНГ;;;;
40802810999900000001;Дебет;Исходящие платежи;Транзакция;14.01.2026;14.01.2026;100605;01;643;20258;643;Логистика и доставка заказов за 01.2026;Транспортные услуги по реестру LOG-202601.;40802810999900000001;990000000001;0;ИП ДЕМОНОВ АЛЕКСЕЙ ТЕСТОВИЧ;044500999;30101810999990000999;40702810999930000001;DEMO-LOG-001;9903000001;990301001;ООО ДЕМО ЛОГИСТИКА;044500921;30101810999990000921;40702810999930000001;9903000001;ООО ДЕМО ЛОГИСТИКА;044500921;;АО ДЕМО БАНК;;;;
40802810999900000001;Дебет;Оплата картой;Транзакция;16.01.2026;16.01.2026;;17;643;2717,65;643;Канцелярские и хозяйственные товары;Оплата по корпоративной карте: офисные и хозяйственные расходы.;40802810999900000001;990000000001;0;ИП ДЕМОНОВ АЛЕКСЕЙ ТЕСТОВИЧ;044500999;30101810999990000999;40702810999930000006;;9903000006;990301006;ООО ОФИС ДЕМО;044500926;30101810999990000926;40702810999930000006;9903000006;ООО ОФИС ДЕМО;044500926;5943;АО ДЕМО БАНК;;;;
40802810999900000001;Кредит;Входящие платежи;Транзакция;16.01.2026;16.01.2026;100598;17;643;47422,62;643;Зачисление выручки СБП по реестру 202601006;Перевод средств по реестру операций 202601006. Канал: СБП. НДС не облагается.;30232810999900000001;9900000030;990001003;АО ДЕМО ЭКВАЙРИНГ;044500996;30101810999990000996;40802810999900000001;DEMO-ACQ-001;990000000001;0;ИП ДЕМОНОВ АЛЕКСЕЙ ТЕСТОВИЧ;044500999;30101810999990000999;30232810999900000001;9900000030;АО ДЕМО ЭКВАЙРИНГ;044500996;;АО ДЕМО ЭКВАЙРИНГ;;;;
40802810999900000001;Дебет;Исходящие платежи;Транзакция;16.01.2026;16.01.2026;100611;01;643;11299;643;Коммунальные расходы за 01.2026;Электроэнергия, связь и коммунальные услуги за 01.2026.;40802810999900000001;990000000001;0;ИП ДЕМОНОВ АЛЕКСЕЙ ТЕСТОВИЧ;044500999;30101810999990000999;40702810999930000005;UTIL-DEMO-001;9903000004;990301004;ООО ОБЛАКО ДЕМО;044500924;30101810999990000925;40702810999930000005;9903000004;ООО ОБЛАКО ДЕМО;044500924;;АО ДЕМО БАНК;;;;
40802810999900000001;Дебет;Исходящие платежи;Транзакция;17.01.2026;17.01.2026;100602;01;643;96284,32;643;Оплата поставщику за партию сырья 2026-01-2;Оплата материалов и производства по счету SUP-202601-2. В том числе НДС 20%.;40802810999900000001;990000000001;0;ИП ДЕМОНОВ АЛЕКСЕЙ ТЕСТОВИЧ;044500999;30101810999990000999;40702810999920000002;DEMO-SUPPLY-001;9902000002;990201002;ООО ТЕСТ ПРОИЗВОДСТВО;044500912;30101810999990000912;40702810999920000002;9902000002;ООО ТЕСТ ПРОИЗВОДСТВО;044500912;;АО ДЕМО БАНК;;;;
40802810999900000001;Дебет;Исходящие платежи;Транзакция;19.01.2026;19.01.2026;100607;01;643;54180;643;Вознаграждение подрядчику за 01.2026;Оплата услуг подрядчика по акту HR-202601-1. НДС не облагается.;40802810999900000001;990000000001;0;ИП ДЕМОНОВ АЛЕКСЕЙ ТЕСТОВИЧ;044500999;30101810999990000999;40817810999940000001;DEMO-HR-001;990400000001;0;САМОЗАНЯТЫЙ ДЕМО СПЕЦИАЛИСТ 01;044500931;30101810999990000931;40817810999940000001;990400000001;САМОЗАНЯТЫЙ ДЕМО СПЕЦИАЛИСТ 01;044500931;;АО ДЕМО БАНК;;;;
40802810999900000001;Дебет;Оплата картой;Транзакция;20.01.2026;20.01.2026;;17;643;1083,05;643;Оплата корпоративной подписки DEMO CLOUD;Оплата по корпоративной карте: облачное программное обеспечение.;40802810999900000001;990000000001;0;ИП ДЕМОНОВ АЛЕКСЕЙ ТЕСТОВИЧ;044500999;30101810999990000999;40702810999930000005;;9903000005;990301005;ООО СОФТ ДЕМО;044500925;30101810999990000925;40702810999930000005;9903000005;ООО СОФТ ДЕМО;044500925;5734;АО ДЕМО БАНК;;;;
40802810999900000001;Дебет;Исходящие платежи;Транзакция;20.01.2026;20.01.2026;100608;01;643;52138;643;Вознаграждение подрядчику за 01.2026;Оплата услуг подрядчика по акту HR-202601-2. НДС не облагается.;40802810999900000001;990000000001;0;ИП ДЕМОНОВ АЛЕКСЕЙ ТЕСТОВИЧ;044500999;30101810999990000999;40817810999940000002;DEMO-HR-002;990400000002;0;САМОЗАНЯТЫЙ ДЕМО СПЕЦИАЛИСТ 02;044500932;30101810999990000932;40817810999940000002;990400000002;САМОЗАНЯТЫЙ ДЕМО СПЕЦИАЛИСТ 02;044500932;;АО ДЕМО БАНК;;;;
40802810999900000001;Дебет;Услуги банка;Транзакция;20.01.2026;20.01.2026;100614;17;643;490;643;Плата за обслуживание счета;Плата за обслуживание расчетного счета за 01.2026. Договор DEMO-BANK-001.;40802810999900000001;990000000001;0;ИП ДЕМОНОВ АЛЕКСЕЙ ТЕСТОВИЧ;044500999;30101810999990000999;47423810999900000001;DEMO-BANK-001;9900000002;990001001;АО ДЕМО БАНК;044500999;30101810999990000999;47423810999900000001;9900000002;АО ДЕМО БАНК;044500999;;АО ДЕМО БАНК;;;;
40802810999900000001;Дебет;Услуги банка;Транзакция;20.01.2026;20.01.2026;100615;17;643;199;643;Плата за услугу оповещения об операциях;Плата за уведомления и SMS-банк за 01.2026.;40802810999900000001;990000000001;0;ИП ДЕМОНОВ АЛЕКСЕЙ ТЕСТОВИЧ;044500999;30101810999990000999;47423810999900000001;DEMO-BANK-001;9900000002;990001001;АО ДЕМО БАНК;044500999;30101810999990000999;47423810999900000001;9900000002;АО ДЕМО БАНК;044500999;;АО ДЕМО БАНК;;;;
40802810999900000001;Кредит;Входящие платежи;Транзакция;21.01.2026;21.01.2026;100587;01;643;41612,77;643;Оплата от покупателя по счету DEMO-202601-002;Оплата товаров по счету DEMO-202601-002. НДС не облагается.;40702810999910000004;9901000004;990101004;ООО ДЕЛЬТА-ШОП;044500904;30101810999990000904;40802810999900000001;Договор DEMO-0004;990000000001;0;ИП ДЕМОНОВ АЛЕКСЕЙ ТЕСТОВИЧ;044500999;30101810999990000999;40702810999910000004;9901000004;ООО ДЕЛЬТА-ШОП;044500904;;АО ДЕМО БАНК;;;;
40802810999900000001;Дебет;Исходящие платежи;Транзакция;21.01.2026;21.01.2026;100609;01;643;58063;643;Вознаграждение подрядчику за 01.2026;Оплата услуг подрядчика по акту HR-202601-3. НДС не облагается.;40802810999900000001;990000000001;0;ИП ДЕМОНОВ АЛЕКСЕЙ ТЕСТОВИЧ;044500999;30101810999990000999;40802810999940000003;DEMO-HR-003;990400000003;0;ИП ТЕСТОВА МАРИЯ ДЕМО;044500933;30101810999990000933;40802810999940000003;990400000003;ИП ТЕСТОВА МАРИЯ ДЕМО;044500933;;АО ДЕМО БАНК;;;;
40802810999900000001;Дебет;Возвраты контрагентам;Транзакция;21.01.2026;21.01.2026;100619;17;643;16625,17;643;Возврат денежных средств покупателю;Возврат покупателю по реестру REFUND-202601.;40802810999900000001;990000000001;0;ИП ДЕМОНОВ АЛЕКСЕЙ ТЕСТОВИЧ;044500999;30101810999990000999;30232810999900000001;DEMO-ACQ-001;9900000030;990001003;АО ДЕМО ЭКВАЙРИНГ;044500996;30101810999990000996;30232810999900000001;9900000030;АО ДЕМО ЭКВАЙРИНГ;044500996;;АО ДЕМО ЭКВАЙРИНГ;;;;
40802810999900000001;Дебет;Исходящие платежи;Транзакция;23.01.2026;23.01.2026;100603;01;643;58354,14;643;Оплата поставщику за партию сырья 2026-01-3;Оплата материалов и производства по счету SUP-202601-3. В том числе НДС 20%.;40802810999900000001;990000000001;0;ИП ДЕМОНОВ АЛЕКСЕЙ ТЕСТОВИЧ;044500999;30101810999990000999;40702810999920000002;DEMO-SUPPLY-001;9902000001;990201001;ООО ДЕМО СЫРЬЁ;044500911;30101810999990000912;40702810999920000002;9902000001;ООО ДЕМО СЫРЬЁ;044500911;;АО ДЕМО БАНК;;;;
40802810999900000001;Дебет;Исходящие платежи;Транзакция;23.01.2026;23.01.2026;100613;01;643;9615;643;Прочие операционные услуги;Разовые операционные услуги MISC-202601.;40802810999900000001;990000000001;0;ИП ДЕМОНОВ АЛЕКСЕЙ ТЕСТОВИЧ;044500999;30101810999990000999;40702810999950000001;MISC-DEMO-001;9905000001;990501001;ООО ПРОЧИЕ УСЛУГИ ДЕМО;044500941;30101810999990000941;40702810999950000001;9905000001;ООО ПРОЧИЕ УСЛУГИ ДЕМО;044500941;;АО ДЕМО БАНК;;;;
40802810999900000001;Дебет;Платежи в налоговую;Транзакция;25.01.2026;25.01.2026;100617;01;643;45138,78;643;ЕНП. Налог по УСН;Единый налоговый платеж. УСН 6%. Период 01.2026.;40802810999900000001;990000000001;0;ИП ДЕМОНОВ АЛЕКСЕЙ ТЕСТОВИЧ;044500999;30101810999990000999;03100643999900000001;;9900000010;990001001;КАЗНАЧЕЙСТВО ДЕМО (ФНС ДЕМО);017000999;40102810999990000999;03100643999900000001;9900000010;КАЗНАЧЕЙСТВО ДЕМО (ФНС ДЕМО);017000999;;КАЗНАЧЕЙСТВО ДЕМО;18210501011011000110;ТП;МС.01.2026;0
40802810999900000001;Кредит;Входящие платежи;Транзакция;26.01.2026;26.01.2026;100594;17;643;54939,57;643;Зачисление выручки ИНТЕРНЕТ-ЭКВАЙРИНГ по реестру 202601002;Перевод средств по реестру операций 202601002. Канал: ИНТЕРНЕТ-ЭКВАЙРИНГ. НДС не облагается.;30232810999900000001;9900000030;990001003;АО ДЕМО ЭКВАЙРИНГ;044500996;30101810999990000996;40802810999900000001;DEMO-ACQ-001;990000000001;0;ИП ДЕМОНОВ АЛЕКСЕЙ ТЕСТОВИЧ;044500999;30101810999990000999;30232810999900000001;9900000030;АО ДЕМО ЭКВАЙРИНГ;044500996;;АО ДЕМО ЭКВАЙРИНГ;;;;
40802810999900000001;Кредит;Входящие платежи;Транзакция;27.01.2026;27.01.2026;100595;17;643;50291,5;643;Зачисление выручки СБП по реестру 202601003;Перевод средств по реестру операций 202601003. Канал: СБП. НДС не облагается.;30232810999900000001;9900000030;990001003;АО ДЕМО ЭКВАЙРИНГ;044500996;30101810999990000996;40802810999900000001;DEMO-ACQ-001;990000000001;0;ИП ДЕМОНОВ АЛЕКСЕЙ ТЕСТОВИЧ;044500999;30101810999990000999;30232810999900000001;9900000030;АО ДЕМО ЭКВАЙРИНГ;044500996;;АО ДЕМО ЭКВАЙРИНГ;;;;
40802810999900000001;Дебет;Услуги банка;Транзакция;27.01.2026;27.01.2026;100616;17;643;6990,82;643;Комиссия за интернет-эквайринг и СБП;Комиссия за обработку платежей по реестрам 01.2026.;40802810999900000001;990000000001;0;ИП ДЕМОНОВ АЛЕКСЕЙ ТЕСТОВИЧ;044500999;30101810999990000999;30232810999900000001;DEMO-ACQ-001;9900000030;990001003;АО ДЕМО ЭКВАЙРИНГ;044500996;30101810999990000996;30232810999900000001;9900000030;АО ДЕМО ЭКВАЙРИНГ;044500996;;АО ДЕМО ЭКВАЙРИНГ;;;;
40802810999900000001;Дебет;Исходящие платежи;Транзакция;27.01.2026;27.01.2026;100622;01;643;2523;643;Пени и прочие расходы;Прочие расходы: пени по договору и корректировка взаиморасчетов.;40802810999900000001;990000000001;0;ИП ДЕМОНОВ АЛЕКСЕЙ ТЕСТОВИЧ;044500999;30101810999990000999;40702810999950000001;MISC-DEMO-001;9905000001;990501001;ООО ПРОЧИЕ УСЛУГИ ДЕМО;044500941;30101810999990000941;40702810999950000001;9905000001;ООО ПРОЧИЕ УСЛУГИ ДЕМО;044500941;;АО ДЕМО БАНК;;;;
40802810999900000001;Кредит;Входящие платежи;Транзакция;28.01.2026;28.01.2026;100618;17;643;1581,4;643;Проценты на остаток и бизнес-кэшбэк;Начисление процентов и кэшбэка за 01.2026.;47423810999900000001;9900000002;990001001;АО ДЕМО БАНК;044500999;30101810999990000999;40802810999900000001;DEMO-BANK-001;990000000001;0;ИП ДЕМОНОВ АЛЕКСЕЙ ТЕСТОВИЧ;044500999;30101810999990000999;47423810999900000001;9900000002;АО ДЕМО БАНК;044500999;;АО ДЕМО БАНК;;;;
40802810999900000001;Дебет;Исходящие платежи;Транзакция;02.02.2026;02.02.2026;100645;01;643;93000;643;Аренда помещения за 02.2026;Арендная плата по договору RENT-DEMO-001 за 02.2026.;40802810999900000001;990000000001;0;ИП ДЕМОНОВ АЛЕКСЕЙ ТЕСТОВИЧ;044500999;30101810999990000999;40702810999930000003;RENT-DEMO-001;9903000003;990301003;ООО БИЗНЕС-ЦЕНТР ДЕМО;044500923;30101810999990000923;40702810999930000003;9903000003;ООО БИЗНЕС-ЦЕНТР ДЕМО;044500923;;АО ДЕМО БАНК;;;;
40802810999900000001;Кредит;Входящие платежи;Транзакция;03.02.2026;03.02.2026;100623;01;643;112204,99;643;Оплата от покупателя по счету DEMO-202602-001;Оплата товаров по счету DEMO-202602-001. НДС не облагается.;40702810999910000004;9901000004;990101004;ООО ДЕЛЬТА-ШОП;044500904;30101810999990000904;40802810999900000001;Договор DEMO-0004;990000000001;0;ИП ДЕМОНОВ АЛЕКСЕЙ ТЕСТОВИЧ;044500999;30101810999990000999;40702810999910000004;9901000004;ООО ДЕЛЬТА-ШОП;044500904;;АО ДЕМО БАНК;;;;
40802810999900000001;Кредит;Входящие платежи;Транзакция;03.02.2026;03.02.2026;100624;01;643;90425,47;643;Оплата от покупателя по счету DEMO-202602-002;Оплата товаров по счету DEMO-202602-002. НДС не облагается.;40702810999910000001;9901000001;990101001;ООО АЛЬФА-ДЕМО;044500901;30101810999990000901;40802810999900000001;Договор DEMO-0001;990000000001;0;ИП ДЕМОНОВ АЛЕКСЕЙ ТЕСТОВИЧ;044500999;30101810999990000999;40702810999910000001;9901000001;ООО АЛЬФА-ДЕМО;044500901;;АО ДЕМО БАНК;;;;
40802810999900000001;Кредит;Входящие платежи;Транзакция;03.02.2026;03.02.2026;100625;01;643;85828,91;643;Оплата от покупателя по счету DEMO-202602-003;Оплата товаров по счету DEMO-202602-003. НДС не облагается.;40702810999910000002;9901000003;990101002;ООО БЕТА-ТЕСТ;044500902;30101810999990000902;40802810999900000001;Договор DEMO-0002;990000000001;0;ИП ДЕМОНОВ АЛЕКСЕЙ ТЕСТОВИЧ;044500999;30101810999990000999;40702810999910000002;9901000003;ООО БЕТА-ТЕСТ;044500902;;АО ДЕМО БАНК;;;;
40802810999900000001;Кредит;Входящие платежи;Транзакция;04.02.2026;04.02.2026;100633;17;643;39102,57;643;Зачисление выручки ИНТЕРНЕТ-ЭКВАЙРИНГ по реестру 202602007;Перевод средств по реестру операций 202602007. Канал: ИНТЕРНЕТ-ЭКВАЙРИНГ. НДС не облагается.;30232810999900000001;9900000030;990001003;АО ДЕМО ЭКВАЙРИНГ;044500996;30101810999990000996;40802810999900000001;DEMO-ACQ-001;990000000001;0;ИП ДЕМОНОВ АЛЕКСЕЙ ТЕСТОВИЧ;044500999;30101810999990000999;30232810999900000001;9900000030;АО ДЕМО ЭКВАЙРИНГ;044500996;;АО ДЕМО ЭКВАЙРИНГ;;;;
40802810999900000001;Дебет;Исходящие платежи;Транзакция;07.02.2026;07.02.2026;100647;01;643;10097;643;Подписка на программное обеспечение;Лицензии и облачные сервисы за 02.2026.;40802810999900000001;990000000001;0;ИП ДЕМОНОВ АЛЕКСЕЙ ТЕСТОВИЧ;044500999;30101810999990000999;40702810999930000005;SOFT-DEMO-001;9903000005;990301005;ООО СОФТ ДЕМО;044500925;30101810999990000925;40702810999930000005;9903000005;ООО СОФТ ДЕМО;044500925;;АО ДЕМО БАНК;;;;
40802810999900000001;Дебет;Исходящие платежи;Транзакция;08.02.2026;08.02.2026;100641;01;643;44267;643;Маркетинг и реклама за 02.2026;"Рекламная кампания MEDIA-202602; продвижение и аналитика.";40802810999900000001;990000000001;0;ИП ДЕМОНОВ АЛЕКСЕЙ ТЕСТОВИЧ;044500999;30101810999990000999;40702810999930000002;DEMO-MEDIA-001;9903000002;990301002;ООО МЕДИА ТЕСТ;044500922;30101810999990000922;40702810999930000002;9903000002;ООО МЕДИА ТЕСТ;044500922;;АО ДЕМО БАНК;;;;
40802810999900000001;Кредит;Входящие платежи;Транзакция;09.02.2026;07.02.2026;100630;17;643;54660,36;643;Зачисление выручки ИНТЕРНЕТ-ЭКВАЙРИНГ по реестру 202602004;Перевод средств по реестру операций 202602004. Канал: ИНТЕРНЕТ-ЭКВАЙРИНГ. НДС не облагается.;30232810999900000001;9900000030;990001003;АО ДЕМО ЭКВАЙРИНГ;044500996;30101810999990000996;40802810999900000001;DEMO-ACQ-001;990000000001;0;ИП ДЕМОНОВ АЛЕКСЕЙ ТЕСТОВИЧ;044500999;30101810999990000999;30232810999900000001;9900000030;АО ДЕМО ЭКВАЙРИНГ;044500996;;АО ДЕМО ЭКВАЙРИНГ;;;;
40802810999900000001;Кредит;Входящие платежи;Транзакция;10.02.2026;10.02.2026;100626;01;643;112135,19;643;Оплата от покупателя по счету DEMO-202602-004;Оплата товаров по счету DEMO-202602-004. НДС не облагается.;40702810999910000004;9901000003;990101003;ООО ГАММА-МАРКЕТ;044500903;30101810999990000903;40802810999900000001;Договор DEMO-0003;990000000001;0;ИП ДЕМОНОВ АЛЕКСЕЙ ТЕСТОВИЧ;044500999;30101810999990000999;40702810999910000004;9901000003;ООО ГАММА-МАРКЕТ;044500903;;АО ДЕМО БАНК;;;;
40802810999900000001;Кредит;Входящие платежи;Транзакция;10.02.2026;10.02.2026;100627;17;643;68615,26;643;Зачисление выручки ИНТЕРНЕТ-ЭКВАЙРИНГ по реестру 202602001;Перевод средств по реестру операций 202602001. Канал: ИНТЕРНЕТ-ЭКВАЙРИНГ. НДС не облагается.;30232810999900000001;9900000030;990001003;АО ДЕМО ЭКВАЙРИНГ;044500996;30101810999990000996;40802810999900000001;DEMO-ACQ-001;990000000001;0;ИП ДЕМОНОВ АЛЕКСЕЙ ТЕСТОВИЧ;044500999;30101810999990000999;30232810999900000001;9900000030;АО ДЕМО ЭКВАЙРИНГ;044500996;;АО ДЕМО ЭКВАЙРИНГ;;;;
40802810999900000001;Кредит;Входящие платежи;Транзакция;10.02.2026;10.02.2026;100631;17;643;62121,7;643;Зачисление выручки ИНТЕРНЕТ-ЭКВАЙРИНГ по реестру 202602005;Перевод средств по реестру операций 202602005. Канал: ИНТЕРНЕТ-ЭКВАЙРИНГ. НДС не облагается.;30232810999900000001;9900000030;990001003;АО ДЕМО ЭКВАЙРИНГ;044500996;30101810999990000996;40802810999900000001;DEMO-ACQ-001;990000000001;0;ИП ДЕМОНОВ АЛЕКСЕЙ ТЕСТОВИЧ;044500999;30101810999990000999;30232810999900000001;9900000030;АО ДЕМО ЭКВАЙРИНГ;044500996;;АО ДЕМО ЭКВАЙРИНГ;;;;
40802810999900000001;Дебет;Исходящие платежи;Транзакция;11.02.2026;11.02.2026;100636;01;643;137125,23;643;Оплата поставщику за партию сырья 2026-02-1;Оплата материалов и производства по счету SUP-202602-1. В том числе НДС 20%.;40802810999900000001;990000000001;0;ИП ДЕМОНОВ АЛЕКСЕЙ ТЕСТОВИЧ;044500999;30101810999990000999;40702810999920000002;DEMO-SUPPLY-001;9902000001;990201001;ООО ДЕМО СЫРЬЁ;044500911;30101810999990000912;40702810999920000002;9902000001;ООО ДЕМО СЫРЬЁ;044500911;;АО ДЕМО БАНК;;;;
40802810999900000001;Дебет;Исходящие платежи;Транзакция;11.02.2026;11.02.2026;100639;01;643;26754;643;Разработка продукта и тестовые образцы за 02.2026;Изготовление прототипов и тестовой партии по этапу DEV-202602.;40802810999900000001;990000000001;0;ИП ДЕМОНОВ АЛЕКСЕЙ ТЕСТОВИЧ;044500999;30101810999990000999;40702810999920000003;DEMO-RND-001;9902000003;990201003;ООО МАКЕТ-ЛАБ;044500913;30101810999990000913;40702810999920000003;9902000003;ООО МАКЕТ-ЛАБ;044500913;;АО ДЕМО БАНК;;;;
40802810999900000001;Дебет;Оплата картой;Транзакция;12.02.2026;12.02.2026;;17;643;3511,71;643;Оплата корпоративной подписки DEMO CLOUD;Оплата по корпоративной карте: облачное программное обеспечение.;40802810999900000001;990000000001;0;ИП ДЕМОНОВ АЛЕКСЕЙ ТЕСТОВИЧ;044500999;30101810999990000999;40702810999930000005;;9903000005;990301005;ООО СОФТ ДЕМО;044500925;30101810999990000925;40702810999930000005;9903000005;ООО СОФТ ДЕМО;044500925;5734;АО ДЕМО БАНК;;;;
40802810999900000001;Дебет;Кредитование;Транзакция;12.02.2026;12.02.2026;100654;35;643;65000;643;Погашение основной суммы кредита;Погашение основного долга по договору LOAN-DEMO-001 за 02.2026.;40802810999900000001;990000000001;0;ИП ДЕМОНОВ АЛЕКСЕЙ ТЕСТОВИЧ;044500999;30101810999990000999;45207810999900000001;LOAN-DEMO-001;9900000020;990001002;АО ДЕМО КРЕДИТ;044500997;30101810999990000997;45207810999900000001;9900000020;АО ДЕМО КРЕДИТ;044500997;;АО ДЕМО КРЕДИТ;;;;
40802810999900000001;Дебет;Кредитование;Транзакция;12.02.2026;12.02.2026;100655;35;643;8760;643;Проценты по кредиту;Уплата процентов по договору LOAN-DEMO-001 за 02.2026.;40802810999900000001;990000000001;0;ИП ДЕМОНОВ АЛЕКСЕЙ ТЕСТОВИЧ;044500999;30101810999990000999;45207810999900000001;LOAN-DEMO-001;9900000020;990001002;АО ДЕМО КРЕДИТ;044500997;30101810999990000997;45207810999900000001;9900000020;АО ДЕМО КРЕДИТ;044500997;;АО ДЕМО КРЕДИТ;;;;
40802810999900000001;Дебет;Исходящие платежи;Транзакция;14.02.2026;14.02.2026;100640;01;643;19995;643;Логистика и доставка заказов за 02.2026;Транспортные услуги по реестру LOG-202602.;40802810999900000001;990000000001;0;ИП ДЕМОНОВ АЛЕКСЕЙ ТЕСТОВИЧ;044500999;30101810999990000999;40702810999930000001;DEMO-LOG-001;9903000001;990301001;ООО ДЕМО ЛОГИСТИКА;044500921;30101810999990000921;40702810999930000001;9903000001;ООО ДЕМО ЛОГИСТИКА;044500921;;АО ДЕМО БАНК;;;;
40802810999900000001;Дебет;Оплата картой;Транзакция;16.02.2026;16.02.2026;;17;643;7998,58;643;Канцелярские и хозяйственные товары;Оплата по корпоративной карте: офисные и хозяйственные расходы.;40802810999900000001;990000000001;0;ИП ДЕМОНОВ АЛЕКСЕЙ ТЕСТОВИЧ;044500999;30101810999990000999;40702810999930000006;;9903000006;990301006;ООО ОФИС ДЕМО;044500926;30101810999990000926;40702810999930000006;9903000006;ООО ОФИС ДЕМО;044500926;5943;АО ДЕМО БАНК;;;;
40802810999900000001;Дебет;Исходящие платежи;Транзакция;16.02.2026;16.02.2026;100646;01;643;14544;643;Коммунальные расходы за 02.2026;Электроэнергия, связь и коммунальные услуги за 02.2026.;40802810999900000001;990000000001;0;ИП ДЕМОНОВ АЛЕКСЕЙ ТЕСТОВИЧ;044500999;30101810999990000999;40702810999930000005;UTIL-DEMO-001;9903000004;990301004;ООО ОБЛАКО ДЕМО;044500924;30101810999990000925;40702810999930000005;9903000004;ООО ОБЛАКО ДЕМО;044500924;;АО ДЕМО БАНК;;;;
40802810999900000001;Дебет;Исходящие платежи;Транзакция;17.02.2026;17.02.2026;100637;01;643;96279,42;643;Оплата поставщику за партию сырья 2026-02-2;Оплата материалов и производства по счету SUP-202602-2. В том числе НДС 20%.;40802810999900000001;990000000001;0;ИП ДЕМОНОВ АЛЕКСЕЙ ТЕСТОВИЧ;044500999;30101810999990000999;40702810999920000002;DEMO-SUPPLY-001;9902000002;990201002;ООО ТЕСТ ПРОИЗВОДСТВО;044500912;30101810999990000912;40702810999920000002;9902000002;ООО ТЕСТ ПРОИЗВОДСТВО;044500912;;АО ДЕМО БАНК;;;;
40802810999900000001;Кредит;Входящие платежи;Транзакция;18.02.2026;18.02.2026;100628;17;643;28813,81;643;Зачисление выручки ИНТЕРНЕТ-ЭКВАЙРИНГ по реестру 202602002;Перевод средств по реестру операций 202602002. Канал: ИНТЕРНЕТ-ЭКВАЙРИНГ. НДС не облагается.;30232810999900000001;9900000030;990001003;АО ДЕМО ЭКВАЙРИНГ;044500996;30101810999990000996;40802810999900000001;DEMO-ACQ-001;990000000001;0;ИП ДЕМОНОВ АЛЕКСЕЙ ТЕСТОВИЧ;044500999;30101810999990000999;30232810999900000001;9900000030;АО ДЕМО ЭКВАЙРИНГ;044500996;;АО ДЕМО ЭКВАЙРИНГ;;;;
40802810999900000001;Дебет;Исходящие платежи;Транзакция;19.02.2026;19.02.2026;100642;01;643;56076;643;Вознаграждение подрядчику за 02.2026;Оплата услуг подрядчика по акту HR-202602-1. НДС не облагается.;40802810999900000001;990000000001;0;ИП ДЕМОНОВ АЛЕКСЕЙ ТЕСТОВИЧ;044500999;30101810999990000999;40817810999940000001;DEMO-HR-001;990400000001;0;САМОЗАНЯТЫЙ ДЕМО СПЕЦИАЛИСТ 01;044500931;30101810999990000931;40817810999940000001;990400000001;САМОЗАНЯТЫЙ ДЕМО СПЕЦИАЛИСТ 01;044500931;;АО ДЕМО БАНК;;;;
40802810999900000001;Дебет;Исходящие платежи;Транзакция;20.02.2026;20.02.2026;100643;01;643;44712;643;Вознаграждение подрядчику за 02.2026;Оплата услуг подрядчика по акту HR-202602-2. НДС не облагается.;40802810999900000001;990000000001;0;ИП ДЕМОНОВ АЛЕКСЕЙ ТЕСТОВИЧ;044500999;30101810999990000999;40817810999940000002;DEMO-HR-002;990400000002;0;САМОЗАНЯТЫЙ ДЕМО СПЕЦИАЛИСТ 02;044500932;30101810999990000932;40817810999940000002;990400000002;САМОЗАНЯТЫЙ ДЕМО СПЕЦИАЛИСТ 02;044500932;;АО ДЕМО БАНК;;;;
40802810999900000001;Дебет;Услуги банка;Транзакция;20.02.2026;20.02.2026;100648;17;643;490;643;Плата за обслуживание счета;Плата за обслуживание расчетного счета за 02.2026. Договор DEMO-BANK-001.;40802810999900000001;990000000001;0;ИП ДЕМОНОВ АЛЕКСЕЙ ТЕСТОВИЧ;044500999;30101810999990000999;47423810999900000001;DEMO-BANK-001;9900000002;990001001;АО ДЕМО БАНК;044500999;30101810999990000999;47423810999900000001;9900000002;АО ДЕМО БАНК;044500999;;АО ДЕМО БАНК;;;;
40802810999900000001;Дебет;Услуги банка;Транзакция;20.02.2026;20.02.2026;100649;17;643;199;643;Плата за услугу оповещения об операциях;Плата за уведомления и SMS-банк за 02.2026.;40802810999900000001;990000000001;0;ИП ДЕМОНОВ АЛЕКСЕЙ ТЕСТОВИЧ;044500999;30101810999990000999;47423810999900000001;DEMO-BANK-001;9900000002;990001001;АО ДЕМО БАНК;044500999;30101810999990000999;47423810999900000001;9900000002;АО ДЕМО БАНК;044500999;;АО ДЕМО БАНК;;;;
40802810999900000001;Дебет;Исходящие платежи;Транзакция;21.02.2026;21.02.2026;100644;01;643;63952;643;Вознаграждение подрядчику за 02.2026;Оплата услуг подрядчика по акту HR-202602-3. НДС не облагается.;40802810999900000001;990000000001;0;ИП ДЕМОНОВ АЛЕКСЕЙ ТЕСТОВИЧ;044500999;30101810999990000999;40802810999940000003;DEMO-HR-003;990400000003;0;ИП ТЕСТОВА МАРИЯ ДЕМО;044500933;30101810999990000933;40802810999940000003;990400000003;ИП ТЕСТОВА МАРИЯ ДЕМО;044500933;;АО ДЕМО БАНК;;;;
40802810999900000001;Кредит;Входящие платежи;Транзакция;23.02.2026;22.02.2026;100629;17;643;38403,16;643;Зачисление выручки СБП по реестру 202602003;Перевод средств по реестру операций 202602003. Канал: СБП. НДС не облагается.;30232810999900000001;9900000030;990001003;АО ДЕМО ЭКВАЙРИНГ;044500996;30101810999990000996;40802810999900000001;DEMO-ACQ-001;990000000001;0;ИП ДЕМОНОВ АЛЕКСЕЙ ТЕСТОВИЧ;044500999;30101810999990000999;30232810999900000001;9900000030;АО ДЕМО ЭКВАЙРИНГ;044500996;;АО ДЕМО ЭКВАЙРИНГ;;;;
40802810999900000001;Дебет;Исходящие платежи;Транзакция;23.02.2026;23.02.2026;100638;01;643;58351,16;643;Оплата поставщику за партию сырья 2026-02-3;Оплата материалов и производства по счету SUP-202602-3. В том числе НДС 20%.;40802810999900000001;990000000001;0;ИП ДЕМОНОВ АЛЕКСЕЙ ТЕСТОВИЧ;044500999;30101810999990000999;40702810999920000002;DEMO-SUPPLY-001;9902000001;990201001;ООО ДЕМО СЫРЬЁ;044500911;30101810999990000912;40702810999920000002;9902000001;ООО ДЕМО СЫРЬЁ;044500911;;АО ДЕМО БАНК;;;;
40802810999900000001;Дебет;Платежи в налоговую;Транзакция;25.02.2026;25.02.2026;100651;01;643;49141,1;643;ЕНП. Налог по УСН;Единый налоговый платеж. УСН 6%. Период 02.2026.;40802810999900000001;990000000001;0;ИП ДЕМОНОВ АЛЕКСЕЙ ТЕСТОВИЧ;044500999;30101810999990000999;03100643999900000001;;9900000010;990001001;КАЗНАЧЕЙСТВО ДЕМО (ФНС ДЕМО);017000999;40102810999990000999;03100643999900000001;9900000010;КАЗНАЧЕЙСТВО ДЕМО (ФНС ДЕМО);017000999;;КАЗНАЧЕЙСТВО ДЕМО;18210501011011000110;ТП;МС.02.2026;0
40802810999900000001;Кредит;Входящие платежи;Транзакция;26.02.2026;26.02.2026;100635;17;643;30480,04;643;Зачисление выручки СБП по реестру 202602009;Перевод средств по реестру операций 202602009. Канал: СБП. НДС не облагается.;30232810999900000001;9900000030;990001003;АО ДЕМО ЭКВАЙРИНГ;044500996;30101810999990000996;40802810999900000001;DEMO-ACQ-001;990000000001;0;ИП ДЕМОНОВ АЛЕКСЕЙ ТЕСТОВИЧ;044500999;30101810999990000999;30232810999900000001;9900000030;АО ДЕМО ЭКВАЙРИНГ;044500996;;АО ДЕМО ЭКВАЙРИНГ;;;;
40802810999900000001;Кредит;Входящие платежи;Транзакция;27.02.2026;27.02.2026;100632;17;643;65465,95;643;Зачисление выручки СБП по реестру 202602006;Перевод средств по реестру операций 202602006. Канал: СБП. НДС не облагается.;30232810999900000001;9900000030;990001003;АО ДЕМО ЭКВАЙРИНГ;044500996;30101810999990000996;40802810999900000001;DEMO-ACQ-001;990000000001;0;ИП ДЕМОНОВ АЛЕКСЕЙ ТЕСТОВИЧ;044500999;30101810999990000999;30232810999900000001;9900000030;АО ДЕМО ЭКВАЙРИНГ;044500996;;АО ДЕМО ЭКВАЙРИНГ;;;;
40802810999900000001;Кредит;Входящие платежи;Транзакция;27.02.2026;27.02.2026;100634;17;643;30761;643;Зачисление выручки ИНТЕРНЕТ-ЭКВАЙРИНГ по реестру 202602008;Перевод средств по реестру операций 202602008. Канал: ИНТЕРНЕТ-ЭКВАЙРИНГ. НДС не облагается.;30232810999900000001;9900000030;990001003;АО ДЕМО ЭКВАЙРИНГ;044500996;30101810999990000996;40802810999900000001;DEMO-ACQ-001;990000000001;0;ИП ДЕМОНОВ АЛЕКСЕЙ ТЕСТОВИЧ;044500999;30101810999990000999;30232810999900000001;9900000030;АО ДЕМО ЭКВАЙРИНГ;044500996;;АО ДЕМО ЭКВАЙРИНГ;;;;
40802810999900000001;Дебет;Услуги банка;Транзакция;27.02.2026;27.02.2026;100650;17;643;8039,86;643;Комиссия за интернет-эквайринг и СБП;Комиссия за обработку платежей по реестрам 02.2026.;40802810999900000001;990000000001;0;ИП ДЕМОНОВ АЛЕКСЕЙ ТЕСТОВИЧ;044500999;30101810999990000999;30232810999900000001;DEMO-ACQ-001;9900000030;990001003;АО ДЕМО ЭКВАЙРИНГ;044500996;30101810999990000996;30232810999900000001;9900000030;АО ДЕМО ЭКВАЙРИНГ;044500996;;АО ДЕМО ЭКВАЙРИНГ;;;;
40802810999900000001;Кредит;Входящие платежи;Транзакция;28.02.2026;28.02.2026;100652;17;643;849,81;643;Проценты на остаток и бизнес-кэшбэк;Начисление процентов и кэшбэка за 02.2026.;47423810999900000001;9900000002;990001001;АО ДЕМО БАНК;044500999;30101810999990000999;40802810999900000001;DEMO-BANK-001;990000000001;0;ИП ДЕМОНОВ АЛЕКСЕЙ ТЕСТОВИЧ;044500999;30101810999990000999;47423810999900000001;9900000002;АО ДЕМО БАНК;044500999;;АО ДЕМО БАНК;;;;
40802810999900000001;Дебет;Исходящие платежи;Транзакция;28.02.2026;28.02.2026;100653;01;643;52521;643;Изъятие собственника;Перевод собственных средств предпринимателю. НДС не облагается.;40802810999900000001;990000000001;0;ИП ДЕМОНОВ АЛЕКСЕЙ ТЕСТОВИЧ;044500999;30101810999990000999;40817810999900000002;OWNER-DEMO;990000000001;0;ДЕМОНОВ АЛЕКСЕЙ ТЕСТОВИЧ;044500998;30101810999990000998;40817810999900000002;990000000001;ДЕМОНОВ АЛЕКСЕЙ ТЕСТОВИЧ;044500998;;АО ДЕМО БАНК;;;;
40802810999900000001;Дебет;Исходящие платежи;Транзакция;02.03.2026;02.03.2026;100681;01;643;93000;643;Аренда помещения за 03.2026;Арендная плата по договору RENT-DEMO-001 за 03.2026.;40802810999900000001;990000000001;0;ИП ДЕМОНОВ АЛЕКСЕЙ ТЕСТОВИЧ;044500999;30101810999990000999;40702810999930000003;RENT-DEMO-001;9903000003;990301003;ООО БИЗНЕС-ЦЕНТР ДЕМО;044500923;30101810999990000923;40702810999930000003;9903000003;ООО БИЗНЕС-ЦЕНТР ДЕМО;044500923;;АО ДЕМО БАНК;;;;
40802810999900000001;Кредит;Входящие платежи;Транзакция;05.03.2026;05.03.2026;100657;01;643;54942,75;643;Оплата от покупателя по счету DEMO-202603-002;Оплата товаров по счету DEMO-202603-002. НДС не облагается.;40702810999910000002;9901000003;990101002;ООО БЕТА-ТЕСТ;044500902;30101810999990000902;40802810999900000001;Договор DEMO-0002;990000000001;0;ИП ДЕМОНОВ АЛЕКСЕЙ ТЕСТОВИЧ;044500999;30101810999990000999;40702810999910000002;9901000003;ООО БЕТА-ТЕСТ;044500902;;АО ДЕМО БАНК;;;;
40802810999900000001;Кредит;Входящие платежи;Транзакция;05.03.2026;05.03.2026;100668;17;643;76031,21;643;Зачисление выручки СБП по реестру 202603006;Перевод средств по реестру операций 202603006. Канал: СБП. НДС не облагается.;30232810999900000001;9900000030;990001003;АО ДЕМО ЭКВАЙРИНГ;044500996;30101810999990000996;40802810999900000001;DEMO-ACQ-001;990000000001;0;ИП ДЕМОНОВ АЛЕКСЕЙ ТЕСТОВИЧ;044500999;30101810999990000999;30232810999900000001;9900000030;АО ДЕМО ЭКВАЙРИНГ;044500996;;АО ДЕМО ЭКВАЙРИНГ;;;;
40802810999900000001;Кредит;Входящие платежи;Транзакция;05.03.2026;05.03.2026;100670;17;643;54432,4;643;Зачисление выручки ИНТЕРНЕТ-ЭКВАЙРИНГ по реестру 202603008;Перевод средств по реестру операций 202603008. Канал: ИНТЕРНЕТ-ЭКВАЙРИНГ. НДС не облагается.;30232810999900000001;9900000030;990001003;АО ДЕМО ЭКВАЙРИНГ;044500996;30101810999990000996;40802810999900000001;DEMO-ACQ-001;990000000001;0;ИП ДЕМОНОВ АЛЕКСЕЙ ТЕСТОВИЧ;044500999;30101810999990000999;30232810999900000001;9900000030;АО ДЕМО ЭКВАЙРИНГ;044500996;;АО ДЕМО ЭКВАЙРИНГ;;;;
40802810999900000001;Дебет;Исходящие платежи;Транзакция;07.03.2026;07.03.2026;100683;01;643;12428;643;Подписка на программное обеспечение;Лицензии и облачные сервисы за 03.2026.;40802810999900000001;990000000001;0;ИП ДЕМОНОВ АЛЕКСЕЙ ТЕСТОВИЧ;044500999;30101810999990000999;40702810999930000005;SOFT-DEMO-001;9903000005;990301005;ООО СОФТ ДЕМО;044500925;30101810999990000925;40702810999930000005;9903000005;ООО СОФТ ДЕМО;044500925;;АО ДЕМО БАНК;;;;
40802810999900000001;Дебет;Исходящие платежи;Транзакция;08.03.2026;08.03.2026;100677;01;643;27417;643;Маркетинг и реклама за 03.2026;"Рекламная кампания MEDIA-202603; продвижение и аналитика.";40802810999900000001;990000000001;0;ИП ДЕМОНОВ АЛЕКСЕЙ ТЕСТОВИЧ;044500999;30101810999990000999;40702810999930000002;DEMO-MEDIA-001;9903000002;990301002;ООО МЕДИА ТЕСТ;044500922;30101810999990000922;40702810999930000002;9903000002;ООО МЕДИА ТЕСТ;044500922;;АО ДЕМО БАНК;;;;
40802810999900000001;Дебет;Исходящие платежи;Транзакция;11.03.2026;11.03.2026;100672;01;643;165997,29;643;Оплата поставщику за партию сырья 2026-03-1;Оплата материалов и производства по счету SUP-202603-1. В том числе НДС 20%.;40802810999900000001;990000000001;0;ИП ДЕМОНОВ АЛЕКСЕЙ ТЕСТОВИЧ;044500999;30101810999990000999;40702810999920000002;DEMO-SUPPLY-001;9902000001;990201001;ООО ДЕМО СЫРЬЁ;044500911;30101810999990000912;40702810999920000002;9902000001;ООО ДЕМО СЫРЬЁ;044500911;;АО ДЕМО БАНК;;;;
40802810999900000001;Дебет;Исходящие платежи;Транзакция;11.03.2026;11.03.2026;100675;01;643;83633;643;Разработка продукта и тестовые образцы за 03.2026;Изготовление прототипов и тестовой партии по этапу DEV-202603.;40802810999900000001;990000000001;0;ИП ДЕМОНОВ АЛЕКСЕЙ ТЕСТОВИЧ;044500999;30101810999990000999;40702810999920000003;DEMO-RND-001;9902000003;990201003;ООО МАКЕТ-ЛАБ;044500913;30101810999990000913;40702810999920000003;9902000003;ООО МАКЕТ-ЛАБ;044500913;;АО ДЕМО БАНК;;;;
40802810999900000001;Дебет;Кредитование;Транзакция;12.03.2026;12.03.2026;100690;35;643;65000;643;Погашение основной суммы кредита;Погашение основного долга по договору LOAN-DEMO-001 за 03.2026.;40802810999900000001;990000000001;0;ИП ДЕМОНОВ АЛЕКСЕЙ ТЕСТОВИЧ;044500999;30101810999990000999;45207810999900000001;LOAN-DEMO-001;9900000020;990001002;АО ДЕМО КРЕДИТ;044500997;30101810999990000997;45207810999900000001;9900000020;АО ДЕМО КРЕДИТ;044500997;;АО ДЕМО КРЕДИТ;;;;
40802810999900000001;Дебет;Кредитование;Транзакция;12.03.2026;12.03.2026;100691;35;643;8330;643;Проценты по кредиту;Уплата процентов по договору LOAN-DEMO-001 за 03.2026.;40802810999900000001;990000000001;0;ИП ДЕМОНОВ АЛЕКСЕЙ ТЕСТОВИЧ;044500999;30101810999990000999;45207810999900000001;LOAN-DEMO-001;9900000020;990001002;АО ДЕМО КРЕДИТ;044500997;30101810999990000997;45207810999900000001;9900000020;АО ДЕМО КРЕДИТ;044500997;;АО ДЕМО КРЕДИТ;;;;
40802810999900000001;Кредит;Входящие платежи;Транзакция;13.03.2026;13.03.2026;100661;01;643;51637,98;643;Оплата от покупателя по счету DEMO-202603-006;Оплата товаров по счету DEMO-202603-006. НДС не облагается.;40702810999910000002;9901000003;990101002;ООО БЕТА-ТЕСТ;044500902;30101810999990000902;40802810999900000001;Договор DEMO-0002;990000000001;0;ИП ДЕМОНОВ АЛЕКСЕЙ ТЕСТОВИЧ;044500999;30101810999990000999;40702810999910000002;9901000003;ООО БЕТА-ТЕСТ;044500902;;АО ДЕМО БАНК;;;;
40802810999900000001;Дебет;Исходящие платежи;Транзакция;14.03.2026;14.03.2026;100676;01;643;25404;643;Логистика и доставка заказов за 03.2026;Транспортные услуги по реестру LOG-202603.;40802810999900000001;990000000001;0;ИП ДЕМОНОВ АЛЕКСЕЙ ТЕСТОВИЧ;044500999;30101810999990000999;40702810999930000001;DEMO-LOG-001;9903000001;990301001;ООО ДЕМО ЛОГИСТИКА;044500921;30101810999990000921;40702810999930000001;9903000001;ООО ДЕМО ЛОГИСТИКА;044500921;;АО ДЕМО БАНК;;;;
40802810999900000001;Кредит;Входящие платежи;Транзакция;16.03.2026;16.03.2026;100665;17;643;49104,17;643;Зачисление выручки СБП по реестру 202603003;Перевод средств по реестру операций 202603003. Канал: СБП. НДС не облагается.;30232810999900000001;9900000030;990001003;АО ДЕМО ЭКВАЙРИНГ;044500996;30101810999990000996;40802810999900000001;DEMO-ACQ-001;990000000001;0;ИП ДЕМОНОВ АЛЕКСЕЙ ТЕСТОВИЧ;044500999;30101810999990000999;30232810999900000001;9900000030;АО ДЕМО ЭКВАЙРИНГ;044500996;;АО ДЕМО ЭКВАЙРИНГ;;;;
40802810999900000001;Дебет;Исходящие платежи;Транзакция;16.03.2026;16.03.2026;100682;01;643;12379;643;Коммунальные расходы за 03.2026;Электроэнергия, связь и коммунальные услуги за 03.2026.;40802810999900000001;990000000001;0;ИП ДЕМОНОВ АЛЕКСЕЙ ТЕСТОВИЧ;044500999;30101810999990000999;40702810999930000005;UTIL-DEMO-001;9903000004;990301004;ООО ОБЛАКО ДЕМО;044500924;30101810999990000925;40702810999930000005;9903000004;ООО ОБЛАКО ДЕМО;044500924;;АО ДЕМО БАНК;;;;
40802810999900000001;Дебет;Оплата картой;Транзакция;17.03.2026;17.03.2026;;17;643;1697,1;643;Оплата корпоративной подписки DEMO CLOUD;Оплата по корпоративной карте: облачное программное обеспечение.;40802810999900000001;990000000001;0;ИП ДЕМОНОВ АЛЕКСЕЙ ТЕСТОВИЧ;044500999;30101810999990000999;40702810999930000005;;9903000005;990301005;ООО СОФТ ДЕМО;044500925;30101810999990000925;40702810999930000005;9903000005;ООО СОФТ ДЕМО;044500925;5734;АО ДЕМО БАНК;;;;
40802810999900000001;Дебет;Оплата картой;Транзакция;17.03.2026;17.03.2026;;17;643;7925,79;643;Канцелярские и хозяйственные товары;Оплата по корпоративной карте: офисные и хозяйственные расходы.;40802810999900000001;990000000001;0;ИП ДЕМОНОВ АЛЕКСЕЙ ТЕСТОВИЧ;044500999;30101810999990000999;40702810999930000006;;9903000006;990301006;ООО ОФИС ДЕМО;044500926;30101810999990000926;40702810999930000006;9903000006;ООО ОФИС ДЕМО;044500926;5943;АО ДЕМО БАНК;;;;
40802810999900000001;Кредит;Входящие платежи;Транзакция;17.03.2026;17.03.2026;100656;01;643;50746,23;643;Оплата от покупателя по счету DEMO-202603-001;Оплата товаров по счету DEMO-202603-001. НДС не облагается.;40702810999910000001;9901000001;990101001;ООО АЛЬФА-ДЕМО;044500901;30101810999990000901;40802810999900000001;Договор DEMO-0001;990000000001;0;ИП ДЕМОНОВ АЛЕКСЕЙ ТЕСТОВИЧ;044500999;30101810999990000999;40702810999910000001;9901000001;ООО АЛЬФА-ДЕМО;044500901;;АО ДЕМО БАНК;;;;
40802810999900000001;Кредит;Входящие платежи;Транзакция;17.03.2026;17.03.2026;100662;01;643;63848,32;643;Оплата от покупателя по счету DEMO-202603-007;Оплата товаров по счету DEMO-202603-007. НДС не облагается.;40702810999910000004;9901000003;990101003;ООО ГАММА-МАРКЕТ;044500903;30101810999990000903;40802810999900000001;Договор DEMO-0003;990000000001;0;ИП ДЕМОНОВ АЛЕКСЕЙ ТЕСТОВИЧ;044500999;30101810999990000999;40702810999910000004;9901000003;ООО ГАММА-МАРКЕТ;044500903;;АО ДЕМО БАНК;;;;
40802810999900000001;Дебет;Исходящие платежи;Транзакция;17.03.2026;17.03.2026;100673;01;643;116551,29;643;Оплата поставщику за партию сырья 2026-03-2;Оплата материалов и производства по счету SUP-202603-2. В том числе НДС 20%.;40802810999900000001;990000000001;0;ИП ДЕМОНОВ АЛЕКСЕЙ ТЕСТОВИЧ;044500999;30101810999990000999;40702810999920000002;DEMO-SUPPLY-001;9902000002;990201002;ООО ТЕСТ ПРОИЗВОДСТВО;044500912;30101810999990000912;40702810999920000002;9902000002;ООО ТЕСТ ПРОИЗВОДСТВО;044500912;;АО ДЕМО БАНК;;;;
40802810999900000001;Кредит;Входящие платежи;Транзакция;18.03.2026;18.03.2026;100659;01;643;82655,71;643;Оплата от покупателя по счету DEMO-202603-004;Оплата товаров по счету DEMO-202603-004. НДС не облагается.;40702810999910000004;9901000004;990101004;ООО ДЕЛЬТА-ШОП;044500904;30101810999990000904;40802810999900000001;Договор DEMO-0004;990000000001;0;ИП ДЕМОНОВ АЛЕКСЕЙ ТЕСТОВИЧ;044500999;30101810999990000999;40702810999910000004;9901000004;ООО ДЕЛЬТА-ШОП;044500904;;АО ДЕМО БАНК;;;;
40802810999900000001;Кредит;Входящие платежи;Транзакция;19.03.2026;19.03.2026;100663;17;643;40362,52;643;Зачисление выручки ИНТЕРНЕТ-ЭКВАЙРИНГ по реестру 202603001;Перевод средств по реестру операций 202603001. Канал: ИНТЕРНЕТ-ЭКВАЙРИНГ. НДС не облагается.;30232810999900000001;9900000030;990001003;АО ДЕМО ЭКВАЙРИНГ;044500996;30101810999990000996;40802810999900000001;DEMO-ACQ-001;990000000001;0;ИП ДЕМОНОВ АЛЕКСЕЙ ТЕСТОВИЧ;044500999;30101810999990000999;30232810999900000001;9900000030;АО ДЕМО ЭКВАЙРИНГ;044500996;;АО ДЕМО ЭКВАЙРИНГ;;;;
40802810999900000001;Дебет;Исходящие платежи;Транзакция;19.03.2026;19.03.2026;100678;01;643;56518;643;Вознаграждение подрядчику за 03.2026;Оплата услуг подрядчика по акту HR-202603-1. НДС не облагается.;40802810999900000001;990000000001;0;ИП ДЕМОНОВ АЛЕКСЕЙ ТЕСТОВИЧ;044500999;30101810999990000999;40817810999940000001;DEMO-HR-001;990400000001;0;САМОЗАНЯТЫЙ ДЕМО СПЕЦИАЛИСТ 01;044500931;30101810999990000931;40817810999940000001;990400000001;САМОЗАНЯТЫЙ ДЕМО СПЕЦИАЛИСТ 01;044500931;;АО ДЕМО БАНК;;;;
40802810999900000001;Дебет;Исходящие платежи;Транзакция;20.03.2026;20.03.2026;100679;01;643;58566;643;Вознаграждение подрядчику за 03.2026;Оплата услуг подрядчика по акту HR-202603-2. НДС не облагается.;40802810999900000001;990000000001;0;ИП ДЕМОНОВ АЛЕКСЕЙ ТЕСТОВИЧ;044500999;30101810999990000999;40817810999940000002;DEMO-HR-002;990400000002;0;САМОЗАНЯТЫЙ ДЕМО СПЕЦИАЛИСТ 02;044500932;30101810999990000932;40817810999940000002;990400000002;САМОЗАНЯТЫЙ ДЕМО СПЕЦИАЛИСТ 02;044500932;;АО ДЕМО БАНК;;;;
40802810999900000001;Дебет;Услуги банка;Транзакция;20.03.2026;20.03.2026;100684;17;643;490;643;Плата за обслуживание счета;Плата за обслуживание расчетного счета за 03.2026. Договор DEMO-BANK-001.;40802810999900000001;990000000001;0;ИП ДЕМОНОВ АЛЕКСЕЙ ТЕСТОВИЧ;044500999;30101810999990000999;47423810999900000001;DEMO-BANK-001;9900000002;990001001;АО ДЕМО БАНК;044500999;30101810999990000999;47423810999900000001;9900000002;АО ДЕМО БАНК;044500999;;АО ДЕМО БАНК;;;;
40802810999900000001;Дебет;Услуги банка;Транзакция;20.03.2026;20.03.2026;100685;17;643;199;643;Плата за услугу оповещения об операциях;Плата за уведомления и SMS-банк за 03.2026.;40802810999900000001;990000000001;0;ИП ДЕМОНОВ АЛЕКСЕЙ ТЕСТОВИЧ;044500999;30101810999990000999;47423810999900000001;DEMO-BANK-001;9900000002;990001001;АО ДЕМО БАНК;044500999;30101810999990000999;47423810999900000001;9900000002;АО ДЕМО БАНК;044500999;;АО ДЕМО БАНК;;;;
40802810999900000001;Дебет;Исходящие платежи;Транзакция;21.03.2026;21.03.2026;100680;01;643;67650;643;Вознаграждение подрядчику за 03.2026;Оплата услуг подрядчика по акту HR-202603-3. НДС не облагается.;40802810999900000001;990000000001;0;ИП ДЕМОНОВ АЛЕКСЕЙ ТЕСТОВИЧ;044500999;30101810999990000999;40802810999940000003;DEMO-HR-003;990400000003;0;ИП ТЕСТОВА МАРИЯ ДЕМО;044500933;30101810999990000933;40802810999940000003;990400000003;ИП ТЕСТОВА МАРИЯ ДЕМО;044500933;;АО ДЕМО БАНК;;;;
40802810999900000001;Кредит;Входящие платежи;Транзакция;23.03.2026;23.03.2026;100660;01;643;76357,61;643;Оплата от покупателя по счету DEMO-202603-005;Оплата товаров по счету DEMO-202603-005. НДС не облагается.;40702810999910000001;9901000001;990101001;ООО АЛЬФА-ДЕМО;044500901;30101810999990000901;40802810999900000001;Договор DEMO-0001;990000000001;0;ИП ДЕМОНОВ АЛЕКСЕЙ ТЕСТОВИЧ;044500999;30101810999990000999;40702810999910000001;9901000001;ООО АЛЬФА-ДЕМО;044500901;;АО ДЕМО БАНК;;;;
40802810999900000001;Дебет;Исходящие платежи;Транзакция;23.03.2026;23.03.2026;100674;01;643;70637,15;643;Оплата поставщику за партию сырья 2026-03-3;Оплата материалов и производства по счету SUP-202603-3. В том числе НДС 20%.;40802810999900000001;990000000001;0;ИП ДЕМОНОВ АЛЕКСЕЙ ТЕСТОВИЧ;044500999;30101810999990000999;40702810999920000002;DEMO-SUPPLY-001;9902000001;990201001;ООО ДЕМО СЫРЬЁ;044500911;30101810999990000912;40702810999920000002;9902000001;ООО ДЕМО СЫРЬЁ;044500911;;АО ДЕМО БАНК;;;;
40802810999900000001;Кредит;Входящие платежи;Транзакция;24.03.2026;24.03.2026;100658;01;643;60174,84;643;Оплата от покупателя по счету DEMO-202603-003;Оплата товаров по счету DEMO-202603-003. НДС не облагается.;40702810999910000004;9901000003;990101003;ООО ГАММА-МАРКЕТ;044500903;30101810999990000903;40802810999900000001;Договор DEMO-0003;990000000001;0;ИП ДЕМОНОВ АЛЕКСЕЙ ТЕСТОВИЧ;044500999;30101810999990000999;40702810999910000004;9901000003;ООО ГАММА-МАРКЕТ;044500903;;АО ДЕМО БАНК;;;;
40802810999900000001;Кредит;Входящие платежи;Транзакция;24.03.2026;24.03.2026;100666;17;643;82974,27;643;Зачисление выручки ИНТЕРНЕТ-ЭКВАЙРИНГ по реестру 202603004;Перевод средств по реестру операций 202603004. Канал: ИНТЕРНЕТ-ЭКВАЙРИНГ. НДС не облагается.;30232810999900000001;9900000030;990001003;АО ДЕМО ЭКВАЙРИНГ;044500996;30101810999990000996;40802810999900000001;DEMO-ACQ-001;990000000001;0;ИП ДЕМОНОВ АЛЕКСЕЙ ТЕСТОВИЧ;044500999;30101810999990000999;30232810999900000001;9900000030;АО ДЕМО ЭКВАЙРИНГ;044500996;;АО ДЕМО ЭКВАЙРИНГ;;;;
40802810999900000001;Кредит;Входящие платежи;Транзакция;25.03.2026;25.03.2026;100664;17;643;72442,41;643;Зачисление выручки ИНТЕРНЕТ-ЭКВАЙРИНГ по реестру 202603002;Перевод средств по реестру операций 202603002. Канал: ИНТЕРНЕТ-ЭКВАЙРИНГ. НДС не облагается.;30232810999900000001;9900000030;990001003;АО ДЕМО ЭКВАЙРИНГ;044500996;30101810999990000996;40802810999900000001;DEMO-ACQ-001;990000000001;0;ИП ДЕМОНОВ АЛЕКСЕЙ ТЕСТОВИЧ;044500999;30101810999990000999;30232810999900000001;9900000030;АО ДЕМО ЭКВАЙРИНГ;044500996;;АО ДЕМО ЭКВАЙРИНГ;;;;
40802810999900000001;Кредит;Входящие платежи;Транзакция;25.03.2026;25.03.2026;100669;17;643;44787,55;643;Зачисление выручки ИНТЕРНЕТ-ЭКВАЙРИНГ по реестру 202603007;Перевод средств по реестру операций 202603007. Канал: ИНТЕРНЕТ-ЭКВАЙРИНГ. НДС не облагается.;30232810999900000001;9900000030;990001003;АО ДЕМО ЭКВАЙРИНГ;044500996;30101810999990000996;40802810999900000001;DEMO-ACQ-001;990000000001;0;ИП ДЕМОНОВ АЛЕКСЕЙ ТЕСТОВИЧ;044500999;30101810999990000999;30232810999900000001;9900000030;АО ДЕМО ЭКВАЙРИНГ;044500996;;АО ДЕМО ЭКВАЙРИНГ;;;;
40802810999900000001;Дебет;Платежи в налоговую;Транзакция;25.03.2026;25.03.2026;100687;01;643;57136,06;643;ЕНП. Налог по УСН;Единый налоговый платеж. УСН 6%. Период 03.2026.;40802810999900000001;990000000001;0;ИП ДЕМОНОВ АЛЕКСЕЙ ТЕСТОВИЧ;044500999;30101810999990000999;03100643999900000001;;9900000010;990001001;КАЗНАЧЕЙСТВО ДЕМО (ФНС ДЕМО);017000999;40102810999990000999;03100643999900000001;9900000010;КАЗНАЧЕЙСТВО ДЕМО (ФНС ДЕМО);017000999;;КАЗНАЧЕЙСТВО ДЕМО;18210501011011000110;ТП;МС.03.2026;0
40802810999900000001;Кредит;Входящие платежи;Транзакция;26.03.2026;26.03.2026;100671;17;643;46669,11;643;Зачисление выручки СБП по реестру 202603009;Перевод средств по реестру операций 202603009. Канал: СБП. НДС не облагается.;30232810999900000001;9900000030;990001003;АО ДЕМО ЭКВАЙРИНГ;044500996;30101810999990000996;40802810999900000001;DEMO-ACQ-001;990000000001;0;ИП ДЕМОНОВ АЛЕКСЕЙ ТЕСТОВИЧ;044500999;30101810999990000999;30232810999900000001;9900000030;АО ДЕМО ЭКВАЙРИНГ;044500996;;АО ДЕМО ЭКВАЙРИНГ;;;;
40802810999900000001;Дебет;Платежи в налоговую;Транзакция;26.03.2026;26.03.2026;100688;01;643;37538;643;Страховые взносы за работников;Страховые взносы за квартал, окончание 03.2026.;40802810999900000001;990000000001;0;ИП ДЕМОНОВ АЛЕКСЕЙ ТЕСТОВИЧ;044500999;30101810999990000999;03100643999900000001;;9900000010;990001001;КАЗНАЧЕЙСТВО ДЕМО (ФНС ДЕМО);017000999;40102810999990000999;03100643999900000001;9900000010;КАЗНАЧЕЙСТВО ДЕМО (ФНС ДЕМО);017000999;;КАЗНАЧЕЙСТВО ДЕМО;18210202010061010160;ТП;КВ.01.2026;0
40802810999900000001;Кредит;Входящие платежи;Транзакция;27.03.2026;27.03.2026;100667;17;643;45100,62;643;Зачисление выручки ИНТЕРНЕТ-ЭКВАЙРИНГ по реестру 202603005;Перевод средств по реестру операций 202603005. Канал: ИНТЕРНЕТ-ЭКВАЙРИНГ. НДС не облагается.;30232810999900000001;9900000030;990001003;АО ДЕМО ЭКВАЙРИНГ;044500996;30101810999990000996;40802810999900000001;DEMO-ACQ-001;990000000001;0;ИП ДЕМОНОВ АЛЕКСЕЙ ТЕСТОВИЧ;044500999;30101810999990000999;30232810999900000001;9900000030;АО ДЕМО ЭКВАЙРИНГ;044500996;;АО ДЕМО ЭКВАЙРИНГ;;;;
40802810999900000001;Дебет;Услуги банка;Транзакция;27.03.2026;27.03.2026;100686;17;643;11177,05;643;Комиссия за интернет-эквайринг и СБП;Комиссия за обработку платежей по реестрам 03.2026.;40802810999900000001;990000000001;0;ИП ДЕМОНОВ АЛЕКСЕЙ ТЕСТОВИЧ;044500999;30101810999990000999;30232810999900000001;DEMO-ACQ-001;9900000030;990001003;АО ДЕМО ЭКВАЙРИНГ;044500996;30101810999990000996;30232810999900000001;9900000030;АО ДЕМО ЭКВАЙРИНГ;044500996;;АО ДЕМО ЭКВАЙРИНГ;;;;
40802810999900000001;Кредит;Входящие платежи;Транзакция;28.03.2026;28.03.2026;100689;17;643;2699,67;643;Проценты на остаток и бизнес-кэшбэк;Начисление процентов и кэшбэка за 03.2026.;47423810999900000001;9900000002;990001001;АО ДЕМО БАНК;044500999;30101810999990000999;40802810999900000001;DEMO-BANK-001;990000000001;0;ИП ДЕМОНОВ АЛЕКСЕЙ ТЕСТОВИЧ;044500999;30101810999990000999;47423810999900000001;9900000002;АО ДЕМО БАНК;044500999;;АО ДЕМО БАНК;;;;
40802810999900000001;Дебет;Исходящие платежи;Транзакция;02.04.2026;02.04.2026;100717;01;643;93000;643;Аренда помещения за 04.2026;Арендная плата по договору RENT-DEMO-001 за 04.2026.;40802810999900000001;990000000001;0;ИП ДЕМОНОВ АЛЕКСЕЙ ТЕСТОВИЧ;044500999;30101810999990000999;40702810999930000003;RENT-DEMO-001;9903000003;990301003;ООО БИЗНЕС-ЦЕНТР ДЕМО;044500923;30101810999990000923;40702810999930000003;9903000003;ООО БИЗНЕС-ЦЕНТР ДЕМО;044500923;;АО ДЕМО БАНК;;;;
40802810999900000001;Кредит;Входящие платежи;Транзакция;06.04.2026;04.04.2026;100700;17;643;48879,37;643;Зачисление выручки СБП по реестру 202604003;Перевод средств по реестру операций 202604003. Канал: СБП. НДС не облагается.;30232810999900000001;9900000030;990001003;АО ДЕМО ЭКВАЙРИНГ;044500996;30101810999990000996;40802810999900000001;DEMO-ACQ-001;990000000001;0;ИП ДЕМОНОВ АЛЕКСЕЙ ТЕСТОВИЧ;044500999;30101810999990000999;30232810999900000001;9900000030;АО ДЕМО ЭКВАЙРИНГ;044500996;;АО ДЕМО ЭКВАЙРИНГ;;;;
40802810999900000001;Кредит;Входящие платежи;Транзакция;06.04.2026;05.04.2026;100692;01;643;79136,25;643;Оплата от покупателя по счету DEMO-202604-001;Оплата товаров по счету DEMO-202604-001. НДС не облагается.;40702810999910000002;9901000003;990101002;ООО БЕТА-ТЕСТ;044500902;30101810999990000902;40802810999900000001;Договор DEMO-0002;990000000001;0;ИП ДЕМОНОВ АЛЕКСЕЙ ТЕСТОВИЧ;044500999;30101810999990000999;40702810999910000002;9901000003;ООО БЕТА-ТЕСТ;044500902;;АО ДЕМО БАНК;;;;
40802810999900000001;Кредит;Входящие платежи;Транзакция;06.04.2026;05.04.2026;100695;01;643;52673,02;643;Оплата от покупателя по счету DEMO-202604-004;Оплата товаров по счету DEMO-202604-004. НДС не облагается.;40702810999910000001;9901000001;990101001;ООО АЛЬФА-ДЕМО;044500901;30101810999990000901;40802810999900000001;Договор DEMO-0001;990000000001;0;ИП ДЕМОНОВ АЛЕКСЕЙ ТЕСТОВИЧ;044500999;30101810999990000999;40702810999910000001;9901000001;ООО АЛЬФА-ДЕМО;044500901;;АО ДЕМО БАНК;;;;
40802810999900000001;Кредит;Входящие платежи;Транзакция;06.04.2026;05.04.2026;100696;01;643;82447,63;643;Оплата от покупателя по счету DEMO-202604-005;Оплата товаров по счету DEMO-202604-005. НДС не облагается.;40702810999910000002;9901000003;990101002;ООО БЕТА-ТЕСТ;044500902;30101810999990000902;40802810999900000001;Договор DEMO-0002;990000000001;0;ИП ДЕМОНОВ АЛЕКСЕЙ ТЕСТОВИЧ;044500999;30101810999990000999;40702810999910000002;9901000003;ООО БЕТА-ТЕСТ;044500902;;АО ДЕМО БАНК;;;;
40802810999900000001;Кредит;Входящие платежи;Транзакция;06.04.2026;05.04.2026;100703;17;643;40446,41;643;Зачисление выручки СБП по реестру 202604006;Перевод средств по реестру операций 202604006. Канал: СБП. НДС не облагается.;30232810999900000001;9900000030;990001003;АО ДЕМО ЭКВАЙРИНГ;044500996;30101810999990000996;40802810999900000001;DEMO-ACQ-001;990000000001;0;ИП ДЕМОНОВ АЛЕКСЕЙ ТЕСТОВИЧ;044500999;30101810999990000999;30232810999900000001;9900000030;АО ДЕМО ЭКВАЙРИНГ;044500996;;АО ДЕМО ЭКВАЙРИНГ;;;;
40802810999900000001;Кредит;Входящие платежи;Транзакция;07.04.2026;07.04.2026;100693;01;643;67647,49;643;Оплата от покупателя по счету DEMO-202604-002;Оплата товаров по счету DEMO-202604-002. НДС не облагается.;40702810999910000004;9901000003;990101003;ООО ГАММА-МАРКЕТ;044500903;30101810999990000903;40802810999900000001;Договор DEMO-0003;990000000001;0;ИП ДЕМОНОВ АЛЕКСЕЙ ТЕСТОВИЧ;044500999;30101810999990000999;40702810999910000004;9901000003;ООО ГАММА-МАРКЕТ;044500903;;АО ДЕМО БАНК;;;;
40802810999900000001;Кредит;Входящие платежи;Транзакция;07.04.2026;07.04.2026;100699;17;643;39583,91;643;Зачисление выручки ИНТЕРНЕТ-ЭКВАЙРИНГ по реестру 202604002;Перевод средств по реестру операций 202604002. Канал: ИНТЕРНЕТ-ЭКВАЙРИНГ. НДС не облагается.;30232810999900000001;9900000030;990001003;АО ДЕМО ЭКВАЙРИНГ;044500996;30101810999990000996;40802810999900000001;DEMO-ACQ-001;990000000001;0;ИП ДЕМОНОВ АЛЕКСЕЙ ТЕСТОВИЧ;044500999;30101810999990000999;30232810999900000001;9900000030;АО ДЕМО ЭКВАЙРИНГ;044500996;;АО ДЕМО ЭКВАЙРИНГ;;;;
40802810999900000001;Кредит;Входящие платежи;Транзакция;07.04.2026;07.04.2026;100701;17;643;52441,59;643;Зачисление выручки ИНТЕРНЕТ-ЭКВАЙРИНГ по реестру 202604004;Перевод средств по реестру операций 202604004. Канал: ИНТЕРНЕТ-ЭКВАЙРИНГ. НДС не облагается.;30232810999900000001;9900000030;990001003;АО ДЕМО ЭКВАЙРИНГ;044500996;30101810999990000996;40802810999900000001;DEMO-ACQ-001;990000000001;0;ИП ДЕМОНОВ АЛЕКСЕЙ ТЕСТОВИЧ;044500999;30101810999990000999;30232810999900000001;9900000030;АО ДЕМО ЭКВАЙРИНГ;044500996;;АО ДЕМО ЭКВАЙРИНГ;;;;
40802810999900000001;Кредит;Входящие платежи;Транзакция;07.04.2026;07.04.2026;100704;17;643;58219,44;643;Зачисление выручки ИНТЕРНЕТ-ЭКВАЙРИНГ по реестру 202604007;Перевод средств по реестру операций 202604007. Канал: ИНТЕРНЕТ-ЭКВАЙРИНГ. НДС не облагается.;30232810999900000001;9900000030;990001003;АО ДЕМО ЭКВАЙРИНГ;044500996;30101810999990000996;40802810999900000001;DEMO-ACQ-001;990000000001;0;ИП ДЕМОНОВ АЛЕКСЕЙ ТЕСТОВИЧ;044500999;30101810999990000999;30232810999900000001;9900000030;АО ДЕМО ЭКВАЙРИНГ;044500996;;АО ДЕМО ЭКВАЙРИНГ;;;;
40802810999900000001;Кредит;Входящие платежи;Транзакция;07.04.2026;07.04.2026;100707;17;643;69662,29;643;Зачисление выручки ИНТЕРНЕТ-ЭКВАЙРИНГ по реестру 202604010;Перевод средств по реестру операций 202604010. Канал: ИНТЕРНЕТ-ЭКВАЙРИНГ. НДС не облагается.;30232810999900000001;9900000030;990001003;АО ДЕМО ЭКВАЙРИНГ;044500996;30101810999990000996;40802810999900000001;DEMO-ACQ-001;990000000001;0;ИП ДЕМОНОВ АЛЕКСЕЙ ТЕСТОВИЧ;044500999;30101810999990000999;30232810999900000001;9900000030;АО ДЕМО ЭКВАЙРИНГ;044500996;;АО ДЕМО ЭКВАЙРИНГ;;;;
40802810999900000001;Дебет;Исходящие платежи;Транзакция;07.04.2026;07.04.2026;100719;01;643;7631;643;Подписка на программное обеспечение;Лицензии и облачные сервисы за 04.2026.;40802810999900000001;990000000001;0;ИП ДЕМОНОВ АЛЕКСЕЙ ТЕСТОВИЧ;044500999;30101810999990000999;40702810999930000005;SOFT-DEMO-001;9903000005;990301005;ООО СОФТ ДЕМО;044500925;30101810999990000925;40702810999930000005;9903000005;ООО СОФТ ДЕМО;044500925;;АО ДЕМО БАНК;;;;
40802810999900000001;Кредит;Входящие платежи;Транзакция;08.04.2026;08.04.2026;100702;17;643;76703,68;643;Зачисление выручки ИНТЕРНЕТ-ЭКВАЙРИНГ по реестру 202604005;Перевод средств по реестру операций 202604005. Канал: ИНТЕРНЕТ-ЭКВАЙРИНГ. НДС не облагается.;30232810999900000001;9900000030;990001003;АО ДЕМО ЭКВАЙРИНГ;044500996;30101810999990000996;40802810999900000001;DEMO-ACQ-001;990000000001;0;ИП ДЕМОНОВ АЛЕКСЕЙ ТЕСТОВИЧ;044500999;30101810999990000999;30232810999900000001;9900000030;АО ДЕМО ЭКВАЙРИНГ;044500996;;АО ДЕМО ЭКВАЙРИНГ;;;;
40802810999900000001;Дебет;Исходящие платежи;Транзакция;08.04.2026;08.04.2026;100713;01;643;37901;643;Маркетинг и реклама за 04.2026;"Рекламная кампания MEDIA-202604; продвижение и аналитика.";40802810999900000001;990000000001;0;ИП ДЕМОНОВ АЛЕКСЕЙ ТЕСТОВИЧ;044500999;30101810999990000999;40702810999930000002;DEMO-MEDIA-001;9903000002;990301002;ООО МЕДИА ТЕСТ;044500922;30101810999990000922;40702810999930000002;9903000002;ООО МЕДИА ТЕСТ;044500922;;АО ДЕМО БАНК;;;;
40802810999900000001;Дебет;Оплата картой;Транзакция;10.04.2026;10.04.2026;;17;643;8002;643;Канцелярские и хозяйственные товары;Оплата по корпоративной карте: офисные и хозяйственные расходы.;40802810999900000001;990000000001;0;ИП ДЕМОНОВ АЛЕКСЕЙ ТЕСТОВИЧ;044500999;30101810999990000999;40702810999930000006;;9903000006;990301006;ООО ОФИС ДЕМО;044500926;30101810999990000926;40702810999930000006;9903000006;ООО ОФИС ДЕМО;044500926;5943;АО ДЕМО БАНК;;;;
40802810999900000001;Дебет;Исходящие платежи;Транзакция;11.04.2026;11.04.2026;100708;01;643;169635,97;643;Оплата поставщику за партию сырья 2026-04-1;Оплата материалов и производства по счету SUP-202604-1. В том числе НДС 20%.;40802810999900000001;990000000001;0;ИП ДЕМОНОВ АЛЕКСЕЙ ТЕСТОВИЧ;044500999;30101810999990000999;40702810999920000002;DEMO-SUPPLY-001;9902000001;990201001;ООО ДЕМО СЫРЬЁ;044500911;30101810999990000912;40702810999920000002;9902000001;ООО ДЕМО СЫРЬЁ;044500911;;АО ДЕМО БАНК;;;;
40802810999900000001;Дебет;Исходящие платежи;Транзакция;11.04.2026;11.04.2026;100711;01;643;18041;643;Разработка продукта и тестовые образцы за 04.2026;Изготовление прототипов и тестовой партии по этапу DEV-202604.;40802810999900000001;990000000001;0;ИП ДЕМОНОВ АЛЕКСЕЙ ТЕСТОВИЧ;044500999;30101810999990000999;40702810999920000003;DEMO-RND-001;9902000003;990201003;ООО МАКЕТ-ЛАБ;044500913;30101810999990000913;40702810999920000003;9902000003;ООО МАКЕТ-ЛАБ;044500913;;АО ДЕМО БАНК;;;;
40802810999900000001;Дебет;Кредитование;Транзакция;12.04.2026;12.04.2026;100728;35;643;65000;643;Погашение основной суммы кредита;Погашение основного долга по договору LOAN-DEMO-001 за 04.2026.;40802810999900000001;990000000001;0;ИП ДЕМОНОВ АЛЕКСЕЙ ТЕСТОВИЧ;044500999;30101810999990000999;45207810999900000001;LOAN-DEMO-001;9900000020;990001002;АО ДЕМО КРЕДИТ;044500997;30101810999990000997;45207810999900000001;9900000020;АО ДЕМО КРЕДИТ;044500997;;АО ДЕМО КРЕДИТ;;;;
40802810999900000001;Дебет;Кредитование;Транзакция;12.04.2026;12.04.2026;100729;35;643;7900;643;Проценты по кредиту;Уплата процентов по договору LOAN-DEMO-001 за 04.2026.;40802810999900000001;990000000001;0;ИП ДЕМОНОВ АЛЕКСЕЙ ТЕСТОВИЧ;044500999;30101810999990000999;45207810999900000001;LOAN-DEMO-001;9900000020;990001002;АО ДЕМО КРЕДИТ;044500997;30101810999990000997;45207810999900000001;9900000020;АО ДЕМО КРЕДИТ;044500997;;АО ДЕМО КРЕДИТ;;;;
40802810999900000001;Кредит;Входящие платежи;Транзакция;13.04.2026;12.04.2026;100694;01;643;92265,27;643;Оплата от покупателя по счету DEMO-202604-003;Оплата товаров по счету DEMO-202604-003. НДС не облагается.;40702810999910000004;9901000004;990101004;ООО ДЕЛЬТА-ШОП;044500904;30101810999990000904;40802810999900000001;Договор DEMO-0004;990000000001;0;ИП ДЕМОНОВ АЛЕКСЕЙ ТЕСТОВИЧ;044500999;30101810999990000999;40702810999910000004;9901000004;ООО ДЕЛЬТА-ШОП;044500904;;АО ДЕМО БАНК;;;;
40802810999900000001;Дебет;Исходящие платежи;Транзакция;14.04.2026;14.04.2026;100712;01;643;20083;643;Логистика и доставка заказов за 04.2026;Транспортные услуги по реестру LOG-202604.;40802810999900000001;990000000001;0;ИП ДЕМОНОВ АЛЕКСЕЙ ТЕСТОВИЧ;044500999;30101810999990000999;40702810999930000001;DEMO-LOG-001;9903000001;990301001;ООО ДЕМО ЛОГИСТИКА;044500921;30101810999990000921;40702810999930000001;9903000001;ООО ДЕМО ЛОГИСТИКА;044500921;;АО ДЕМО БАНК;;;;
40802810999900000001;Дебет;Оплата картой;Транзакция;15.04.2026;15.04.2026;;17;643;2141,65;643;Оплата корпоративной подписки DEMO CLOUD;Оплата по корпоративной карте: облачное программное обеспечение.;40802810999900000001;990000000001;0;ИП ДЕМОНОВ АЛЕКСЕЙ ТЕСТОВИЧ;044500999;30101810999990000999;40702810999930000005;;9903000005;990301005;ООО СОФТ ДЕМО;044500925;30101810999990000925;40702810999930000005;9903000005;ООО СОФТ ДЕМО;044500925;5734;АО ДЕМО БАНК;;;;
40802810999900000001;Дебет;Исходящие платежи;Транзакция;16.04.2026;16.04.2026;100718;01;643;14847;643;Коммунальные расходы за 04.2026;Электроэнергия, связь и коммунальные услуги за 04.2026.;40802810999900000001;990000000001;0;ИП ДЕМОНОВ АЛЕКСЕЙ ТЕСТОВИЧ;044500999;30101810999990000999;40702810999930000005;UTIL-DEMO-001;9903000004;990301004;ООО ОБЛАКО ДЕМО;044500924;30101810999990000925;40702810999930000005;9903000004;ООО ОБЛАКО ДЕМО;044500924;;АО ДЕМО БАНК;;;;
40802810999900000001;Дебет;Исходящие платежи;Транзакция;17.04.2026;17.04.2026;100709;01;643;119106,1;643;Оплата поставщику за партию сырья 2026-04-2;Оплата материалов и производства по счету SUP-202604-2. В том числе НДС 20%.;40802810999900000001;990000000001;0;ИП ДЕМОНОВ АЛЕКСЕЙ ТЕСТОВИЧ;044500999;30101810999990000999;40702810999920000002;DEMO-SUPPLY-001;9902000002;990201002;ООО ТЕСТ ПРОИЗВОДСТВО;044500912;30101810999990000912;40702810999920000002;9902000002;ООО ТЕСТ ПРОИЗВОДСТВО;044500912;;АО ДЕМО БАНК;;;;
40802810999900000001;Дебет;Переводы между счетами;Транзакция;17.04.2026;17.04.2026;100727;01;643;31745;643;Внутренний перевод между собственными счетами;Перевод между собственными счетами. Не является доходом или расходом.;40802810999900000001;990000000001;0;ИП ДЕМОНОВ АЛЕКСЕЙ ТЕСТОВИЧ;044500999;30101810999990000999;40817810999900000002;INTERNAL-DEMO;990000000001;0;ДЕМОНОВ АЛЕКСЕЙ ТЕСТОВИЧ;044500998;30101810999990000998;40817810999900000002;990000000001;ДЕМОНОВ АЛЕКСЕЙ ТЕСТОВИЧ;044500998;;АО ДЕМО БАНК;;;;
40802810999900000001;Дебет;Исходящие платежи;Транзакция;19.04.2026;19.04.2026;100714;01;643;59351;643;Вознаграждение подрядчику за 04.2026;Оплата услуг подрядчика по акту HR-202604-1. НДС не облагается.;40802810999900000001;990000000001;0;ИП ДЕМОНОВ АЛЕКСЕЙ ТЕСТОВИЧ;044500999;30101810999990000999;40817810999940000001;DEMO-HR-001;990400000001;0;САМОЗАНЯТЫЙ ДЕМО СПЕЦИАЛИСТ 01;044500931;30101810999990000931;40817810999940000001;990400000001;САМОЗАНЯТЫЙ ДЕМО СПЕЦИАЛИСТ 01;044500931;;АО ДЕМО БАНК;;;;
40802810999900000001;Кредит;Входящие платежи;Транзакция;20.04.2026;19.04.2026;100697;01;643;64534,69;643;Оплата от покупателя по счету DEMO-202604-006;Оплата товаров по счету DEMO-202604-006. НДС не облагается.;40702810999910000004;9901000003;990101003;ООО ГАММА-МАРКЕТ;044500903;30101810999990000903;40802810999900000001;Договор DEMO-0003;990000000001;0;ИП ДЕМОНОВ АЛЕКСЕЙ ТЕСТОВИЧ;044500999;30101810999990000999;40702810999910000004;9901000003;ООО ГАММА-МАРКЕТ;044500903;;АО ДЕМО БАНК;;;;
40802810999900000001;Дебет;Исходящие платежи;Транзакция;20.04.2026;20.04.2026;100715;01;643;50445;643;Вознаграждение подрядчику за 04.2026;Оплата услуг подрядчика по акту HR-202604-2. НДС не облагается.;40802810999900000001;990000000001;0;ИП ДЕМОНОВ АЛЕКСЕЙ ТЕСТОВИЧ;044500999;30101810999990000999;40817810999940000002;DEMO-HR-002;990400000002;0;САМОЗАНЯТЫЙ ДЕМО СПЕЦИАЛИСТ 02;044500932;30101810999990000932;40817810999940000002;990400000002;САМОЗАНЯТЫЙ ДЕМО СПЕЦИАЛИСТ 02;044500932;;АО ДЕМО БАНК;;;;
40802810999900000001;Дебет;Услуги банка;Транзакция;20.04.2026;20.04.2026;100720;17;643;490;643;Плата за обслуживание счета;Плата за обслуживание расчетного счета за 04.2026. Договор DEMO-BANK-001.;40802810999900000001;990000000001;0;ИП ДЕМОНОВ АЛЕКСЕЙ ТЕСТОВИЧ;044500999;30101810999990000999;47423810999900000001;DEMO-BANK-001;9900000002;990001001;АО ДЕМО БАНК;044500999;30101810999990000999;47423810999900000001;9900000002;АО ДЕМО БАНК;044500999;;АО ДЕМО БАНК;;;;
40802810999900000001;Дебет;Услуги банка;Транзакция;20.04.2026;20.04.2026;100721;17;643;199;643;Плата за услугу оповещения об операциях;Плата за уведомления и SMS-банк за 04.2026.;40802810999900000001;990000000001;0;ИП ДЕМОНОВ АЛЕКСЕЙ ТЕСТОВИЧ;044500999;30101810999990000999;47423810999900000001;DEMO-BANK-001;9900000002;990001001;АО ДЕМО БАНК;044500999;30101810999990000999;47423810999900000001;9900000002;АО ДЕМО БАНК;044500999;;АО ДЕМО БАНК;;;;
40802810999900000001;Кредит;Входящие платежи;Транзакция;21.04.2026;21.04.2026;100698;17;643;64605,98;643;Зачисление выручки ИНТЕРНЕТ-ЭКВАЙРИНГ по реестру 202604001;Перевод средств по реестру операций 202604001. Канал: ИНТЕРНЕТ-ЭКВАЙРИНГ. НДС не облагается.;30232810999900000001;9900000030;990001003;АО ДЕМО ЭКВАЙРИНГ;044500996;30101810999990000996;40802810999900000001;DEMO-ACQ-001;990000000001;0;ИП ДЕМОНОВ АЛЕКСЕЙ ТЕСТОВИЧ;044500999;30101810999990000999;30232810999900000001;9900000030;АО ДЕМО ЭКВАЙРИНГ;044500996;;АО ДЕМО ЭКВАЙРИНГ;;;;
40802810999900000001;Дебет;Исходящие платежи;Транзакция;21.04.2026;21.04.2026;100716;01;643;66294;643;Вознаграждение подрядчику за 04.2026;Оплата услуг подрядчика по акту HR-202604-3. НДС не облагается.;40802810999900000001;990000000001;0;ИП ДЕМОНОВ АЛЕКСЕЙ ТЕСТОВИЧ;044500999;30101810999990000999;40802810999940000003;DEMO-HR-003;990400000003;0;ИП ТЕСТОВА МАРИЯ ДЕМО;044500933;30101810999990000933;40802810999940000003;990400000003;ИП ТЕСТОВА МАРИЯ ДЕМО;044500933;;АО ДЕМО БАНК;;;;
40802810999900000001;Дебет;Возвраты контрагентам;Транзакция;21.04.2026;21.04.2026;100725;17;643;15882,46;643;Возврат денежных средств покупателю;Возврат покупателю по реестру REFUND-202604.;40802810999900000001;990000000001;0;ИП ДЕМОНОВ АЛЕКСЕЙ ТЕСТОВИЧ;044500999;30101810999990000999;30232810999900000001;DEMO-ACQ-001;9900000030;990001003;АО ДЕМО ЭКВАЙРИНГ;044500996;30101810999990000996;30232810999900000001;9900000030;АО ДЕМО ЭКВАЙРИНГ;044500996;;АО ДЕМО ЭКВАЙРИНГ;;;;
40802810999900000001;Кредит;Входящие платежи;Транзакция;22.04.2026;22.04.2026;100705;17;643;55057,88;643;Зачисление выручки ИНТЕРНЕТ-ЭКВАЙРИНГ по реестру 202604008;Перевод средств по реестру операций 202604008. Канал: ИНТЕРНЕТ-ЭКВАЙРИНГ. НДС не облагается.;30232810999900000001;9900000030;990001003;АО ДЕМО ЭКВАЙРИНГ;044500996;30101810999990000996;40802810999900000001;DEMO-ACQ-001;990000000001;0;ИП ДЕМОНОВ АЛЕКСЕЙ ТЕСТОВИЧ;044500999;30101810999990000999;30232810999900000001;9900000030;АО ДЕМО ЭКВАЙРИНГ;044500996;;АО ДЕМО ЭКВАЙРИНГ;;;;
40802810999900000001;Кредит;Входящие платежи;Транзакция;23.04.2026;23.04.2026;100706;17;643;61820,73;643;Зачисление выручки СБП по реестру 202604009;Перевод средств по реестру операций 202604009. Канал: СБП. НДС не облагается.;30232810999900000001;9900000030;990001003;АО ДЕМО ЭКВАЙРИНГ;044500996;30101810999990000996;40802810999900000001;DEMO-ACQ-001;990000000001;0;ИП ДЕМОНОВ АЛЕКСЕЙ ТЕСТОВИЧ;044500999;30101810999990000999;30232810999900000001;9900000030;АО ДЕМО ЭКВАЙРИНГ;044500996;;АО ДЕМО ЭКВАЙРИНГ;;;;
40802810999900000001;Дебет;Исходящие платежи;Транзакция;23.04.2026;23.04.2026;100710;01;643;72185,52;643;Оплата поставщику за партию сырья 2026-04-3;Оплата материалов и производства по счету SUP-202604-3. В том числе НДС 20%.;40802810999900000001;990000000001;0;ИП ДЕМОНОВ АЛЕКСЕЙ ТЕСТОВИЧ;044500999;30101810999990000999;40702810999920000002;DEMO-SUPPLY-001;9902000001;990201001;ООО ДЕМО СЫРЬЁ;044500911;30101810999990000912;40702810999920000002;9902000001;ООО ДЕМО СЫРЬЁ;044500911;;АО ДЕМО БАНК;;;;
40802810999900000001;Дебет;Платежи в налоговую;Транзакция;25.04.2026;25.04.2026;100723;01;643;60367,54;643;ЕНП. Налог по УСН;Единый налоговый платеж. УСН 6%. Период 04.2026.;40802810999900000001;990000000001;0;ИП ДЕМОНОВ АЛЕКСЕЙ ТЕСТОВИЧ;044500999;30101810999990000999;03100643999900000001;;9900000010;990001001;КАЗНАЧЕЙСТВО ДЕМО (ФНС ДЕМО);017000999;40102810999990000999;03100643999900000001;9900000010;КАЗНАЧЕЙСТВО ДЕМО (ФНС ДЕМО);017000999;;КАЗНАЧЕЙСТВО ДЕМО;18210501011011000110;ТП;МС.04.2026;0
40802810999900000001;Дебет;Услуги банка;Транзакция;27.04.2026;27.04.2026;100722;17;643;11828,73;643;Комиссия за интернет-эквайринг и СБП;Комиссия за обработку платежей по реестрам 04.2026.;40802810999900000001;990000000001;0;ИП ДЕМОНОВ АЛЕКСЕЙ ТЕСТОВИЧ;044500999;30101810999990000999;30232810999900000001;DEMO-ACQ-001;9900000030;990001003;АО ДЕМО ЭКВАЙРИНГ;044500996;30101810999990000996;30232810999900000001;9900000030;АО ДЕМО ЭКВАЙРИНГ;044500996;;АО ДЕМО ЭКВАЙРИНГ;;;;
40802810999900000001;Кредит;Входящие платежи;Транзакция;28.04.2026;28.04.2026;100724;17;643;2160,56;643;Проценты на остаток и бизнес-кэшбэк;Начисление процентов и кэшбэка за 04.2026.;47423810999900000001;9900000002;990001001;АО ДЕМО БАНК;044500999;30101810999990000999;40802810999900000001;DEMO-BANK-001;990000000001;0;ИП ДЕМОНОВ АЛЕКСЕЙ ТЕСТОВИЧ;044500999;30101810999990000999;47423810999900000001;9900000002;АО ДЕМО БАНК;044500999;;АО ДЕМО БАНК;;;;
40802810999900000001;Дебет;Исходящие платежи;Транзакция;29.04.2026;29.04.2026;100726;01;643;64967;643;Изъятие собственника;Перевод собственных средств предпринимателю. НДС не облагается.;40802810999900000001;990000000001;0;ИП ДЕМОНОВ АЛЕКСЕЙ ТЕСТОВИЧ;044500999;30101810999990000999;40817810999900000002;OWNER-DEMO;990000000001;0;ДЕМОНОВ АЛЕКСЕЙ ТЕСТОВИЧ;044500998;30101810999990000998;40817810999900000002;990000000001;ДЕМОНОВ АЛЕКСЕЙ ТЕСТОВИЧ;044500998;;АО ДЕМО БАНК;;;;
40802810999900000001;Дебет;Исходящие платежи;Транзакция;02.05.2026;02.05.2026;100754;01;643;93000;643;Аренда помещения за 05.2026;Арендная плата по договору RENT-DEMO-001 за 05.2026.;40802810999900000001;990000000001;0;ИП ДЕМОНОВ АЛЕКСЕЙ ТЕСТОВИЧ;044500999;30101810999990000999;40702810999930000003;RENT-DEMO-001;9903000003;990301003;ООО БИЗНЕС-ЦЕНТР ДЕМО;044500923;30101810999990000923;40702810999930000003;9903000003;ООО БИЗНЕС-ЦЕНТР ДЕМО;044500923;;АО ДЕМО БАНК;;;;
40802810999900000001;Кредит;Входящие платежи;Транзакция;04.05.2026;03.05.2026;100737;17;643;48012,74;643;Зачисление выручки ИНТЕРНЕТ-ЭКВАЙРИНГ по реестру 202605001;Перевод средств по реестру операций 202605001. Канал: ИНТЕРНЕТ-ЭКВАЙРИНГ. НДС не облагается.;30232810999900000001;9900000030;990001003;АО ДЕМО ЭКВАЙРИНГ;044500996;30101810999990000996;40802810999900000001;DEMO-ACQ-001;990000000001;0;ИП ДЕМОНОВ АЛЕКСЕЙ ТЕСТОВИЧ;044500999;30101810999990000999;30232810999900000001;9900000030;АО ДЕМО ЭКВАЙРИНГ;044500996;;АО ДЕМО ЭКВАЙРИНГ;;;;
40802810999900000001;Кредит;Входящие платежи;Транзакция;05.05.2026;;100744;17;643;88775,8;643;Зачисление выручки ИНТЕРНЕТ-ЭКВАЙРИНГ по реестру 202605008;Перевод средств по реестру операций 202605008. Канал: ИНТЕРНЕТ-ЭКВАЙРИНГ. НДС не облагается.;30232810999900000001;9900000030;990001003;АО ДЕМО ЭКВАЙРИНГ;044500996;30101810999990000996;40802810999900000001;DEMO-ACQ-001;990000000001;0;ИП ДЕМОНОВ АЛЕКСЕЙ ТЕСТОВИЧ;044500999;30101810999990000999;30232810999900000001;9900000030;АО ДЕМО ЭКВАЙРИНГ;044500996;;АО ДЕМО ЭКВАЙРИНГ;;;;
40802810999900000001;Дебет;Исходящие платежи;Транзакция;07.05.2026;07.05.2026;100756;01;643;11944;643;Подписка на программное обеспечение;Лицензии и облачные сервисы за 05.2026.;40802810999900000001;990000000001;0;ИП ДЕМОНОВ АЛЕКСЕЙ ТЕСТОВИЧ;044500999;30101810999990000999;40702810999930000005;SOFT-DEMO-001;9903000005;990301005;ООО СОФТ ДЕМО;044500925;30101810999990000925;40702810999930000005;9903000005;ООО СОФТ ДЕМО;044500925;;АО ДЕМО БАНК;;;;
40802810999900000001;Кредит;Входящие платежи;Транзакция;08.05.2026;08.05.2026;100730;01;643;50833,97;643;Оплата от покупателя по счету DEMO-202605-001;Оплата товаров по счету DEMO-202605-001. НДС не облагается.;40702810999910000004;9901000003;990101003;ООО ГАММА-МАРКЕТ;044500903;30101810999990000903;40802810999900000001;Договор DEMO-0003;990000000001;0;ИП ДЕМОНОВ АЛЕКСЕЙ ТЕСТОВИЧ;044500999;30101810999990000999;40702810999910000004;9901000003;ООО ГАММА-МАРКЕТ;044500903;;АО ДЕМО БАНК;;;;
40802810999900000001;Кредит;Входящие платежи;Транзакция;08.05.2026;08.05.2026;100738;17;643;62215,69;643;Зачисление выручки ИНТЕРНЕТ-ЭКВАЙРИНГ по реестру 202605002;Перевод средств по реестру операций 202605002. Канал: ИНТЕРНЕТ-ЭКВАЙРИНГ. НДС не облагается.;30232810999900000001;9900000030;990001003;АО ДЕМО ЭКВАЙРИНГ;044500996;30101810999990000996;40802810999900000001;DEMO-ACQ-001;990000000001;0;ИП ДЕМОНОВ АЛЕКСЕЙ ТЕСТОВИЧ;044500999;30101810999990000999;30232810999900000001;9900000030;АО ДЕМО ЭКВАЙРИНГ;044500996;;АО ДЕМО ЭКВАЙРИНГ;;;;
40802810999900000001;Дебет;Исходящие платежи;Транзакция;08.05.2026;08.05.2026;100750;01;643;34975;643;Маркетинг и реклама за 05.2026;"Рекламная кампания MEDIA-202605; продвижение и аналитика.";40802810999900000001;990000000001;0;ИП ДЕМОНОВ АЛЕКСЕЙ ТЕСТОВИЧ;044500999;30101810999990000999;40702810999930000002;DEMO-MEDIA-001;9903000002;990301002;ООО МЕДИА ТЕСТ;044500922;30101810999990000922;40702810999930000002;9903000002;ООО МЕДИА ТЕСТ;044500922;;АО ДЕМО БАНК;;;;
40802810999900000001;Кредит;Входящие платежи;Транзакция;11.05.2026;09.05.2026;100734;01;643;49065,04;643;Оплата от покупателя по счету DEMO-202605-005;Оплата товаров по счету DEMO-202605-005. НДС не облагается.;40702810999910000004;9901000003;990101003;ООО ГАММА-МАРКЕТ;044500903;30101810999990000903;40802810999900000001;Договор DEMO-0003;990000000001;0;ИП ДЕМОНОВ АЛЕКСЕЙ ТЕСТОВИЧ;044500999;30101810999990000999;40702810999910000004;9901000003;ООО ГАММА-МАРКЕТ;044500903;;АО ДЕМО БАНК;;;;
40802810999900000001;Кредит;Входящие платежи;Транзакция;11.05.2026;09.05.2026;100742;17;643;62091,4;643;Зачисление выручки СБП по реестру 202605006;Перевод средств по реестру операций 202605006. Канал: СБП. НДС не облагается.;30232810999900000001;9900000030;990001003;АО ДЕМО ЭКВАЙРИНГ;044500996;30101810999990000996;40802810999900000001;DEMO-ACQ-001;990000000001;0;ИП ДЕМОНОВ АЛЕКСЕЙ ТЕСТОВИЧ;044500999;30101810999990000999;30232810999900000001;9900000030;АО ДЕМО ЭКВАЙРИНГ;044500996;;АО ДЕМО ЭКВАЙРИНГ;;;;
40802810999900000001;Кредит;Входящие платежи;Транзакция;11.05.2026;09.05.2026;100743;17;643;100317,33;643;Зачисление выручки ИНТЕРНЕТ-ЭКВАЙРИНГ по реестру 202605007;Перевод средств по реестру операций 202605007. Канал: ИНТЕРНЕТ-ЭКВАЙРИНГ. НДС не облагается.;30232810999900000001;9900000030;990001003;АО ДЕМО ЭКВАЙРИНГ;044500996;30101810999990000996;40802810999900000001;DEMO-ACQ-001;990000000001;0;ИП ДЕМОНОВ АЛЕКСЕЙ ТЕСТОВИЧ;044500999;30101810999990000999;30232810999900000001;9900000030;АО ДЕМО ЭКВАЙРИНГ;044500996;;АО ДЕМО ЭКВАЙРИНГ;;;;
40802810999900000001;Кредит;Входящие платежи;Транзакция;11.05.2026;11.05.2026;100732;01;643;71346,57;643;Оплата от покупателя по счету DEMO-202605-003;Оплата товаров по счету DEMO-202605-003. НДС не облагается.;40702810999910000001;9901000001;990101001;ООО АЛЬФА-ДЕМО;044500901;30101810999990000901;40802810999900000001;Договор DEMO-0001;990000000001;0;ИП ДЕМОНОВ АЛЕКСЕЙ ТЕСТОВИЧ;044500999;30101810999990000999;40702810999910000001;9901000001;ООО АЛЬФА-ДЕМО;044500901;;АО ДЕМО БАНК;;;;
40802810999900000001;Дебет;Исходящие платежи;Транзакция;11.05.2026;11.05.2026;100745;01;643;151987,78;643;Оплата поставщику за партию сырья 2026-05-1;Оплата материалов и производства по счету SUP-202605-1. В том числе НДС 20%.;40802810999900000001;990000000001;0;ИП ДЕМОНОВ АЛЕКСЕЙ ТЕСТОВИЧ;044500999;30101810999990000999;40702810999920000002;DEMO-SUPPLY-001;9902000001;990201001;ООО ДЕМО СЫРЬЁ;044500911;30101810999990000912;40702810999920000002;9902000001;ООО ДЕМО СЫРЬЁ;044500911;;АО ДЕМО БАНК;;;;
40802810999900000001;Дебет;Исходящие платежи;Транзакция;11.05.2026;11.05.2026;100748;01;643;29596;643;Разработка продукта и тестовые образцы за 05.2026;Изготовление прототипов и тестовой партии по этапу DEV-202605.;40802810999900000001;990000000001;0;ИП ДЕМОНОВ АЛЕКСЕЙ ТЕСТОВИЧ;044500999;30101810999990000999;40702810999920000003;DEMO-RND-001;9902000003;990201003;ООО МАКЕТ-ЛАБ;044500913;30101810999990000913;40702810999920000003;9902000003;ООО МАКЕТ-ЛАБ;044500913;;АО ДЕМО БАНК;;;;
40802810999900000001;Дебет;Кредитование;Транзакция;12.05.2026;12.05.2026;100763;35;643;65000;643;Погашение основной суммы кредита;Погашение основного долга по договору LOAN-DEMO-001 за 05.2026.;40802810999900000001;990000000001;0;ИП ДЕМОНОВ АЛЕКСЕЙ ТЕСТОВИЧ;044500999;30101810999990000999;45207810999900000001;LOAN-DEMO-001;9900000020;990001002;АО ДЕМО КРЕДИТ;044500997;30101810999990000997;45207810999900000001;9900000020;АО ДЕМО КРЕДИТ;044500997;;АО ДЕМО КРЕДИТ;;;;
40802810999900000001;Дебет;Кредитование;Транзакция;12.05.2026;12.05.2026;100764;35;643;7470;643;Проценты по кредиту;Уплата процентов по договору LOAN-DEMO-001 за 05.2026.;40802810999900000001;990000000001;0;ИП ДЕМОНОВ АЛЕКСЕЙ ТЕСТОВИЧ;044500999;30101810999990000999;45207810999900000001;LOAN-DEMO-001;9900000020;990001002;АО ДЕМО КРЕДИТ;044500997;30101810999990000997;45207810999900000001;9900000020;АО ДЕМО КРЕДИТ;044500997;;АО ДЕМО КРЕДИТ;;;;
40802810999900000001;Дебет;Исходящие платежи;Транзакция;14.05.2026;14.05.2026;100749;01;643;23135;643;Логистика и доставка заказов за 05.2026;Транспортные услуги по реестру LOG-202605.;40802810999900000001;990000000001;0;ИП ДЕМОНОВ АЛЕКСЕЙ ТЕСТОВИЧ;044500999;30101810999990000999;40702810999930000001;DEMO-LOG-001;9903000001;990301001;ООО ДЕМО ЛОГИСТИКА;044500921;30101810999990000921;40702810999930000001;9903000001;ООО ДЕМО ЛОГИСТИКА;044500921;;АО ДЕМО БАНК;;;;
40802810999900000001;Дебет;Оплата картой;Транзакция;15.05.2026;15.05.2026;;17;643;1920,02;643;Оплата корпоративной подписки DEMO CLOUD;Оплата по корпоративной карте: облачное программное обеспечение.;40802810999900000001;990000000001;0;ИП ДЕМОНОВ АЛЕКСЕЙ ТЕСТОВИЧ;044500999;30101810999990000999;40702810999930000005;;9903000005;990301005;ООО СОФТ ДЕМО;044500925;30101810999990000925;40702810999930000005;9903000005;ООО СОФТ ДЕМО;044500925;5734;АО ДЕМО БАНК;;;;
40802810999900000001;Дебет;Исходящие платежи;Транзакция;16.05.2026;16.05.2026;100755;01;643;15250;643;Коммунальные расходы за 05.2026;Электроэнергия, связь и коммунальные услуги за 05.2026.;40802810999900000001;990000000001;0;ИП ДЕМОНОВ АЛЕКСЕЙ ТЕСТОВИЧ;044500999;30101810999990000999;40702810999930000005;UTIL-DEMO-001;9903000004;990301004;ООО ОБЛАКО ДЕМО;044500924;30101810999990000925;40702810999930000005;9903000004;ООО ОБЛАКО ДЕМО;044500924;;АО ДЕМО БАНК;;;;
40802810999900000001;Дебет;Оплата картой;Транзакция;17.05.2026;17.05.2026;;17;643;5119,83;643;Канцелярские и хозяйственные товары;Оплата по корпоративной карте: офисные и хозяйственные расходы.;40802810999900000001;990000000001;0;ИП ДЕМОНОВ АЛЕКСЕЙ ТЕСТОВИЧ;044500999;30101810999990000999;40702810999930000006;;9903000006;990301006;ООО ОФИС ДЕМО;044500926;30101810999990000926;40702810999930000006;9903000006;ООО ОФИС ДЕМО;044500926;5943;АО ДЕМО БАНК;;;;
40802810999900000001;Дебет;Исходящие платежи;Транзакция;17.05.2026;17.05.2026;100746;01;643;106714,82;643;Оплата поставщику за партию сырья 2026-05-2;Оплата материалов и производства по счету SUP-202605-2. В том числе НДС 20%.;40802810999900000001;990000000001;0;ИП ДЕМОНОВ АЛЕКСЕЙ ТЕСТОВИЧ;044500999;30101810999990000999;40702810999920000002;DEMO-SUPPLY-001;9902000002;990201002;ООО ТЕСТ ПРОИЗВОДСТВО;044500912;30101810999990000912;40702810999920000002;9902000002;ООО ТЕСТ ПРОИЗВОДСТВО;044500912;;АО ДЕМО БАНК;;;;
40802810999900000001;Кредит;Входящие платежи;Транзакция;18.05.2026;16.05.2026;100739;17;643;70593,35;643;Зачисление выручки СБП по реестру 202605003;Перевод средств по реестру операций 202605003. Канал: СБП. НДС не облагается.;30232810999900000001;9900000030;990001003;АО ДЕМО ЭКВАЙРИНГ;044500996;30101810999990000996;40802810999900000001;DEMO-ACQ-001;990000000001;0;ИП ДЕМОНОВ АЛЕКСЕЙ ТЕСТОВИЧ;044500999;30101810999990000999;30232810999900000001;9900000030;АО ДЕМО ЭКВАЙРИНГ;044500996;;АО ДЕМО ЭКВАЙРИНГ;;;;
40802810999900000001;Кредит;Входящие платежи;Транзакция;18.05.2026;17.05.2026;100736;01;643;41091,61;643;Оплата от покупателя по счету DEMO-202605-007;Оплата товаров по счету DEMO-202605-007. НДС не облагается.;40702810999910000001;9901000001;990101001;ООО АЛЬФА-ДЕМО;044500901;30101810999990000901;40802810999900000001;Договор DEMO-0001;990000000001;0;ИП ДЕМОНОВ АЛЕКСЕЙ ТЕСТОВИЧ;044500999;30101810999990000999;40702810999910000001;9901000001;ООО АЛЬФА-ДЕМО;044500901;;АО ДЕМО БАНК;;;;
40802810999900000001;Кредит;Входящие платежи;Транзакция;19.05.2026;19.05.2026;100740;17;643;51493,01;643;Зачисление выручки ИНТЕРНЕТ-ЭКВАЙРИНГ по реестру 202605004;Перевод средств по реестру операций 202605004. Канал: ИНТЕРНЕТ-ЭКВАЙРИНГ. НДС не облагается.;30232810999900000001;9900000030;990001003;АО ДЕМО ЭКВАЙРИНГ;044500996;30101810999990000996;40802810999900000001;DEMO-ACQ-001;990000000001;0;ИП ДЕМОНОВ АЛЕКСЕЙ ТЕСТОВИЧ;044500999;30101810999990000999;30232810999900000001;9900000030;АО ДЕМО ЭКВАЙРИНГ;044500996;;АО ДЕМО ЭКВАЙРИНГ;;;;
40802810999900000001;Дебет;Исходящие платежи;Транзакция;19.05.2026;19.05.2026;100751;01;643;58779;643;Вознаграждение подрядчику за 05.2026;Оплата услуг подрядчика по акту HR-202605-1. НДС не облагается.;40802810999900000001;990000000001;0;ИП ДЕМОНОВ АЛЕКСЕЙ ТЕСТОВИЧ;044500999;30101810999990000999;40817810999940000001;DEMO-HR-001;990400000001;0;САМОЗАНЯТЫЙ ДЕМО СПЕЦИАЛИСТ 01;044500931;30101810999990000931;40817810999940000001;990400000001;САМОЗАНЯТЫЙ ДЕМО СПЕЦИАЛИСТ 01;044500931;;АО ДЕМО БАНК;;;;
40802810999900000001;Дебет;Исходящие платежи;Транзакция;20.05.2026;20.05.2026;100752;01;643;57646;643;Вознаграждение подрядчику за 05.2026;Оплата услуг подрядчика по акту HR-202605-2. НДС не облагается.;40802810999900000001;990000000001;0;ИП ДЕМОНОВ АЛЕКСЕЙ ТЕСТОВИЧ;044500999;30101810999990000999;40817810999940000002;DEMO-HR-002;990400000002;0;САМОЗАНЯТЫЙ ДЕМО СПЕЦИАЛИСТ 02;044500932;30101810999990000932;40817810999940000002;990400000002;САМОЗАНЯТЫЙ ДЕМО СПЕЦИАЛИСТ 02;044500932;;АО ДЕМО БАНК;;;;
40802810999900000001;Дебет;Услуги банка;Транзакция;20.05.2026;20.05.2026;100758;17;643;490;643;Плата за обслуживание счета;Плата за обслуживание расчетного счета за 05.2026. Договор DEMO-BANK-001.;40802810999900000001;990000000001;0;ИП ДЕМОНОВ АЛЕКСЕЙ ТЕСТОВИЧ;044500999;30101810999990000999;47423810999900000001;DEMO-BANK-001;9900000002;990001001;АО ДЕМО БАНК;044500999;30101810999990000999;47423810999900000001;9900000002;АО ДЕМО БАНК;044500999;;АО ДЕМО БАНК;;;;
40802810999900000001;Дебет;Услуги банка;Транзакция;20.05.2026;20.05.2026;100759;17;643;199;643;Плата за услугу оповещения об операциях;Плата за уведомления и SMS-банк за 05.2026.;40802810999900000001;990000000001;0;ИП ДЕМОНОВ АЛЕКСЕЙ ТЕСТОВИЧ;044500999;30101810999990000999;47423810999900000001;DEMO-BANK-001;9900000002;990001001;АО ДЕМО БАНК;044500999;30101810999990000999;47423810999900000001;9900000002;АО ДЕМО БАНК;044500999;;АО ДЕМО БАНК;;;;
40802810999900000001;Дебет;Исходящие платежи;Транзакция;21.05.2026;21.05.2026;100753;01;643;65005;643;Вознаграждение подрядчику за 05.2026;Оплата услуг подрядчика по акту HR-202605-3. НДС не облагается.;40802810999900000001;990000000001;0;ИП ДЕМОНОВ АЛЕКСЕЙ ТЕСТОВИЧ;044500999;30101810999990000999;40802810999940000003;DEMO-HR-003;990400000003;0;ИП ТЕСТОВА МАРИЯ ДЕМО;044500933;30101810999990000933;40802810999940000003;990400000003;ИП ТЕСТОВА МАРИЯ ДЕМО;044500933;;АО ДЕМО БАНК;;;;
40802810999900000001;Кредит;Входящие платежи;Транзакция;22.05.2026;22.05.2026;100735;01;643;80772,26;643;Оплата от покупателя по счету DEMO-202605-006;Оплата товаров по счету DEMO-202605-006. НДС не облагается.;40702810999910000004;9901000004;990101004;ООО ДЕЛЬТА-ШОП;044500904;30101810999990000904;40802810999900000001;Договор DEMO-0004;990000000001;0;ИП ДЕМОНОВ АЛЕКСЕЙ ТЕСТОВИЧ;044500999;30101810999990000999;40702810999910000004;9901000004;ООО ДЕЛЬТА-ШОП;044500904;;АО ДЕМО БАНК;;;;
40802810999900000001;Дебет;Исходящие платежи;Транзакция;23.05.2026;23.05.2026;100747;01;643;64675,65;643;Оплата поставщику за партию сырья 2026-05-3;Оплата материалов и производства по счету SUP-202605-3. В том числе НДС 20%.;40802810999900000001;990000000001;0;ИП ДЕМОНОВ АЛЕКСЕЙ ТЕСТОВИЧ;044500999;30101810999990000999;40702810999920000002;DEMO-SUPPLY-001;9902000001;990201001;ООО ДЕМО СЫРЬЁ;044500911;30101810999990000912;40702810999920000002;9902000001;ООО ДЕМО СЫРЬЁ;044500911;;АО ДЕМО БАНК;;;;
40802810999900000001;Дебет;Исходящие платежи;Транзакция;23.05.2026;23.05.2026;100757;01;643;11747;643;Прочие операционные услуги;Разовые операционные услуги MISC-202605.;40802810999900000001;990000000001;0;ИП ДЕМОНОВ АЛЕКСЕЙ ТЕСТОВИЧ;044500999;30101810999990000999;40702810999950000001;MISC-DEMO-001;9905000001;990501001;ООО ПРОЧИЕ УСЛУГИ ДЕМО;044500941;30101810999990000941;40702810999950000001;9905000001;ООО ПРОЧИЕ УСЛУГИ ДЕМО;044500941;;АО ДЕМО БАНК;;;;
40802810999900000001;Кредит;Входящие платежи;Транзакция;25.05.2026;24.05.2026;100731;01;643;77451,51;643;Оплата от покупателя по счету DEMO-202605-002;Оплата товаров по счету DEMO-202605-002. НДС не облагается.;40702810999910000004;9901000004;990101004;ООО ДЕЛЬТА-ШОП;044500904;30101810999990000904;40802810999900000001;Договор DEMO-0004;990000000001;0;ИП ДЕМОНОВ АЛЕКСЕЙ ТЕСТОВИЧ;044500999;30101810999990000999;40702810999910000004;9901000004;ООО ДЕЛЬТА-ШОП;044500904;;АО ДЕМО БАНК;;;;
40802810999900000001;Кредит;Входящие платежи;Транзакция;25.05.2026;24.05.2026;100733;01;643;60993,68;643;Оплата от покупателя по счету DEMO-202605-004;Оплата товаров по счету DEMO-202605-004. НДС не облагается.;40702810999910000002;9901000003;990101002;ООО БЕТА-ТЕСТ;044500902;30101810999990000902;40802810999900000001;Договор DEMO-0002;990000000001;0;ИП ДЕМОНОВ АЛЕКСЕЙ ТЕСТОВИЧ;044500999;30101810999990000999;40702810999910000002;9901000003;ООО БЕТА-ТЕСТ;044500902;;АО ДЕМО БАНК;;;;
40802810999900000001;Кредит;Входящие платежи;Транзакция;25.05.2026;24.05.2026;100741;17;643;72961,86;643;Зачисление выручки ИНТЕРНЕТ-ЭКВАЙРИНГ по реестру 202605005;Перевод средств по реестру операций 202605005. Канал: ИНТЕРНЕТ-ЭКВАЙРИНГ. НДС не облагается.;30232810999900000001;9900000030;990001003;АО ДЕМО ЭКВАЙРИНГ;044500996;30101810999990000996;40802810999900000001;DEMO-ACQ-001;990000000001;0;ИП ДЕМОНОВ АЛЕКСЕЙ ТЕСТОВИЧ;044500999;30101810999990000999;30232810999900000001;9900000030;АО ДЕМО ЭКВАЙРИНГ;044500996;;АО ДЕМО ЭКВАЙРИНГ;;;;
40802810999900000001;Дебет;Платежи в налоговую;Транзакция;25.05.2026;25.05.2026;100761;01;643;59280,95;643;ЕНП. Налог по УСН;Единый налоговый платеж. УСН 6%. Период 05.2026.;40802810999900000001;990000000001;0;ИП ДЕМОНОВ АЛЕКСЕЙ ТЕСТОВИЧ;044500999;30101810999990000999;03100643999900000001;;9900000010;990001001;КАЗНАЧЕЙСТВО ДЕМО (ФНС ДЕМО);017000999;40102810999990000999;03100643999900000001;9900000010;КАЗНАЧЕЙСТВО ДЕМО (ФНС ДЕМО);017000999;;КАЗНАЧЕЙСТВО ДЕМО;18210501011011000110;ТП;МС.05.2026;0
40802810999900000001;Дебет;Услуги банка;Транзакция;27.05.2026;27.05.2026;100760;17;643;9929,22;643;Комиссия за интернет-эквайринг и СБП;Комиссия за обработку платежей по реестрам 05.2026.;40802810999900000001;990000000001;0;ИП ДЕМОНОВ АЛЕКСЕЙ ТЕСТОВИЧ;044500999;30101810999990000999;30232810999900000001;DEMO-ACQ-001;9900000030;990001003;АО ДЕМО ЭКВАЙРИНГ;044500996;30101810999990000996;30232810999900000001;9900000030;АО ДЕМО ЭКВАЙРИНГ;044500996;;АО ДЕМО ЭКВАЙРИНГ;;;;
40802810999900000001;Кредит;Входящие платежи;Транзакция;28.05.2026;28.05.2026;100762;17;643;2679,65;643;Проценты на остаток и бизнес-кэшбэк;Начисление процентов и кэшбэка за 05.2026.;47423810999900000001;9900000002;990001001;АО ДЕМО БАНК;044500999;30101810999990000999;40802810999900000001;DEMO-BANK-001;990000000001;0;ИП ДЕМОНОВ АЛЕКСЕЙ ТЕСТОВИЧ;044500999;30101810999990000999;47423810999900000001;9900000002;АО ДЕМО БАНК;044500999;;АО ДЕМО БАНК;;;;
40802810999900000001;Дебет;Исходящие платежи;Транзакция;02.06.2026;02.06.2026;100785;01;643;93000;643;Аренда помещения за 06.2026;Арендная плата по договору RENT-DEMO-001 за 06.2026.;40802810999900000001;990000000001;0;ИП ДЕМОНОВ АЛЕКСЕЙ ТЕСТОВИЧ;044500999;30101810999990000999;40702810999930000003;RENT-DEMO-001;9903000003;990301003;ООО БИЗНЕС-ЦЕНТР ДЕМО;044500923;30101810999990000923;40702810999930000003;9903000003;ООО БИЗНЕС-ЦЕНТР ДЕМО;044500923;;АО ДЕМО БАНК;;;;
40802810999900000001;Кредит;Входящие платежи;Транзакция;05.06.2026;05.06.2026;100765;01;643;129468,94;643;Оплата от покупателя по счету DEMO-202606-001;Оплата товаров по счету DEMO-202606-001. НДС не облагается.;40702810999910000004;9901000004;990101004;ООО ДЕЛЬТА-ШОП;044500904;30101810999990000904;40802810999900000001;Договор DEMO-0004;990000000001;0;ИП ДЕМОНОВ АЛЕКСЕЙ ТЕСТОВИЧ;044500999;30101810999990000999;40702810999910000004;9901000004;ООО ДЕЛЬТА-ШОП;044500904;;АО ДЕМО БАНК;;;;
40802810999900000001;Кредит;Входящие платежи;Транзакция;05.06.2026;05.06.2026;100773;17;643;105216,64;643;Зачисление выручки ИНТЕРНЕТ-ЭКВАЙРИНГ по реестру 202606005;Перевод средств по реестру операций 202606005. Канал: ИНТЕРНЕТ-ЭКВАЙРИНГ. НДС не облагается.;30232810999900000001;9900000030;990001003;АО ДЕМО ЭКВАЙРИНГ;044500996;30101810999990000996;40802810999900000001;DEMO-ACQ-001;990000000001;0;ИП ДЕМОНОВ АЛЕКСЕЙ ТЕСТОВИЧ;044500999;30101810999990000999;30232810999900000001;9900000030;АО ДЕМО ЭКВАЙРИНГ;044500996;;АО ДЕМО ЭКВАЙРИНГ;;;;
40802810999900000001;Дебет;Исходящие платежи;Транзакция;07.06.2026;07.06.2026;100787;01;643;8643;643;Подписка на программное обеспечение;Лицензии и облачные сервисы за 06.2026.;40802810999900000001;990000000001;0;ИП ДЕМОНОВ АЛЕКСЕЙ ТЕСТОВИЧ;044500999;30101810999990000999;40702810999930000005;SOFT-DEMO-001;9903000005;990301005;ООО СОФТ ДЕМО;044500925;30101810999990000925;40702810999930000005;9903000005;ООО СОФТ ДЕМО;044500925;;АО ДЕМО БАНК;;;;
40802810999900000001;Кредит;Входящие платежи;Транзакция;08.06.2026;06.06.2026;100774;17;643;97095,26;643;Зачисление выручки СБП по реестру 202606006;Перевод средств по реестру операций 202606006. Канал: СБП. НДС не облагается.;30232810999900000001;9900000030;990001003;АО ДЕМО ЭКВАЙРИНГ;044500996;30101810999990000996;40802810999900000001;DEMO-ACQ-001;990000000001;0;ИП ДЕМОНОВ АЛЕКСЕЙ ТЕСТОВИЧ;044500999;30101810999990000999;30232810999900000001;9900000030;АО ДЕМО ЭКВАЙРИНГ;044500996;;АО ДЕМО ЭКВАЙРИНГ;;;;
40802810999900000001;Дебет;Исходящие платежи;Транзакция;08.06.2026;08.06.2026;100781;01;643;33338;643;Маркетинг и реклама за 06.2026;"Рекламная кампания MEDIA-202606; продвижение и аналитика.";40802810999900000001;990000000001;0;ИП ДЕМОНОВ АЛЕКСЕЙ ТЕСТОВИЧ;044500999;30101810999990000999;40702810999930000002;DEMO-MEDIA-001;9903000002;990301002;ООО МЕДИА ТЕСТ;044500922;30101810999990000922;40702810999930000002;9903000002;ООО МЕДИА ТЕСТ;044500922;;АО ДЕМО БАНК;;;;
40802810999900000001;Дебет;Исходящие платежи;Транзакция;11.06.2026;11.06.2026;100776;01;643;196189,73;643;Оплата поставщику за партию сырья 2026-06-1;Оплата материалов и производства по счету SUP-202606-1. В том числе НДС 20%.;40802810999900000001;990000000001;0;ИП ДЕМОНОВ АЛЕКСЕЙ ТЕСТОВИЧ;044500999;30101810999990000999;40702810999920000002;DEMO-SUPPLY-001;9902000001;990201001;ООО ДЕМО СЫРЬЁ;044500911;30101810999990000912;40702810999920000002;9902000001;ООО ДЕМО СЫРЬЁ;044500911;;АО ДЕМО БАНК;;;;
40802810999900000001;Дебет;Исходящие платежи;Транзакция;11.06.2026;11.06.2026;100779;01;643;86298;643;Разработка продукта и тестовые образцы за 06.2026;Изготовление прототипов и тестовой партии по этапу DEV-202606.;40802810999900000001;990000000001;0;ИП ДЕМОНОВ АЛЕКСЕЙ ТЕСТОВИЧ;044500999;30101810999990000999;40702810999920000003;DEMO-RND-001;9902000003;990201003;ООО МАКЕТ-ЛАБ;044500913;30101810999990000913;40702810999920000003;9902000003;ООО МАКЕТ-ЛАБ;044500913;;АО ДЕМО БАНК;;;;
40802810999900000001;Дебет;Кредитование;Транзакция;12.06.2026;12.06.2026;100796;35;643;65000;643;Погашение основной суммы кредита;Погашение основного долга по договору LOAN-DEMO-001 за 06.2026.;40802810999900000001;990000000001;0;ИП ДЕМОНОВ АЛЕКСЕЙ ТЕСТОВИЧ;044500999;30101810999990000999;45207810999900000001;LOAN-DEMO-001;9900000020;990001002;АО ДЕМО КРЕДИТ;044500997;30101810999990000997;45207810999900000001;9900000020;АО ДЕМО КРЕДИТ;044500997;;АО ДЕМО КРЕДИТ;;;;
40802810999900000001;Дебет;Кредитование;Транзакция;12.06.2026;12.06.2026;100797;35;643;7040;643;Проценты по кредиту;Уплата процентов по договору LOAN-DEMO-001 за 06.2026.;40802810999900000001;990000000001;0;ИП ДЕМОНОВ АЛЕКСЕЙ ТЕСТОВИЧ;044500999;30101810999990000999;45207810999900000001;LOAN-DEMO-001;9900000020;990001002;АО ДЕМО КРЕДИТ;044500997;30101810999990000997;45207810999900000001;9900000020;АО ДЕМО КРЕДИТ;044500997;;АО ДЕМО КРЕДИТ;;;;
40802810999900000001;Дебет;Исходящие платежи;Транзакция;14.06.2026;14.06.2026;100780;01;643;24423;643;Логистика и доставка заказов за 06.2026;Транспортные услуги по реестру LOG-202606.;40802810999900000001;990000000001;0;ИП ДЕМОНОВ АЛЕКСЕЙ ТЕСТОВИЧ;044500999;30101810999990000999;40702810999930000001;DEMO-LOG-001;9903000001;990301001;ООО ДЕМО ЛОГИСТИКА;044500921;30101810999990000921;40702810999930000001;9903000001;ООО ДЕМО ЛОГИСТИКА;044500921;;АО ДЕМО БАНК;;;;
40802810999900000001;Кредит;Входящие платежи;Транзакция;15.06.2026;13.06.2026;100775;17;643;101071,3;643;Зачисление выручки ИНТЕРНЕТ-ЭКВАЙРИНГ по реестру 202606007;Перевод средств по реестру операций 202606007. Канал: ИНТЕРНЕТ-ЭКВАЙРИНГ. НДС не облагается.;30232810999900000001;9900000030;990001003;АО ДЕМО ЭКВАЙРИНГ;044500996;30101810999990000996;40802810999900000001;DEMO-ACQ-001;990000000001;0;ИП ДЕМОНОВ АЛЕКСЕЙ ТЕСТОВИЧ;044500999;30101810999990000999;30232810999900000001;9900000030;АО ДЕМО ЭКВАЙРИНГ;044500996;;АО ДЕМО ЭКВАЙРИНГ;;;;
40802810999900000001;Кредит;Входящие платежи;Транзакция;16.06.2026;16.06.2026;100766;01;643;100343,47;643;Оплата от покупателя по счету DEMO-202606-002;Оплата товаров по счету DEMO-202606-002. НДС не облагается.;40702810999910000001;9901000001;990101001;ООО АЛЬФА-ДЕМО;044500901;30101810999990000901;40802810999900000001;Договор DEMO-0001;990000000001;0;ИП ДЕМОНОВ АЛЕКСЕЙ ТЕСТОВИЧ;044500999;30101810999990000999;40702810999910000001;9901000001;ООО АЛЬФА-ДЕМО;044500901;;АО ДЕМО БАНК;;;;
40802810999900000001;Дебет;Исходящие платежи;Транзакция;16.06.2026;16.06.2026;100786;01;643;12972;643;Коммунальные расходы за 06.2026;Электроэнергия, связь и коммунальные услуги за 06.2026.;40802810999900000001;990000000001;0;ИП ДЕМОНОВ АЛЕКСЕЙ ТЕСТОВИЧ;044500999;30101810999990000999;40702810999930000005;UTIL-DEMO-001;9903000004;990301004;ООО ОБЛАКО ДЕМО;044500924;30101810999990000925;40702810999930000005;9903000004;ООО ОБЛАКО ДЕМО;044500924;;АО ДЕМО БАНК;;;;
40802810999900000001;Кредит;Входящие платежи;Транзакция;17.06.2026;17.06.2026;100770;17;643;78293,45;643;Зачисление выручки ИНТЕРНЕТ-ЭКВАЙРИНГ по реестру 202606002;Перевод средств по реестру операций 202606002. Канал: ИНТЕРНЕТ-ЭКВАЙРИНГ. НДС не облагается.;30232810999900000001;9900000030;990001003;АО ДЕМО ЭКВАЙРИНГ;044500996;30101810999990000996;40802810999900000001;DEMO-ACQ-001;990000000001;0;ИП ДЕМОНОВ АЛЕКСЕЙ ТЕСТОВИЧ;044500999;30101810999990000999;30232810999900000001;9900000030;АО ДЕМО ЭКВАЙРИНГ;044500996;;АО ДЕМО ЭКВАЙРИНГ;;;;
40802810999900000001;Дебет;Исходящие платежи;Транзакция;17.06.2026;17.06.2026;100777;01;643;137750,24;643;Оплата поставщику за партию сырья 2026-06-2;Оплата материалов и производства по счету SUP-202606-2. В том числе НДС 20%.;40802810999900000001;990000000001;0;ИП ДЕМОНОВ АЛЕКСЕЙ ТЕСТОВИЧ;044500999;30101810999990000999;40702810999920000002;DEMO-SUPPLY-001;9902000002;990201002;ООО ТЕСТ ПРОИЗВОДСТВО;044500912;30101810999990000912;40702810999920000002;9902000002;ООО ТЕСТ ПРОИЗВОДСТВО;044500912;;АО ДЕМО БАНК;;;;
40802810999900000001;Дебет;Оплата картой;Транзакция;18.06.2026;18.06.2026;;17;643;3012,29;643;Оплата корпоративной подписки DEMO CLOUD;Оплата по корпоративной карте: облачное программное обеспечение.;40802810999900000001;990000000001;0;ИП ДЕМОНОВ АЛЕКСЕЙ ТЕСТОВИЧ;044500999;30101810999990000999;40702810999930000005;;9903000005;990301005;ООО СОФТ ДЕМО;044500925;30101810999990000925;40702810999930000005;9903000005;ООО СОФТ ДЕМО;044500925;5734;АО ДЕМО БАНК;;;;
40802810999900000001;Кредит;Входящие платежи;Транзакция;18.06.2026;18.06.2026;100769;17;643;83127,82;643;Зачисление выручки ИНТЕРНЕТ-ЭКВАЙРИНГ по реестру 202606001;Перевод средств по реестру операций 202606001. Канал: ИНТЕРНЕТ-ЭКВАЙРИНГ. НДС не облагается.;30232810999900000001;9900000030;990001003;АО ДЕМО ЭКВАЙРИНГ;044500996;30101810999990000996;40802810999900000001;DEMO-ACQ-001;990000000001;0;ИП ДЕМОНОВ АЛЕКСЕЙ ТЕСТОВИЧ;044500999;30101810999990000999;30232810999900000001;9900000030;АО ДЕМО ЭКВАЙРИНГ;044500996;;АО ДЕМО ЭКВАЙРИНГ;;;;
40802810999900000001;Дебет;Исходящие платежи;Транзакция;19.06.2026;19.06.2026;100782;01;643;53447;643;Вознаграждение подрядчику за 06.2026;Оплата услуг подрядчика по акту HR-202606-1. НДС не облагается.;40802810999900000001;990000000001;0;ИП ДЕМОНОВ АЛЕКСЕЙ ТЕСТОВИЧ;044500999;30101810999990000999;40817810999940000001;DEMO-HR-001;990400000001;0;САМОЗАНЯТЫЙ ДЕМО СПЕЦИАЛИСТ 01;044500931;30101810999990000931;40817810999940000001;990400000001;САМОЗАНЯТЫЙ ДЕМО СПЕЦИАЛИСТ 01;044500931;;АО ДЕМО БАНК;;;;
40802810999900000001;Дебет;Исходящие платежи;Транзакция;20.06.2026;20.06.2026;100783;01;643;53039;643;Вознаграждение подрядчику за 06.2026;Оплата услуг подрядчика по акту HR-202606-2. НДС не облагается.;40802810999900000001;990000000001;0;ИП ДЕМОНОВ АЛЕКСЕЙ ТЕСТОВИЧ;044500999;30101810999990000999;40817810999940000002;DEMO-HR-002;990400000002;0;САМОЗАНЯТЫЙ ДЕМО СПЕЦИАЛИСТ 02;044500932;30101810999990000932;40817810999940000002;990400000002;САМОЗАНЯТЫЙ ДЕМО СПЕЦИАЛИСТ 02;044500932;;АО ДЕМО БАНК;;;;
40802810999900000001;Дебет;Услуги банка;Транзакция;20.06.2026;20.06.2026;100788;17;643;490;643;Плата за обслуживание счета;Плата за обслуживание расчетного счета за 06.2026. Договор DEMO-BANK-001.;40802810999900000001;990000000001;0;ИП ДЕМОНОВ АЛЕКСЕЙ ТЕСТОВИЧ;044500999;30101810999990000999;47423810999900000001;DEMO-BANK-001;9900000002;990001001;АО ДЕМО БАНК;044500999;30101810999990000999;47423810999900000001;9900000002;АО ДЕМО БАНК;044500999;;АО ДЕМО БАНК;;;;
40802810999900000001;Дебет;Услуги банка;Транзакция;20.06.2026;20.06.2026;100789;17;643;199;643;Плата за услугу оповещения об операциях;Плата за уведомления и SMS-банк за 06.2026.;40802810999900000001;990000000001;0;ИП ДЕМОНОВ АЛЕКСЕЙ ТЕСТОВИЧ;044500999;30101810999990000999;47423810999900000001;DEMO-BANK-001;9900000002;990001001;АО ДЕМО БАНК;044500999;30101810999990000999;47423810999900000001;9900000002;АО ДЕМО БАНК;044500999;;АО ДЕМО БАНК;;;;
40802810999900000001;Дебет;Исходящие платежи;Транзакция;21.06.2026;21.06.2026;100784;01;643;62021;643;Вознаграждение подрядчику за 06.2026;Оплата услуг подрядчика по акту HR-202606-3. НДС не облагается.;40802810999900000001;990000000001;0;ИП ДЕМОНОВ АЛЕКСЕЙ ТЕСТОВИЧ;044500999;30101810999990000999;40802810999940000003;DEMO-HR-003;990400000003;0;ИП ТЕСТОВА МАРИЯ ДЕМО;044500933;30101810999990000933;40802810999940000003;990400000003;ИП ТЕСТОВА МАРИЯ ДЕМО;044500933;;АО ДЕМО БАНК;;;;
40802810999900000001;Кредит;Входящие платежи;Транзакция;22.06.2026;22.06.2026;100768;01;643;131282,57;643;Оплата от покупателя по счету DEMO-202606-004;Оплата товаров по счету DEMO-202606-004. НДС не облагается.;40702810999910000004;9901000003;990101003;ООО ГАММА-МАРКЕТ;044500903;30101810999990000903;40802810999900000001;Договор DEMO-0003;990000000001;0;ИП ДЕМОНОВ АЛЕКСЕЙ ТЕСТОВИЧ;044500999;30101810999990000999;40702810999910000004;9901000003;ООО ГАММА-МАРКЕТ;044500903;;АО ДЕМО БАНК;;;;
40802810999900000001;Кредит;Возвраты от контрагентов;Транзакция;22.06.2026;22.06.2026;100794;01;643;15309;643;Возврат переплаты от поставщика;Возврат излишне перечисленных средств по акту сверки 2026-06.;40702810999920000002;9902000001;990201001;ООО ДЕМО СЫРЬЁ;044500911;30101810999990000912;40802810999900000001;DEMO-SUPPLY-001;990000000001;0;ИП ДЕМОНОВ АЛЕКСЕЙ ТЕСТОВИЧ;044500999;30101810999990000999;40702810999920000002;9902000001;ООО ДЕМО СЫРЬЁ;044500911;;АО ДЕМО БАНК;;;;
40802810999900000001;Дебет;Исходящие платежи;Транзакция;23.06.2026;23.06.2026;100778;01;643;83484,99;643;Оплата поставщику за партию сырья 2026-06-3;Оплата материалов и производства по счету SUP-202606-3. В том числе НДС 20%.;40802810999900000001;990000000001;0;ИП ДЕМОНОВ АЛЕКСЕЙ ТЕСТОВИЧ;044500999;30101810999990000999;40702810999920000002;DEMO-SUPPLY-001;9902000001;990201001;ООО ДЕМО СЫРЬЁ;044500911;30101810999990000912;40702810999920000002;9902000001;ООО ДЕМО СЫРЬЁ;044500911;;АО ДЕМО БАНК;;;;
40802810999900000001;Дебет;Оплата картой;Транзакция;24.06.2026;24.06.2026;;17;643;3329,12;643;Канцелярские и хозяйственные товары;Оплата по корпоративной карте: офисные и хозяйственные расходы.;40802810999900000001;990000000001;0;ИП ДЕМОНОВ АЛЕКСЕЙ ТЕСТОВИЧ;044500999;30101810999990000999;40702810999930000006;;9903000006;990301006;ООО ОФИС ДЕМО;044500926;30101810999990000926;40702810999930000006;9903000006;ООО ОФИС ДЕМО;044500926;5943;АО ДЕМО БАНК;;;;
40802810999900000001;Кредит;Входящие платежи;Транзакция;24.06.2026;24.06.2026;100771;17;643;79986,78;643;Зачисление выручки СБП по реестру 202606003;Перевод средств по реестру операций 202606003. Канал: СБП. НДС не облагается.;30232810999900000001;9900000030;990001003;АО ДЕМО ЭКВАЙРИНГ;044500996;30101810999990000996;40802810999900000001;DEMO-ACQ-001;990000000001;0;ИП ДЕМОНОВ АЛЕКСЕЙ ТЕСТОВИЧ;044500999;30101810999990000999;30232810999900000001;9900000030;АО ДЕМО ЭКВАЙРИНГ;044500996;;АО ДЕМО ЭКВАЙРИНГ;;;;
40802810999900000001;Кредит;Входящие платежи;Транзакция;25.06.2026;25.06.2026;100767;01;643;110942,3;643;Оплата от покупателя по счету DEMO-202606-003;Оплата товаров по счету DEMO-202606-003. НДС не облагается.;40702810999910000002;9901000003;990101002;ООО БЕТА-ТЕСТ;044500902;30101810999990000902;40802810999900000001;Договор DEMO-0002;990000000001;0;ИП ДЕМОНОВ АЛЕКСЕЙ ТЕСТОВИЧ;044500999;30101810999990000999;40702810999910000002;9901000003;ООО БЕТА-ТЕСТ;044500902;;АО ДЕМО БАНК;;;;
40802810999900000001;Кредит;Входящие платежи;Транзакция;25.06.2026;25.06.2026;100772;17;643;58223,24;643;Зачисление выручки ИНТЕРНЕТ-ЭКВАЙРИНГ по реестру 202606004;Перевод средств по реестру операций 202606004. Канал: ИНТЕРНЕТ-ЭКВАЙРИНГ. НДС не облагается.;30232810999900000001;9900000030;990001003;АО ДЕМО ЭКВАЙРИНГ;044500996;30101810999990000996;40802810999900000001;DEMO-ACQ-001;990000000001;0;ИП ДЕМОНОВ АЛЕКСЕЙ ТЕСТОВИЧ;044500999;30101810999990000999;30232810999900000001;9900000030;АО ДЕМО ЭКВАЙРИНГ;044500996;;АО ДЕМО ЭКВАЙРИНГ;;;;
40802810999900000001;Дебет;Платежи в налоговую;Транзакция;25.06.2026;25.06.2026;100791;01;643;64503,11;643;ЕНП. Налог по УСН;Единый налоговый платеж. УСН 6%. Период 06.2026.;40802810999900000001;990000000001;0;ИП ДЕМОНОВ АЛЕКСЕЙ ТЕСТОВИЧ;044500999;30101810999990000999;03100643999900000001;;9900000010;990001001;КАЗНАЧЕЙСТВО ДЕМО (ФНС ДЕМО);017000999;40102810999990000999;03100643999900000001;9900000010;КАЗНАЧЕЙСТВО ДЕМО (ФНС ДЕМО);017000999;;КАЗНАЧЕЙСТВО ДЕМО;18210501011011000110;ТП;МС.06.2026;0
40802810999900000001;Дебет;Платежи в налоговую;Транзакция;26.06.2026;26.06.2026;100792;01;643;41449;643;Страховые взносы за работников;Страховые взносы за квартал, окончание 06.2026.;40802810999900000001;990000000001;0;ИП ДЕМОНОВ АЛЕКСЕЙ ТЕСТОВИЧ;044500999;30101810999990000999;03100643999900000001;;9900000010;990001001;КАЗНАЧЕЙСТВО ДЕМО (ФНС ДЕМО);017000999;40102810999990000999;03100643999900000001;9900000010;КАЗНАЧЕЙСТВО ДЕМО (ФНС ДЕМО);017000999;;КАЗНАЧЕЙСТВО ДЕМО;18210202010061010160;ТП;КВ.02.2026;0
40802810999900000001;Дебет;Услуги банка;Транзакция;27.06.2026;27.06.2026;100790;17;643;11095,35;643;Комиссия за интернет-эквайринг и СБП;Комиссия за обработку платежей по реестрам 06.2026.;40802810999900000001;990000000001;0;ИП ДЕМОНОВ АЛЕКСЕЙ ТЕСТОВИЧ;044500999;30101810999990000999;30232810999900000001;DEMO-ACQ-001;9900000030;990001003;АО ДЕМО ЭКВАЙРИНГ;044500996;30101810999990000996;30232810999900000001;9900000030;АО ДЕМО ЭКВАЙРИНГ;044500996;;АО ДЕМО ЭКВАЙРИНГ;;;;
40802810999900000001;Кредит;Входящие платежи;Транзакция;28.06.2026;28.06.2026;100793;17;643;731,3;643;Проценты на остаток и бизнес-кэшбэк;Начисление процентов и кэшбэка за 06.2026.;47423810999900000001;9900000002;990001001;АО ДЕМО БАНК;044500999;30101810999990000999;40802810999900000001;DEMO-BANK-001;990000000001;0;ИП ДЕМОНОВ АЛЕКСЕЙ ТЕСТОВИЧ;044500999;30101810999990000999;47423810999900000001;9900000002;АО ДЕМО БАНК;044500999;;АО ДЕМО БАНК;;;;
40802810999900000001;Дебет;Исходящие платежи;Транзакция;29.06.2026;29.06.2026;100795;01;643;84184;643;Изъятие собственника;Перевод собственных средств предпринимателю. НДС не облагается.;40802810999900000001;990000000001;0;ИП ДЕМОНОВ АЛЕКСЕЙ ТЕСТОВИЧ;044500999;30101810999990000999;40817810999900000002;OWNER-DEMO;990000000001;0;ДЕМОНОВ АЛЕКСЕЙ ТЕСТОВИЧ;044500998;30101810999990000998;40817810999900000002;990000000001;ДЕМОНОВ АЛЕКСЕЙ ТЕСТОВИЧ;044500998;;АО ДЕМО БАНК;;;;
40802810999900000001;Кредит;Входящие платежи;Транзакция;02.07.2026;02.07.2026;100805;17;643;91859,65;643;Зачисление выручки ИНТЕРНЕТ-ЭКВАЙРИНГ по реестру 202607004;Перевод средств по реестру операций 202607004. Канал: ИНТЕРНЕТ-ЭКВАЙРИНГ. НДС не облагается.;30232810999900000001;9900000030;990001003;АО ДЕМО ЭКВАЙРИНГ;044500996;30101810999990000996;40802810999900000001;DEMO-ACQ-001;990000000001;0;ИП ДЕМОНОВ АЛЕКСЕЙ ТЕСТОВИЧ;044500999;30101810999990000999;30232810999900000001;9900000030;АО ДЕМО ЭКВАЙРИНГ;044500996;;АО ДЕМО ЭКВАЙРИНГ;;;;
40802810999900000001;Дебет;Исходящие платежи;Транзакция;02.07.2026;02.07.2026;100817;01;643;93000;643;Аренда помещения за 07.2026;Арендная плата по договору RENT-DEMO-001 за 07.2026.;40802810999900000001;990000000001;0;ИП ДЕМОНОВ АЛЕКСЕЙ ТЕСТОВИЧ;044500999;30101810999990000999;40702810999930000003;RENT-DEMO-001;9903000003;990301003;ООО БИЗНЕС-ЦЕНТР ДЕМО;044500923;30101810999990000923;40702810999930000003;9903000003;ООО БИЗНЕС-ЦЕНТР ДЕМО;044500923;;АО ДЕМО БАНК;;;;
40802810999900000001;Кредит;Входящие платежи;Транзакция;03.07.2026;03.07.2026;100800;01;643;124102,82;643;Оплата от покупателя по счету DEMO-202607-003;Оплата товаров по счету DEMO-202607-003. НДС не облагается.;40702810999910000004;9901000003;990101003;ООО ГАММА-МАРКЕТ;044500903;30101810999990000903;40802810999900000001;Договор DEMO-0003;990000000001;0;ИП ДЕМОНОВ АЛЕКСЕЙ ТЕСТОВИЧ;044500999;30101810999990000999;40702810999910000004;9901000003;ООО ГАММА-МАРКЕТ;044500903;;АО ДЕМО БАНК;;;;
40802810999900000001;Дебет;Исходящие платежи;Транзакция;07.07.2026;07.07.2026;100819;01;643;9684;643;Подписка на программное обеспечение;Лицензии и облачные сервисы за 07.2026.;40802810999900000001;990000000001;0;ИП ДЕМОНОВ АЛЕКСЕЙ ТЕСТОВИЧ;044500999;30101810999990000999;40702810999930000005;SOFT-DEMO-001;9903000005;990301005;ООО СОФТ ДЕМО;044500925;30101810999990000925;40702810999930000005;9903000005;ООО СОФТ ДЕМО;044500925;;АО ДЕМО БАНК;;;;
40802810999900000001;Кредит;Входящие платежи;Транзакция;08.07.2026;08.07.2026;100798;01;643;147518,2;643;Оплата от покупателя по счету DEMO-202607-001;Оплата товаров по счету DEMO-202607-001. НДС не облагается.;40702810999910000001;9901000001;990101001;ООО АЛЬФА-ДЕМО;044500901;30101810999990000901;40802810999900000001;Договор DEMO-0001;990000000001;0;ИП ДЕМОНОВ АЛЕКСЕЙ ТЕСТОВИЧ;044500999;30101810999990000999;40702810999910000001;9901000001;ООО АЛЬФА-ДЕМО;044500901;;АО ДЕМО БАНК;;;;
40802810999900000001;Дебет;Исходящие платежи;Транзакция;08.07.2026;08.07.2026;100813;01;643;23365;643;Маркетинг и реклама за 07.2026;"Рекламная кампания MEDIA-202607; продвижение и аналитика.";40802810999900000001;990000000001;0;ИП ДЕМОНОВ АЛЕКСЕЙ ТЕСТОВИЧ;044500999;30101810999990000999;40702810999930000002;DEMO-MEDIA-001;9903000002;990301002;ООО МЕДИА ТЕСТ;044500922;30101810999990000922;40702810999930000002;9903000002;ООО МЕДИА ТЕСТ;044500922;;АО ДЕМО БАНК;;;;
40802810999900000001;Кредит;Входящие платежи;Транзакция;09.07.2026;09.07.2026;100801;01;643;95544,72;643;Оплата от покупателя по счету DEMO-202607-004;Оплата товаров по счету DEMO-202607-004. НДС не облагается.;40702810999910000004;9901000004;990101004;ООО ДЕЛЬТА-ШОП;044500904;30101810999990000904;40802810999900000001;Договор DEMO-0004;990000000001;0;ИП ДЕМОНОВ АЛЕКСЕЙ ТЕСТОВИЧ;044500999;30101810999990000999;40702810999910000004;9901000004;ООО ДЕЛЬТА-ШОП;044500904;;АО ДЕМО БАНК;;;;
40802810999900000001;Кредит;Входящие платежи;Транзакция;10.07.2026;10.07.2026;100807;17;643;107792,66;643;Зачисление выручки СБП по реестру 202607006;Перевод средств по реестру операций 202607006. Канал: СБП. НДС не облагается.;30232810999900000001;9900000030;990001003;АО ДЕМО ЭКВАЙРИНГ;044500996;30101810999990000996;40802810999900000001;DEMO-ACQ-001;990000000001;0;ИП ДЕМОНОВ АЛЕКСЕЙ ТЕСТОВИЧ;044500999;30101810999990000999;30232810999900000001;9900000030;АО ДЕМО ЭКВАЙРИНГ;044500996;;АО ДЕМО ЭКВАЙРИНГ;;;;
40802810999900000001;Дебет;Исходящие платежи;Транзакция;11.07.2026;11.07.2026;100808;01;643;147815,31;643;Оплата поставщику за партию сырья 2026-07-1;Оплата материалов и производства по счету SUP-202607-1. В том числе НДС 20%.;40802810999900000001;990000000001;0;ИП ДЕМОНОВ АЛЕКСЕЙ ТЕСТОВИЧ;044500999;30101810999990000999;40702810999920000002;DEMO-SUPPLY-001;9902000001;990201001;ООО ДЕМО СЫРЬЁ;044500911;30101810999990000912;40702810999920000002;9902000001;ООО ДЕМО СЫРЬЁ;044500911;;АО ДЕМО БАНК;;;;
40802810999900000001;Дебет;Исходящие платежи;Транзакция;11.07.2026;11.07.2026;100811;01;643;33140;643;Разработка продукта и тестовые образцы за 07.2026;Изготовление прототипов и тестовой партии по этапу DEV-202607.;40802810999900000001;990000000001;0;ИП ДЕМОНОВ АЛЕКСЕЙ ТЕСТОВИЧ;044500999;30101810999990000999;40702810999920000003;DEMO-RND-001;9902000003;990201003;ООО МАКЕТ-ЛАБ;044500913;30101810999990000913;40702810999920000003;9902000003;ООО МАКЕТ-ЛАБ;044500913;;АО ДЕМО БАНК;;;;
40802810999900000001;Дебет;Кредитование;Транзакция;12.07.2026;12.07.2026;100826;35;643;65000;643;Погашение основной суммы кредита;Погашение основного долга по договору LOAN-DEMO-001 за 07.2026.;40802810999900000001;990000000001;0;ИП ДЕМОНОВ АЛЕКСЕЙ ТЕСТОВИЧ;044500999;30101810999990000999;45207810999900000001;LOAN-DEMO-001;9900000020;990001002;АО ДЕМО КРЕДИТ;044500997;30101810999990000997;45207810999900000001;9900000020;АО ДЕМО КРЕДИТ;044500997;;АО ДЕМО КРЕДИТ;;;;
40802810999900000001;Дебет;Кредитование;Транзакция;12.07.2026;12.07.2026;100827;35;643;6610;643;Проценты по кредиту;Уплата процентов по договору LOAN-DEMO-001 за 07.2026.;40802810999900000001;990000000001;0;ИП ДЕМОНОВ АЛЕКСЕЙ ТЕСТОВИЧ;044500999;30101810999990000999;45207810999900000001;LOAN-DEMO-001;9900000020;990001002;АО ДЕМО КРЕДИТ;044500997;30101810999990000997;45207810999900000001;9900000020;АО ДЕМО КРЕДИТ;044500997;;АО ДЕМО КРЕДИТ;;;;
40802810999900000001;Кредит;Входящие платежи;Транзакция;13.07.2026;11.07.2026;100804;17;643;95048,77;643;Зачисление выручки СБП по реестру 202607003;Перевод средств по реестру операций 202607003. Канал: СБП. НДС не облагается.;30232810999900000001;9900000030;990001003;АО ДЕМО ЭКВАЙРИНГ;044500996;30101810999990000996;40802810999900000001;DEMO-ACQ-001;990000000001;0;ИП ДЕМОНОВ АЛЕКСЕЙ ТЕСТОВИЧ;044500999;30101810999990000999;30232810999900000001;9900000030;АО ДЕМО ЭКВАЙРИНГ;044500996;;АО ДЕМО ЭКВАЙРИНГ;;;;
40802810999900000001;Дебет;Исходящие платежи;Транзакция;14.07.2026;14.07.2026;100812;01;643;19987;643;Логистика и доставка заказов за 07.2026;Транспортные услуги по реестру LOG-202607.;40802810999900000001;990000000001;0;ИП ДЕМОНОВ АЛЕКСЕЙ ТЕСТОВИЧ;044500999;30101810999990000999;40702810999930000001;DEMO-LOG-001;9903000001;990301001;ООО ДЕМО ЛОГИСТИКА;044500921;30101810999990000921;40702810999930000001;9903000001;ООО ДЕМО ЛОГИСТИКА;044500921;;АО ДЕМО БАНК;;;;
40802810999900000001;Кредит;Входящие платежи;Транзакция;16.07.2026;16.07.2026;100802;17;643;55286,11;643;Зачисление выручки ИНТЕРНЕТ-ЭКВАЙРИНГ по реестру 202607001;Перевод средств по реестру операций 202607001. Канал: ИНТЕРНЕТ-ЭКВАЙРИНГ. НДС не облагается.;30232810999900000001;9900000030;990001003;АО ДЕМО ЭКВАЙРИНГ;044500996;30101810999990000996;40802810999900000001;DEMO-ACQ-001;990000000001;0;ИП ДЕМОНОВ АЛЕКСЕЙ ТЕСТОВИЧ;044500999;30101810999990000999;30232810999900000001;9900000030;АО ДЕМО ЭКВАЙРИНГ;044500996;;АО ДЕМО ЭКВАЙРИНГ;;;;
40802810999900000001;Дебет;Исходящие платежи;Транзакция;16.07.2026;16.07.2026;100818;01;643;11802;643;Коммунальные расходы за 07.2026;Электроэнергия, связь и коммунальные услуги за 07.2026.;40802810999900000001;990000000001;0;ИП ДЕМОНОВ АЛЕКСЕЙ ТЕСТОВИЧ;044500999;30101810999990000999;40702810999930000005;UTIL-DEMO-001;9903000004;990301004;ООО ОБЛАКО ДЕМО;044500924;30101810999990000925;40702810999930000005;9903000004;ООО ОБЛАКО ДЕМО;044500924;;АО ДЕМО БАНК;;;;
40802810999900000001;Дебет;Оплата картой;Транзакция;17.07.2026;17.07.2026;;17;643;2346,15;643;Оплата корпоративной подписки DEMO CLOUD;Оплата по корпоративной карте: облачное программное обеспечение.;40802810999900000001;990000000001;0;ИП ДЕМОНОВ АЛЕКСЕЙ ТЕСТОВИЧ;044500999;30101810999990000999;40702810999930000005;;9903000005;990301005;ООО СОФТ ДЕМО;044500925;30101810999990000925;40702810999930000005;9903000005;ООО СОФТ ДЕМО;044500925;5734;АО ДЕМО БАНК;;;;
40802810999900000001;Дебет;Исходящие платежи;Транзакция;17.07.2026;17.07.2026;100809;01;643;103785,22;643;Оплата поставщику за партию сырья 2026-07-2;Оплата материалов и производства по счету SUP-202607-2. В том числе НДС 20%.;40802810999900000001;990000000001;0;ИП ДЕМОНОВ АЛЕКСЕЙ ТЕСТОВИЧ;044500999;30101810999990000999;40702810999920000002;DEMO-SUPPLY-001;9902000002;990201002;ООО ТЕСТ ПРОИЗВОДСТВО;044500912;30101810999990000912;40702810999920000002;9902000002;ООО ТЕСТ ПРОИЗВОДСТВО;044500912;;АО ДЕМО БАНК;;;;
40802810999900000001;Дебет;Исходящие платежи;Транзакция;19.07.2026;19.07.2026;100814;01;643;64014;643;Вознаграждение подрядчику за 07.2026;Оплата услуг подрядчика по акту HR-202607-1. НДС не облагается.;40802810999900000001;990000000001;0;ИП ДЕМОНОВ АЛЕКСЕЙ ТЕСТОВИЧ;044500999;30101810999990000999;40817810999940000001;DEMO-HR-001;990400000001;0;САМОЗАНЯТЫЙ ДЕМО СПЕЦИАЛИСТ 01;044500931;30101810999990000931;40817810999940000001;990400000001;САМОЗАНЯТЫЙ ДЕМО СПЕЦИАЛИСТ 01;044500931;;АО ДЕМО БАНК;;;;
40802810999900000001;Кредит;Входящие платежи;Транзакция;20.07.2026;19.07.2026;100803;17;643;107102,19;643;Зачисление выручки ИНТЕРНЕТ-ЭКВАЙРИНГ по реестру 202607002;Перевод средств по реестру операций 202607002. Канал: ИНТЕРНЕТ-ЭКВАЙРИНГ. НДС не облагается.;30232810999900000001;9900000030;990001003;АО ДЕМО ЭКВАЙРИНГ;044500996;30101810999990000996;40802810999900000001;DEMO-ACQ-001;990000000001;0;ИП ДЕМОНОВ АЛЕКСЕЙ ТЕСТОВИЧ;044500999;30101810999990000999;30232810999900000001;9900000030;АО ДЕМО ЭКВАЙРИНГ;044500996;;АО ДЕМО ЭКВАЙРИНГ;;;;
40802810999900000001;Кредит;Входящие платежи;Транзакция;20.07.2026;20.07.2026;100799;01;643;123304,98;643;Оплата от покупателя по счету DEMO-202607-002;Оплата товаров по счету DEMO-202607-002. НДС не облагается.;40702810999910000002;9901000003;990101002;ООО БЕТА-ТЕСТ;044500902;30101810999990000902;40802810999900000001;Договор DEMO-0002;990000000001;0;ИП ДЕМОНОВ АЛЕКСЕЙ ТЕСТОВИЧ;044500999;30101810999990000999;40702810999910000002;9901000003;ООО БЕТА-ТЕСТ;044500902;;АО ДЕМО БАНК;;;;
40802810999900000001;Дебет;Исходящие платежи;Транзакция;20.07.2026;20.07.2026;100815;01;643;51696;643;Вознаграждение подрядчику за 07.2026;Оплата услуг подрядчика по акту HR-202607-2. НДС не облагается.;40802810999900000001;990000000001;0;ИП ДЕМОНОВ АЛЕКСЕЙ ТЕСТОВИЧ;044500999;30101810999990000999;40817810999940000002;DEMO-HR-002;990400000002;0;САМОЗАНЯТЫЙ ДЕМО СПЕЦИАЛИСТ 02;044500932;30101810999990000932;40817810999940000002;990400000002;САМОЗАНЯТЫЙ ДЕМО СПЕЦИАЛИСТ 02;044500932;;АО ДЕМО БАНК;;;;
40802810999900000001;Дебет;Услуги банка;Транзакция;20.07.2026;20.07.2026;100820;17;643;490;643;Плата за обслуживание счета;Плата за обслуживание расчетного счета за 07.2026. Договор DEMO-BANK-001.;40802810999900000001;990000000001;0;ИП ДЕМОНОВ АЛЕКСЕЙ ТЕСТОВИЧ;044500999;30101810999990000999;47423810999900000001;DEMO-BANK-001;9900000002;990001001;АО ДЕМО БАНК;044500999;30101810999990000999;47423810999900000001;9900000002;АО ДЕМО БАНК;044500999;;АО ДЕМО БАНК;;;;
40802810999900000001;Дебет;Услуги банка;Транзакция;20.07.2026;20.07.2026;100821;17;643;199;643;Плата за услугу оповещения об операциях;Плата за уведомления и SMS-банк за 07.2026.;40802810999900000001;990000000001;0;ИП ДЕМОНОВ АЛЕКСЕЙ ТЕСТОВИЧ;044500999;30101810999990000999;47423810999900000001;DEMO-BANK-001;9900000002;990001001;АО ДЕМО БАНК;044500999;30101810999990000999;47423810999900000001;9900000002;АО ДЕМО БАНК;044500999;;АО ДЕМО БАНК;;;;
40802810999900000001;Дебет;Исходящие платежи;Транзакция;21.07.2026;21.07.2026;100816;01;643;62817;643;Вознаграждение подрядчику за 07.2026;Оплата услуг подрядчика по акту HR-202607-3. НДС не облагается.;40802810999900000001;990000000001;0;ИП ДЕМОНОВ АЛЕКСЕЙ ТЕСТОВИЧ;044500999;30101810999990000999;40802810999940000003;DEMO-HR-003;990400000003;0;ИП ТЕСТОВА МАРИЯ ДЕМО;044500933;30101810999990000933;40802810999940000003;990400000003;ИП ТЕСТОВА МАРИЯ ДЕМО;044500933;;АО ДЕМО БАНК;;;;
40802810999900000001;Дебет;Возвраты контрагентам;Транзакция;21.07.2026;21.07.2026;100825;17;643;14196,13;643;Возврат денежных средств покупателю;Возврат покупателю по реестру REFUND-202607.;40802810999900000001;990000000001;0;ИП ДЕМОНОВ АЛЕКСЕЙ ТЕСТОВИЧ;044500999;30101810999990000999;30232810999900000001;DEMO-ACQ-001;9900000030;990001003;АО ДЕМО ЭКВАЙРИНГ;044500996;30101810999990000996;30232810999900000001;9900000030;АО ДЕМО ЭКВАЙРИНГ;044500996;;АО ДЕМО ЭКВАЙРИНГ;;;;
40802810999900000001;Дебет;Оплата картой;Транзакция;22.07.2026;22.07.2026;;17;643;3605,43;643;Канцелярские и хозяйственные товары;Оплата по корпоративной карте: офисные и хозяйственные расходы.;40802810999900000001;990000000001;0;ИП ДЕМОНОВ АЛЕКСЕЙ ТЕСТОВИЧ;044500999;30101810999990000999;40702810999930000006;;9903000006;990301006;ООО ОФИС ДЕМО;044500926;30101810999990000926;40702810999930000006;9903000006;ООО ОФИС ДЕМО;044500926;5943;АО ДЕМО БАНК;;;;
40802810999900000001;Дебет;Исходящие платежи;Транзакция;23.07.2026;23.07.2026;100810;01;643;62900,13;643;Оплата поставщику за партию сырья 2026-07-3;Оплата материалов и производства по счету SUP-202607-3. В том числе НДС 20%.;40802810999900000001;990000000001;0;ИП ДЕМОНОВ АЛЕКСЕЙ ТЕСТОВИЧ;044500999;30101810999990000999;40702810999920000002;DEMO-SUPPLY-001;9902000001;990201001;ООО ДЕМО СЫРЬЁ;044500911;30101810999990000912;40702810999920000002;9902000001;ООО ДЕМО СЫРЬЁ;044500911;;АО ДЕМО БАНК;;;;
40802810999900000001;Дебет;Платежи в налоговую;Транзакция;25.07.2026;25.07.2026;100823;01;643;59487,38;643;ЕНП. Налог по УСН;Единый налоговый платеж. УСН 6%. Период 07.2026.;40802810999900000001;990000000001;0;ИП ДЕМОНОВ АЛЕКСЕЙ ТЕСТОВИЧ;044500999;30101810999990000999;03100643999900000001;;9900000010;990001001;КАЗНАЧЕЙСТВО ДЕМО (ФНС ДЕМО);017000999;40102810999990000999;03100643999900000001;9900000010;КАЗНАЧЕЙСТВО ДЕМО (ФНС ДЕМО);017000999;;КАЗНАЧЕЙСТВО ДЕМО;18210501011011000110;ТП;МС.07.2026;0
40802810999900000001;Кредит;Входящие платежи;Транзакция;27.07.2026;27.07.2026;100806;17;643;43896,26;643;Зачисление выручки ИНТЕРНЕТ-ЭКВАЙРИНГ по реестру 202607005;Перевод средств по реестру операций 202607005. Канал: ИНТЕРНЕТ-ЭКВАЙРИНГ. НДС не облагается.;30232810999900000001;9900000030;990001003;АО ДЕМО ЭКВАЙРИНГ;044500996;30101810999990000996;40802810999900000001;DEMO-ACQ-001;990000000001;0;ИП ДЕМОНОВ АЛЕКСЕЙ ТЕСТОВИЧ;044500999;30101810999990000999;30232810999900000001;9900000030;АО ДЕМО ЭКВАЙРИНГ;044500996;;АО ДЕМО ЭКВАЙРИНГ;;;;
40802810999900000001;Дебет;Услуги банка;Транзакция;27.07.2026;27.07.2026;100822;17;643;10605,54;643;Комиссия за интернет-эквайринг и СБП;Комиссия за обработку платежей по реестрам 07.2026.;40802810999900000001;990000000001;0;ИП ДЕМОНОВ АЛЕКСЕЙ ТЕСТОВИЧ;044500999;30101810999990000999;30232810999900000001;DEMO-ACQ-001;9900000030;990001003;АО ДЕМО ЭКВАЙРИНГ;044500996;30101810999990000996;30232810999900000001;9900000030;АО ДЕМО ЭКВАЙРИНГ;044500996;;АО ДЕМО ЭКВАЙРИНГ;;;;
40802810999900000001;Кредит;Входящие платежи;Транзакция;28.07.2026;28.07.2026;100824;17;643;1379,66;643;Проценты на остаток и бизнес-кэшбэк;Начисление процентов и кэшбэка за 07.2026.;47423810999900000001;9900000002;990001001;АО ДЕМО БАНК;044500999;30101810999990000999;40802810999900000001;DEMO-BANK-001;990000000001;0;ИП ДЕМОНОВ АЛЕКСЕЙ ТЕСТОВИЧ;044500999;30101810999990000999;47423810999900000001;9900000002;АО ДЕМО БАНК;044500999;;АО ДЕМО БАНК;;;;
40802810999900000001;Дебет;Исходящие платежи;Транзакция;31.07.2026;31.07.2026;100829;01;643;14750,5;643;Закрывающие операционные расходы периода;Закрывающие услуги за июль 2026 года по акту DEMO-END.;40802810999900000001;990000000001;0;ИП ДЕМОНОВ АЛЕКСЕЙ ТЕСТОВИЧ;044500999;30101810999990000999;40702810999950000001;DEMO-END;9905000001;990501001;ООО ПРОЧИЕ УСЛУГИ ДЕМО;044500941;30101810999990000941;40702810999950000001;9905000001;ООО ПРОЧИЕ УСЛУГИ ДЕМО;044500941;;АО ДЕМО БАНК;;;;
